{"level":"info","message":"⌛ Building environment","timeElapsed":852,"timestamp":"2026-09-23T11:27:49.625Z"}
{"level":"info","message":"⌛ Building environment","timeElapsed":630,"timestamp":"2026-09-23T11:27:50.316Z"}
{"level":"info","message":"⌛ Validating codigo.wlk","timeElapsed":813,"timestamp":"2026-09-23T11:27:51.148Z"}
{"level":"info","message":"⌛ Building environment","timeElapsed":282,"timestamp":"2026-09-23T11:27:51.438Z"}
{"level":"info","message":"⌛ Validating codigo.wlk","timeElapsed":600,"timestamp":"2026-09-23T11:27:52.070Z"}
{"level":"info","message":"⌛ Building environment","timeElapsed":441,"timestamp":"2026-09-23T11:28:09.348Z"}
{"level":"info","message":"⌛ Validating juegoRaton.wpgm","timeElapsed":536,"timestamp":"2026-09-23T11:28:09.909Z"}
{"level":"info","message":"⌛ Building environment","timeElapsed":758,"timestamp":"2026-09-23T11:28:27.674Z"}
{"level":"info","message":"⌛ Building environment","timeElapsed":605,"timestamp":"2026-09-23T11:28:28.296Z"}
{"level":"info","message":"⌛ Building environment","timeElapsed":207,"timestamp":"2026-09-23T11:28:28.509Z"}
{"level":"info","message":"⌛ Validating codigoRaton.wlk","timeElapsed":373,"timestamp":"2026-09-23T11:28:28.908Z"}
{"level":"info","message":"Removing diagnostics from /c:/Users/sotoj/OneDrive/Desktop/RataThief/codigo.wlk","timestamp":"2026-09-23T11:28:28.912Z"}
{"level":"info","message":"⌛ Building environment","timeElapsed":477,"timestamp":"2026-09-23T11:31:52.116Z"}
{"level":"info","message":"⌛ Autocomplete - Package","timeElapsed":248,"timestamp":"2026-09-23T11:31:52.465Z"}
{"level":"info","message":"⌛ Building environment","timeElapsed":434,"timestamp":"2026-09-23T11:31:52.919Z"}
{"level":"info","message":"⌛ Building environment","timeElapsed":298,"timestamp":"2026-09-23T11:31:53.230Z"}
{"level":"info","message":"⌛ Validating codigoRaton.wlk","timeElapsed":507,"timestamp":"2026-09-23T11:31:53.748Z"}
{"level":"info","message":"⌛ Building environment","timeElapsed":296,"timestamp":"2026-09-23T11:31:54.073Z"}
{"level":"info","message":"⌛ Building environment","timeElapsed":196,"timestamp":"2026-09-23T11:31:54.280Z"}
{"level":"info","message":"⌛ Building environment","timeElapsed":148,"timestamp":"2026-09-23T11:31:54.431Z"}
{"level":"info","message":"⌛ Validating codigoRaton.wlk","timeElapsed":247,"timestamp":"2026-09-23T11:31:54.694Z"}
{"level":"info","message":"⌛ Validating codigoRaton.wlk","timeElapsed":314,"timestamp":"2026-09-23T11:31:55.011Z"}
{"level":"info","message":"⌛ Building environment","timeElapsed":182,"timestamp":"2026-09-23T11:31:55.193Z"}
{"level":"info","message":"⌛ Validating codigoRaton.wlk","timeElapsed":294,"timestamp":"2026-09-23T11:31:55.608Z"}
{"level":"info","message":"⌛ Validating codigoRaton.wlk","timeElapsed":243,"timestamp":"2026-09-23T11:31:55.852Z"}
{"level":"info","message":"⌛ Validating codigoRaton.wlk","timeElapsed":238,"timestamp":"2026-09-23T11:31:56.091Z"}
{"level":"info","message":"⌛ Validating codigoRaton.wlk","timeElapsed":244,"timestamp":"2026-09-23T11:31:56.348Z"}
{"level":"info","message":"⌛ Building environment","timeElapsed":355,"timestamp":"2026-09-23T11:31:57.051Z"}
{"level":"info","message":"⌛ Building environment","timeElapsed":309,"timestamp":"2026-09-23T11:31:57.363Z"}
{"level":"info","message":"⌛ Building environment","timeElapsed":219,"timestamp":"2026-09-23T11:31:57.586Z"}
{"level":"info","message":"⌛ Building environment","timeElapsed":176,"timestamp":"2026-09-23T11:31:57.831Z"}
{"level":"info","message":"⌛ Validating codigoRaton.wlk","timeElapsed":439,"timestamp":"2026-09-23T11:31:58.323Z"}
{"level":"info","message":"⌛ Building environment","timeElapsed":236,"timestamp":"2026-09-23T11:31:58.657Z"}
{"level":"info","message":"⌛ Validating codigoRaton.wlk","timeElapsed":591,"timestamp":"2026-09-23T11:31:59.251Z"}
{"level":"info","message":"⌛ Validating codigoRaton.wlk","timeElapsed":235,"timestamp":"2026-09-23T11:31:59.500Z"}
{"level":"info","message":"⌛ Validating codigoRaton.wlk","timeElapsed":212,"timestamp":"2026-09-23T11:31:59.717Z"}
{"level":"info","message":"⌛ Building environment","timeElapsed":169,"timestamp":"2026-09-23T11:31:59.888Z"}
{"level":"info","message":"⌛ Building environment","timeElapsed":198,"timestamp":"2026-09-23T11:32:00.093Z"}
{"level":"info","message":"⌛ Validating codigoRaton.wlk","timeElapsed":301,"timestamp":"2026-09-23T11:32:00.454Z"}
{"level":"info","message":"⌛ Building environment","timeElapsed":198,"timestamp":"2026-09-23T11:32:00.660Z"}
{"level":"info","message":"⌛ Validating codigoRaton.wlk","timeElapsed":295,"timestamp":"2026-09-23T11:32:00.975Z"}
{"level":"info","message":"⌛ Validating codigoRaton.wlk","timeElapsed":268,"timestamp":"2026-09-23T11:32:01.245Z"}
{"level":"info","message":"⌛ Validating codigoRaton.wlk","timeElapsed":253,"timestamp":"2026-09-23T11:32:01.499Z"}
{"level":"info","message":"⌛ Building environment","timeElapsed":176,"timestamp":"2026-09-23T11:32:04.163Z"}
{"level":"info","message":"⌛ Autocomplete - Singleton","timeElapsed":109,"timestamp":"2026-09-23T11:32:04.308Z"}
{"level":"info","message":"⌛ Building environment","timeElapsed":277,"timestamp":"2026-09-23T11:32:04.589Z"}
{"level":"info","message":"⌛ Validating codigoRaton.wlk","timeElapsed":562,"timestamp":"2026-09-23T11:32:05.154Z"}
{"level":"info","message":"⌛ Building environment","timeElapsed":328,"timestamp":"2026-09-23T11:32:05.484Z"}
{"level":"info","message":"⌛ Building environment","timeElapsed":246,"timestamp":"2026-09-23T11:32:05.732Z"}
{"level":"info","message":"⌛ Validating codigoRaton.wlk","timeElapsed":459,"timestamp":"2026-09-23T11:32:06.199Z"}
{"level":"info","message":"⌛ Building environment","timeElapsed":268,"timestamp":"2026-09-23T11:32:06.630Z"}
{"level":"info","message":"⌛ Building environment","timeElapsed":152,"timestamp":"2026-09-23T11:32:06.846Z"}
{"level":"info","message":"⌛ Building environment","timeElapsed":125,"timestamp":"2026-09-23T11:32:07.006Z"}
{"level":"info","message":"⌛ Validating codigoRaton.wlk","timeElapsed":276,"timestamp":"2026-09-23T11:32:07.285Z"}
{"level":"info","message":"⌛ Building environment","timeElapsed":300,"timestamp":"2026-09-23T11:32:07.606Z"}
{"level":"info","message":"⌛ Validating codigoRaton.wlk","timeElapsed":226,"timestamp":"2026-09-23T11:32:07.863Z"}
{"level":"info","message":"⌛ Building environment","timeElapsed":260,"timestamp":"2026-09-23T11:32:08.126Z"}
{"level":"info","message":"⌛ Building environment","timeElapsed":153,"timestamp":"2026-09-23T11:32:08.375Z"}
{"level":"info","message":"⌛ Building environment","timeElapsed":197,"timestamp":"2026-09-23T11:32:08.575Z"}
{"level":"info","message":"⌛ Building environment","timeElapsed":136,"timestamp":"2026-09-23T11:32:08.714Z"}
{"level":"info","message":"⌛ Building environment","timeElapsed":410,"timestamp":"2026-09-23T11:32:09.126Z"}
{"level":"info","message":"⌛ Building environment","timeElapsed":891,"timestamp":"2026-09-23T11:32:10.038Z"}
{"level":"info","message":"⌛ Validating codigoRaton.wlk","timeElapsed":263,"timestamp":"2026-09-23T11:32:10.303Z"}
{"level":"info","message":"⌛ Validating codigoRaton.wlk","timeElapsed":251,"timestamp":"2026-09-23T11:32:10.556Z"}
{"level":"info","message":"⌛ Validating codigoRaton.wlk","timeElapsed":276,"timestamp":"2026-09-23T11:32:10.841Z"}
{"level":"info","message":"⌛ Validating codigoRaton.wlk","timeElapsed":250,"timestamp":"2026-09-23T11:32:11.094Z"}
{"level":"info","message":"⌛ Building environment","timeElapsed":175,"timestamp":"2026-09-23T11:32:11.277Z"}
{"level":"info","message":"⌛ Building environment","timeElapsed":177,"timestamp":"2026-09-23T11:32:11.495Z"}
{"level":"info","message":"⌛ Validating codigoRaton.wlk","timeElapsed":258,"timestamp":"2026-09-23T11:32:11.757Z"}
{"level":"info","message":"⌛ Validating codigoRaton.wlk","timeElapsed":269,"timestamp":"2026-09-23T11:32:12.050Z"}
{"level":"info","message":"⌛ Validating codigoRaton.wlk","timeElapsed":305,"timestamp":"2026-09-23T11:32:12.383Z"}
{"level":"info","message":"⌛ Validating codigoRaton.wlk","timeElapsed":237,"timestamp":"2026-09-23T11:32:12.623Z"}
{"level":"info","message":"⌛ Validating codigoRaton.wlk","timeElapsed":242,"timestamp":"2026-09-23T11:32:12.875Z"}
{"level":"info","message":"⌛ Building environment","timeElapsed":286,"timestamp":"2026-09-23T11:32:13.163Z"}
{"level":"info","message":"⌛ Building environment","timeElapsed":154,"timestamp":"2026-09-23T11:32:13.321Z"}
{"level":"info","message":"⌛ Validating codigoRaton.wlk","timeElapsed":289,"timestamp":"2026-09-23T11:32:13.625Z"}
{"level":"info","message":"⌛ Building environment","timeElapsed":163,"timestamp":"2026-09-23T11:32:13.808Z"}
{"level":"info","message":"⌛ Validating codigoRaton.wlk","timeElapsed":210,"timestamp":"2026-09-23T11:32:14.021Z"}
{"level":"info","message":"⌛ Validating codigoRaton.wlk","timeElapsed":201,"timestamp":"2026-09-23T11:32:14.223Z"}
{"level":"info","message":"⌛ Validating codigoRaton.wlk","timeElapsed":216,"timestamp":"2026-09-23T11:32:14.454Z"}
{"level":"info","message":"⌛ Validating codigoRaton.wlk","timeElapsed":178,"timestamp":"2026-09-23T11:32:14.636Z"}
{"level":"info","message":"⌛ Validating codigoRaton.wlk","timeElapsed":224,"timestamp":"2026-09-23T11:32:14.863Z"}
{"level":"info","message":"⌛ Building environment","timeElapsed":358,"timestamp":"2026-09-23T11:32:21.792Z"}
{"level":"info","message":"⌛ Validating codigoRaton.wlk","timeElapsed":220,"timestamp":"2026-09-23T11:32:22.119Z"}
{"level":"info","message":"⌛ Building environment","timeElapsed":423,"timestamp":"2026-09-23T11:33:16.783Z"}
{"level":"info","message":"⌛ Building environment","timeElapsed":305,"timestamp":"2026-09-23T11:33:17.104Z"}
{"level":"info","message":"⌛ Autocomplete - Package","timeElapsed":144,"timestamp":"2026-09-23T11:33:17.253Z"}
{"level":"info","message":"⌛ Building environment","timeElapsed":186,"timestamp":"2026-09-23T11:33:17.441Z"}
{"level":"info","message":"⌛ Validating juegoRaton.wpgm","timeElapsed":824,"timestamp":"2026-09-23T11:33:18.269Z"}
{"level":"info","message":"⌛ Building environment","timeElapsed":201,"timestamp":"2026-09-23T11:33:18.628Z"}
{"level":"info","message":"⌛ Building environment","timeElapsed":151,"timestamp":"2026-09-23T11:33:18.799Z"}
{"level":"info","message":"⌛ Validating juegoRaton.wpgm","timeElapsed":253,"timestamp":"2026-09-23T11:33:19.052Z"}
{"level":"info","message":"⌛ Validating juegoRaton.wpgm","timeElapsed":233,"timestamp":"2026-09-23T11:33:19.299Z"}
{"level":"info","message":"⌛ Building environment","timeElapsed":218,"timestamp":"2026-09-23T11:33:19.559Z"}
{"level":"error","message":"✘ Failed to rebuild document Failed to parse juegoRaton.wpgm: \n-- PARSING FAILED --------------------------------------------------\n\nGot the end of the input\n\nExpected one of the following: \n\nidentifier, whitespace\n","stack":"Error: Failed to parse juegoRaton.wpgm: \n-- PARSING FAILED --------------------------------------------------\n\nGot the end of the input\n\nExpected one of the following: \n\nidentifier, whitespace\n\n    at c:\\Users\\sotoj\\.vscode\\extensions\\uqbar.wollok-lsp-ide-0.5.5\\out\\server\\src\\server.js:2385:13026\n    at Array.map (<anonymous>)\n    at z1n (c:\\Users\\sotoj\\.vscode\\extensions\\uqbar.wollok-lsp-ide-0.5.5\\out\\server\\src\\server.js:2385:12950)\n    at H2.buildEnvironmentFrom (c:\\Users\\sotoj\\.vscode\\extensions\\uqbar.wollok-lsp-ide-0.5.5\\out\\server\\src\\server.js:2430:5254)\n    at H2.updateEnvironmentWith (c:\\Users\\sotoj\\.vscode\\extensions\\uqbar.wollok-lsp-ide-0.5.5\\out\\server\\src\\server.js:2430:4989)\n    at QF (c:\\Users\\sotoj\\.vscode\\extensions\\uqbar.wollok-lsp-ide-0.5.5\\out\\server\\src\\server.js:2430:7383)\n    at V3.invoke (c:\\Users\\sotoj\\.vscode\\extensions\\uqbar.wollok-lsp-ide-0.5.5\\out\\server\\src\\server.js:3:157330)\n    at o.fire (c:\\Users\\sotoj\\.vscode\\extensions\\uqbar.wollok-lsp-ide-0.5.5\\out\\server\\src\\server.js:3:158100)\n    at c:\\Users\\sotoj\\.vscode\\extensions\\uqbar.wollok-lsp-ide-0.5.5\\out\\server\\src\\server.js:37:57871\n    at nd (c:\\Users\\sotoj\\.vscode\\extensions\\uqbar.wollok-lsp-ide-0.5.5\\out\\server\\src\\server.js:8:1561)","timestamp":"2026-09-23T11:33:19.598Z"}
{"level":"error","message":"✘ Failed to rebuild document Failed to parse juegoRaton.wpgm: \n-- PARSING FAILED --------------------------------------------------\n\nGot the end of the input\n\nExpected one of the following: \n\nidentifier, whitespace\n","stack":"Error: Failed to parse juegoRaton.wpgm: \n-- PARSING FAILED --------------------------------------------------\n\nGot the end of the input\n\nExpected one of the following: \n\nidentifier, whitespace\n\n    at c:\\Users\\sotoj\\.vscode\\extensions\\uqbar.wollok-lsp-ide-0.5.5\\out\\server\\src\\server.js:2385:13026\n    at Array.map (<anonymous>)\n    at z1n (c:\\Users\\sotoj\\.vscode\\extensions\\uqbar.wollok-lsp-ide-0.5.5\\out\\server\\src\\server.js:2385:12950)\n    at H2.buildEnvironmentFrom (c:\\Users\\sotoj\\.vscode\\extensions\\uqbar.wollok-lsp-ide-0.5.5\\out\\server\\src\\server.js:2430:5254)\n    at H2.updateEnvironmentWith (c:\\Users\\sotoj\\.vscode\\extensions\\uqbar.wollok-lsp-ide-0.5.5\\out\\server\\src\\server.js:2430:4989)\n    at QF (c:\\Users\\sotoj\\.vscode\\extensions\\uqbar.wollok-lsp-ide-0.5.5\\out\\server\\src\\server.js:2430:7383)\n    at V3.invoke (c:\\Users\\sotoj\\.vscode\\extensions\\uqbar.wollok-lsp-ide-0.5.5\\out\\server\\src\\server.js:3:157330)\n    at o.fire (c:\\Users\\sotoj\\.vscode\\extensions\\uqbar.wollok-lsp-ide-0.5.5\\out\\server\\src\\server.js:3:158100)\n    at c:\\Users\\sotoj\\.vscode\\extensions\\uqbar.wollok-lsp-ide-0.5.5\\out\\server\\src\\server.js:37:57871\n    at nd (c:\\Users\\sotoj\\.vscode\\extensions\\uqbar.wollok-lsp-ide-0.5.5\\out\\server\\src\\server.js:8:1561)","timestamp":"2026-09-23T11:33:19.600Z"}
{"level":"info","message":"⌛ Validating juegoRaton.wpgm","timeElapsed":270,"timestamp":"2026-09-23T11:33:19.882Z"}
{"level":"info","message":"⌛ Validating juegoRaton.wpgm","timeElapsed":251,"timestamp":"2026-09-23T11:33:20.141Z"}
{"level":"info","message":"⌛ Validating juegoRaton.wpgm","timeElapsed":371,"timestamp":"2026-09-23T11:33:20.515Z"}
{"level":"error","message":"✘ Failed to rebuild document Failed to parse juegoRaton.wpgm: \n-- PARSING FAILED --------------------------------------------------\n\nGot the end of the input\n\nExpected one of the following: \n\n'@', '{', comment, whitespace\n","stack":"Error: Failed to parse juegoRaton.wpgm: \n-- PARSING FAILED --------------------------------------------------\n\nGot the end of the input\n\nExpected one of the following: \n\n'@', '{', comment, whitespace\n\n    at c:\\Users\\sotoj\\.vscode\\extensions\\uqbar.wollok-lsp-ide-0.5.5\\out\\server\\src\\server.js:2385:13026\n    at Array.map (<anonymous>)\n    at z1n (c:\\Users\\sotoj\\.vscode\\extensions\\uqbar.wollok-lsp-ide-0.5.5\\out\\server\\src\\server.js:2385:12950)\n    at H2.buildEnvironmentFrom (c:\\Users\\sotoj\\.vscode\\extensions\\uqbar.wollok-lsp-ide-0.5.5\\out\\server\\src\\server.js:2430:5254)\n    at H2.updateEnvironmentWith (c:\\Users\\sotoj\\.vscode\\extensions\\uqbar.wollok-lsp-ide-0.5.5\\out\\server\\src\\server.js:2430:4989)\n    at QF (c:\\Users\\sotoj\\.vscode\\extensions\\uqbar.wollok-lsp-ide-0.5.5\\out\\server\\src\\server.js:2430:7383)\n    at V3.invoke (c:\\Users\\sotoj\\.vscode\\extensions\\uqbar.wollok-lsp-ide-0.5.5\\out\\server\\src\\server.js:3:157330)\n    at o.fire (c:\\Users\\sotoj\\.vscode\\extensions\\uqbar.wollok-lsp-ide-0.5.5\\out\\server\\src\\server.js:3:158100)\n    at c:\\Users\\sotoj\\.vscode\\extensions\\uqbar.wollok-lsp-ide-0.5.5\\out\\server\\src\\server.js:37:57871\n    at nd (c:\\Users\\sotoj\\.vscode\\extensions\\uqbar.wollok-lsp-ide-0.5.5\\out\\server\\src\\server.js:8:1561)","timestamp":"2026-09-23T11:33:20.659Z"}
{"level":"error","message":"✘ Failed to rebuild document Failed to parse juegoRaton.wpgm: \n-- PARSING FAILED --------------------------------------------------\n\nGot the end of the input\n\nExpected one of the following: \n\n'@', '{', comment, whitespace\n","stack":"Error: Failed to parse juegoRaton.wpgm: \n-- PARSING FAILED --------------------------------------------------\n\nGot the end of the input\n\nExpected one of the following: \n\n'@', '{', comment, whitespace\n\n    at c:\\Users\\sotoj\\.vscode\\extensions\\uqbar.wollok-lsp-ide-0.5.5\\out\\server\\src\\server.js:2385:13026\n    at Array.map (<anonymous>)\n    at z1n (c:\\Users\\sotoj\\.vscode\\extensions\\uqbar.wollok-lsp-ide-0.5.5\\out\\server\\src\\server.js:2385:12950)\n    at H2.buildEnvironmentFrom (c:\\Users\\sotoj\\.vscode\\extensions\\uqbar.wollok-lsp-ide-0.5.5\\out\\server\\src\\server.js:2430:5254)\n    at H2.updateEnvironmentWith (c:\\Users\\sotoj\\.vscode\\extensions\\uqbar.wollok-lsp-ide-0.5.5\\out\\server\\src\\server.js:2430:4989)\n    at QF (c:\\Users\\sotoj\\.vscode\\extensions\\uqbar.wollok-lsp-ide-0.5.5\\out\\server\\src\\server.js:2430:7383)\n    at V3.invoke (c:\\Users\\sotoj\\.vscode\\extensions\\uqbar.wollok-lsp-ide-0.5.5\\out\\server\\src\\server.js:3:157330)\n    at o.fire (c:\\Users\\sotoj\\.vscode\\extensions\\uqbar.wollok-lsp-ide-0.5.5\\out\\server\\src\\server.js:3:158100)\n    at c:\\Users\\sotoj\\.vscode\\extensions\\uqbar.wollok-lsp-ide-0.5.5\\out\\server\\src\\server.js:37:57871\n    at nd (c:\\Users\\sotoj\\.vscode\\extensions\\uqbar.wollok-lsp-ide-0.5.5\\out\\server\\src\\server.js:8:1561)","timestamp":"2026-09-23T11:33:20.955Z"}
{"level":"error","message":"✘ Failed to rebuild document Failed to parse juegoRaton.wpgm: \n-- PARSING FAILED --------------------------------------------------\n\nGot the end of the input\n\nExpected one of the following: \n\n'@', '{', comment, whitespace\n","stack":"Error: Failed to parse juegoRaton.wpgm: \n-- PARSING FAILED --------------------------------------------------\n\nGot the end of the input\n\nExpected one of the following: \n\n'@', '{', comment, whitespace\n\n    at c:\\Users\\sotoj\\.vscode\\extensions\\uqbar.wollok-lsp-ide-0.5.5\\out\\server\\src\\server.js:2385:13026\n    at Array.map (<anonymous>)\n    at z1n (c:\\Users\\sotoj\\.vscode\\extensions\\uqbar.wollok-lsp-ide-0.5.5\\out\\server\\src\\server.js:2385:12950)\n    at H2.buildEnvironmentFrom (c:\\Users\\sotoj\\.vscode\\extensions\\uqbar.wollok-lsp-ide-0.5.5\\out\\server\\src\\server.js:2430:5254)\n    at H2.updateEnvironmentWith (c:\\Users\\sotoj\\.vscode\\extensions\\uqbar.wollok-lsp-ide-0.5.5\\out\\server\\src\\server.js:2430:4989)\n    at QF (c:\\Users\\sotoj\\.vscode\\extensions\\uqbar.wollok-lsp-ide-0.5.5\\out\\server\\src\\server.js:2430:7383)\n    at V3.invoke (c:\\Users\\sotoj\\.vscode\\extensions\\uqbar.wollok-lsp-ide-0.5.5\\out\\server\\src\\server.js:3:157330)\n    at o.fire (c:\\Users\\sotoj\\.vscode\\extensions\\uqbar.wollok-lsp-ide-0.5.5\\out\\server\\src\\server.js:3:158100)\n    at c:\\Users\\sotoj\\.vscode\\extensions\\uqbar.wollok-lsp-ide-0.5.5\\out\\server\\src\\server.js:37:57871\n    at nd (c:\\Users\\sotoj\\.vscode\\extensions\\uqbar.wollok-lsp-ide-0.5.5\\out\\server\\src\\server.js:8:1561)","timestamp":"2026-09-23T11:33:21.012Z"}
{"level":"error","message":"✘ Failed to rebuild document Failed to parse juegoRaton.wpgm: \n-- PARSING FAILED --------------------------------------------------\n\nGot the end of the input\n\nExpected one of the following: \n\n'@', '{', comment, whitespace\n","stack":"Error: Failed to parse juegoRaton.wpgm: \n-- PARSING FAILED --------------------------------------------------\n\nGot the end of the input\n\nExpected one of the following: \n\n'@', '{', comment, whitespace\n\n    at c:\\Users\\sotoj\\.vscode\\extensions\\uqbar.wollok-lsp-ide-0.5.5\\out\\server\\src\\server.js:2385:13026\n    at Array.map (<anonymous>)\n    at z1n (c:\\Users\\sotoj\\.vscode\\extensions\\uqbar.wollok-lsp-ide-0.5.5\\out\\server\\src\\server.js:2385:12950)\n    at H2.buildEnvironmentFrom (c:\\Users\\sotoj\\.vscode\\extensions\\uqbar.wollok-lsp-ide-0.5.5\\out\\server\\src\\server.js:2430:5254)\n    at H2.updateEnvironmentWith (c:\\Users\\sotoj\\.vscode\\extensions\\uqbar.wollok-lsp-ide-0.5.5\\out\\server\\src\\server.js:2430:4989)\n    at QF (c:\\Users\\sotoj\\.vscode\\extensions\\uqbar.wollok-lsp-ide-0.5.5\\out\\server\\src\\server.js:2430:7383)\n    at V3.invoke (c:\\Users\\sotoj\\.vscode\\extensions\\uqbar.wollok-lsp-ide-0.5.5\\out\\server\\src\\server.js:3:157330)\n    at o.fire (c:\\Users\\sotoj\\.vscode\\extensions\\uqbar.wollok-lsp-ide-0.5.5\\out\\server\\src\\server.js:3:158100)\n    at c:\\Users\\sotoj\\.vscode\\extensions\\uqbar.wollok-lsp-ide-0.5.5\\out\\server\\src\\server.js:37:57871\n    at nd (c:\\Users\\sotoj\\.vscode\\extensions\\uqbar.wollok-lsp-ide-0.5.5\\out\\server\\src\\server.js:8:1561)","timestamp":"2026-09-23T11:33:21.131Z"}
{"level":"error","message":"✘ Failed to rebuild document Failed to parse juegoRaton.wpgm: \n-- PARSING FAILED --------------------------------------------------\n\nGot the end of the input\n\nExpected one of the following: \n\n'@', '{', comment, whitespace\n","stack":"Error: Failed to parse juegoRaton.wpgm: \n-- PARSING FAILED --------------------------------------------------\n\nGot the end of the input\n\nExpected one of the following: \n\n'@', '{', comment, whitespace\n\n    at c:\\Users\\sotoj\\.vscode\\extensions\\uqbar.wollok-lsp-ide-0.5.5\\out\\server\\src\\server.js:2385:13026\n    at Array.map (<anonymous>)\n    at z1n (c:\\Users\\sotoj\\.vscode\\extensions\\uqbar.wollok-lsp-ide-0.5.5\\out\\server\\src\\server.js:2385:12950)\n    at H2.buildEnvironmentFrom (c:\\Users\\sotoj\\.vscode\\extensions\\uqbar.wollok-lsp-ide-0.5.5\\out\\server\\src\\server.js:2430:5254)\n    at H2.updateEnvironmentWith (c:\\Users\\sotoj\\.vscode\\extensions\\uqbar.wollok-lsp-ide-0.5.5\\out\\server\\src\\server.js:2430:4989)\n    at QF (c:\\Users\\sotoj\\.vscode\\extensions\\uqbar.wollok-lsp-ide-0.5.5\\out\\server\\src\\server.js:2430:7383)\n    at V3.invoke (c:\\Users\\sotoj\\.vscode\\extensions\\uqbar.wollok-lsp-ide-0.5.5\\out\\server\\src\\server.js:3:157330)\n    at o.fire (c:\\Users\\sotoj\\.vscode\\extensions\\uqbar.wollok-lsp-ide-0.5.5\\out\\server\\src\\server.js:3:158100)\n    at c:\\Users\\sotoj\\.vscode\\extensions\\uqbar.wollok-lsp-ide-0.5.5\\out\\server\\src\\server.js:37:57871\n    at nd (c:\\Users\\sotoj\\.vscode\\extensions\\uqbar.wollok-lsp-ide-0.5.5\\out\\server\\src\\server.js:8:1561)","timestamp":"2026-09-23T11:33:21.697Z"}
{"level":"error","message":"✘ Failed to rebuild document Failed to parse juegoRaton.wpgm: \n-- PARSING FAILED --------------------------------------------------\n\nGot the end of the input\n\nExpected one of the following: \n\n'@', '{', comment, whitespace\n","stack":"Error: Failed to parse juegoRaton.wpgm: \n-- PARSING FAILED --------------------------------------------------\n\nGot the end of the input\n\nExpected one of the following: \n\n'@', '{', comment, whitespace\n\n    at c:\\Users\\sotoj\\.vscode\\extensions\\uqbar.wollok-lsp-ide-0.5.5\\out\\server\\src\\server.js:2385:13026\n    at Array.map (<anonymous>)\n    at z1n (c:\\Users\\sotoj\\.vscode\\extensions\\uqbar.wollok-lsp-ide-0.5.5\\out\\server\\src\\server.js:2385:12950)\n    at H2.buildEnvironmentFrom (c:\\Users\\sotoj\\.vscode\\extensions\\uqbar.wollok-lsp-ide-0.5.5\\out\\server\\src\\server.js:2430:5254)\n    at H2.updateEnvironmentWith (c:\\Users\\sotoj\\.vscode\\extensions\\uqbar.wollok-lsp-ide-0.5.5\\out\\server\\src\\server.js:2430:4989)\n    at QF (c:\\Users\\sotoj\\.vscode\\extensions\\uqbar.wollok-lsp-ide-0.5.5\\out\\server\\src\\server.js:2430:7383)\n    at V3.invoke (c:\\Users\\sotoj\\.vscode\\extensions\\uqbar.wollok-lsp-ide-0.5.5\\out\\server\\src\\server.js:3:157330)\n    at o.fire (c:\\Users\\sotoj\\.vscode\\extensions\\uqbar.wollok-lsp-ide-0.5.5\\out\\server\\src\\server.js:3:158100)\n    at c:\\Users\\sotoj\\.vscode\\extensions\\uqbar.wollok-lsp-ide-0.5.5\\out\\server\\src\\server.js:37:57871\n    at nd (c:\\Users\\sotoj\\.vscode\\extensions\\uqbar.wollok-lsp-ide-0.5.5\\out\\server\\src\\server.js:8:1561)","timestamp":"2026-09-23T11:33:22.096Z"}
{"level":"error","message":"✘ Failed to rebuild document Failed to parse juegoRaton.wpgm: \n-- PARSING FAILED --------------------------------------------------\n\nGot the end of the input\n\nExpected one of the following: \n\n'@', '{', comment, whitespace\n","stack":"Error: Failed to parse juegoRaton.wpgm: \n-- PARSING FAILED --------------------------------------------------\n\nGot the end of the input\n\nExpected one of the following: \n\n'@', '{', comment, whitespace\n\n    at c:\\Users\\sotoj\\.vscode\\extensions\\uqbar.wollok-lsp-ide-0.5.5\\out\\server\\src\\server.js:2385:13026\n    at Array.map (<anonymous>)\n    at z1n (c:\\Users\\sotoj\\.vscode\\extensions\\uqbar.wollok-lsp-ide-0.5.5\\out\\server\\src\\server.js:2385:12950)\n    at H2.buildEnvironmentFrom (c:\\Users\\sotoj\\.vscode\\extensions\\uqbar.wollok-lsp-ide-0.5.5\\out\\server\\src\\server.js:2430:5254)\n    at H2.updateEnvironmentWith (c:\\Users\\sotoj\\.vscode\\extensions\\uqbar.wollok-lsp-ide-0.5.5\\out\\server\\src\\server.js:2430:4989)\n    at QF (c:\\Users\\sotoj\\.vscode\\extensions\\uqbar.wollok-lsp-ide-0.5.5\\out\\server\\src\\server.js:2430:7383)\n    at V3.invoke (c:\\Users\\sotoj\\.vscode\\extensions\\uqbar.wollok-lsp-ide-0.5.5\\out\\server\\src\\server.js:3:157330)\n    at o.fire (c:\\Users\\sotoj\\.vscode\\extensions\\uqbar.wollok-lsp-ide-0.5.5\\out\\server\\src\\server.js:3:158100)\n    at c:\\Users\\sotoj\\.vscode\\extensions\\uqbar.wollok-lsp-ide-0.5.5\\out\\server\\src\\server.js:37:57871\n    at nd (c:\\Users\\sotoj\\.vscode\\extensions\\uqbar.wollok-lsp-ide-0.5.5\\out\\server\\src\\server.js:8:1561)","timestamp":"2026-09-23T11:33:22.272Z"}
{"level":"error","message":"✘ Failed to rebuild document Failed to parse juegoRaton.wpgm: \n-- PARSING FAILED --------------------------------------------------\n\nGot the end of the input\n\nExpected one of the following: \n\n'@', '{', comment, whitespace\n","stack":"Error: Failed to parse juegoRaton.wpgm: \n-- PARSING FAILED --------------------------------------------------\n\nGot the end of the input\n\nExpected one of the following: \n\n'@', '{', comment, whitespace\n\n    at c:\\Users\\sotoj\\.vscode\\extensions\\uqbar.wollok-lsp-ide-0.5.5\\out\\server\\src\\server.js:2385:13026\n    at Array.map (<anonymous>)\n    at z1n (c:\\Users\\sotoj\\.vscode\\extensions\\uqbar.wollok-lsp-ide-0.5.5\\out\\server\\src\\server.js:2385:12950)\n    at H2.buildEnvironmentFrom (c:\\Users\\sotoj\\.vscode\\extensions\\uqbar.wollok-lsp-ide-0.5.5\\out\\server\\src\\server.js:2430:5254)\n    at H2.updateEnvironmentWith (c:\\Users\\sotoj\\.vscode\\extensions\\uqbar.wollok-lsp-ide-0.5.5\\out\\server\\src\\server.js:2430:4989)\n    at QF (c:\\Users\\sotoj\\.vscode\\extensions\\uqbar.wollok-lsp-ide-0.5.5\\out\\server\\src\\server.js:2430:7383)\n    at V3.invoke (c:\\Users\\sotoj\\.vscode\\extensions\\uqbar.wollok-lsp-ide-0.5.5\\out\\server\\src\\server.js:3:157330)\n    at o.fire (c:\\Users\\sotoj\\.vscode\\extensions\\uqbar.wollok-lsp-ide-0.5.5\\out\\server\\src\\server.js:3:158100)\n    at c:\\Users\\sotoj\\.vscode\\extensions\\uqbar.wollok-lsp-ide-0.5.5\\out\\server\\src\\server.js:37:57871\n    at nd (c:\\Users\\sotoj\\.vscode\\extensions\\uqbar.wollok-lsp-ide-0.5.5\\out\\server\\src\\server.js:8:1561)","timestamp":"2026-09-23T11:33:22.400Z"}
{"level":"error","message":"✘ Failed to rebuild document Failed to parse juegoRaton.wpgm: \n-- PARSING FAILED --------------------------------------------------\n\nGot the end of the input\n\nExpected one of the following: \n\n'@', '{', comment, whitespace\n","stack":"Error: Failed to parse juegoRaton.wpgm: \n-- PARSING FAILED --------------------------------------------------\n\nGot the end of the input\n\nExpected one of the following: \n\n'@', '{', comment, whitespace\n\n    at c:\\Users\\sotoj\\.vscode\\extensions\\uqbar.wollok-lsp-ide-0.5.5\\out\\server\\src\\server.js:2385:13026\n    at Array.map (<anonymous>)\n    at z1n (c:\\Users\\sotoj\\.vscode\\extensions\\uqbar.wollok-lsp-ide-0.5.5\\out\\server\\src\\server.js:2385:12950)\n    at H2.buildEnvironmentFrom (c:\\Users\\sotoj\\.vscode\\extensions\\uqbar.wollok-lsp-ide-0.5.5\\out\\server\\src\\server.js:2430:5254)\n    at H2.updateEnvironmentWith (c:\\Users\\sotoj\\.vscode\\extensions\\uqbar.wollok-lsp-ide-0.5.5\\out\\server\\src\\server.js:2430:4989)\n    at QF (c:\\Users\\sotoj\\.vscode\\extensions\\uqbar.wollok-lsp-ide-0.5.5\\out\\server\\src\\server.js:2430:7383)\n    at V3.invoke (c:\\Users\\sotoj\\.vscode\\extensions\\uqbar.wollok-lsp-ide-0.5.5\\out\\server\\src\\server.js:3:157330)\n    at o.fire (c:\\Users\\sotoj\\.vscode\\extensions\\uqbar.wollok-lsp-ide-0.5.5\\out\\server\\src\\server.js:3:158100)\n    at c:\\Users\\sotoj\\.vscode\\extensions\\uqbar.wollok-lsp-ide-0.5.5\\out\\server\\src\\server.js:37:57871\n    at nd (c:\\Users\\sotoj\\.vscode\\extensions\\uqbar.wollok-lsp-ide-0.5.5\\out\\server\\src\\server.js:8:1561)","timestamp":"2026-09-23T11:33:22.488Z"}
{"level":"error","message":"✘ Failed to rebuild document Failed to parse juegoRaton.wpgm: \n-- PARSING FAILED --------------------------------------------------\n\nGot the end of the input\n\nExpected one of the following: \n\n'@', '{', comment, whitespace\n","stack":"Error: Failed to parse juegoRaton.wpgm: \n-- PARSING FAILED --------------------------------------------------\n\nGot the end of the input\n\nExpected one of the following: \n\n'@', '{', comment, whitespace\n\n    at c:\\Users\\sotoj\\.vscode\\extensions\\uqbar.wollok-lsp-ide-0.5.5\\out\\server\\src\\server.js:2385:13026\n    at Array.map (<anonymous>)\n    at z1n (c:\\Users\\sotoj\\.vscode\\extensions\\uqbar.wollok-lsp-ide-0.5.5\\out\\server\\src\\server.js:2385:12950)\n    at H2.buildEnvironmentFrom (c:\\Users\\sotoj\\.vscode\\extensions\\uqbar.wollok-lsp-ide-0.5.5\\out\\server\\src\\server.js:2430:5254)\n    at H2.updateEnvironmentWith (c:\\Users\\sotoj\\.vscode\\extensions\\uqbar.wollok-lsp-ide-0.5.5\\out\\server\\src\\server.js:2430:4989)\n    at QF (c:\\Users\\sotoj\\.vscode\\extensions\\uqbar.wollok-lsp-ide-0.5.5\\out\\server\\src\\server.js:2430:7383)\n    at V3.invoke (c:\\Users\\sotoj\\.vscode\\extensions\\uqbar.wollok-lsp-ide-0.5.5\\out\\server\\src\\server.js:3:157330)\n    at o.fire (c:\\Users\\sotoj\\.vscode\\extensions\\uqbar.wollok-lsp-ide-0.5.5\\out\\server\\src\\server.js:3:158100)\n    at c:\\Users\\sotoj\\.vscode\\extensions\\uqbar.wollok-lsp-ide-0.5.5\\out\\server\\src\\server.js:37:57871\n    at nd (c:\\Users\\sotoj\\.vscode\\extensions\\uqbar.wollok-lsp-ide-0.5.5\\out\\server\\src\\server.js:8:1561)","timestamp":"2026-09-23T11:33:25.669Z"}
{"level":"info","message":"⌛ Building environment","timeElapsed":218,"timestamp":"2026-09-23T11:33:26.755Z"}
{"level":"info","message":"⌛ Validating juegoRaton.wpgm","timeElapsed":406,"timestamp":"2026-09-23T11:33:27.178Z"}
{"level":"info","message":"⌛ Building environment","timeElapsed":614,"timestamp":"2026-09-23T11:33:27.805Z"}
{"level":"info","message":"⌛ Validating juegoRaton.wpgm","timeElapsed":315,"timestamp":"2026-09-23T11:33:28.132Z"}
{"level":"info","message":"⌛ Building environment","timeElapsed":287,"timestamp":"2026-09-23T11:33:36.077Z"}
{"level":"info","message":"⌛ Validating juegoRaton.wpgm","timeElapsed":358,"timestamp":"2026-09-23T11:33:36.454Z"}
{"level":"info","message":"⌛ Building environment","timeElapsed":597,"timestamp":"2026-09-23T11:33:38.394Z"}
{"level":"info","message":"⌛ Building environment","timeElapsed":177,"timestamp":"2026-09-23T11:33:38.641Z"}
{"level":"info","message":"⌛ Building environment","timeElapsed":164,"timestamp":"2026-09-23T11:33:38.809Z"}
{"level":"info","message":"⌛ Validating juegoRaton.wpgm","timeElapsed":350,"timestamp":"2026-09-23T11:33:39.163Z"}
{"level":"info","message":"⌛ Validating juegoRaton.wpgm","timeElapsed":299,"timestamp":"2026-09-23T11:33:39.641Z"}
{"level":"info","message":"⌛ Validating juegoRaton.wpgm","timeElapsed":215,"timestamp":"2026-09-23T11:33:39.861Z"}
{"level":"info","message":"⌛ Building environment","timeElapsed":196,"timestamp":"2026-09-23T11:33:40.072Z"}
{"level":"info","message":"⌛ Building environment","timeElapsed":176,"timestamp":"2026-09-23T11:33:40.255Z"}
{"level":"info","message":"⌛ Building environment","timeElapsed":185,"timestamp":"2026-09-23T11:33:40.445Z"}
{"level":"info","message":"⌛ Building environment","timeElapsed":520,"timestamp":"2026-09-23T11:33:40.987Z"}
{"level":"info","message":"⌛ Validating juegoRaton.wpgm","timeElapsed":324,"timestamp":"2026-09-23T11:33:41.337Z"}
{"level":"info","message":"⌛ Validating juegoRaton.wpgm","timeElapsed":280,"timestamp":"2026-09-23T11:33:41.617Z"}
{"level":"info","message":"⌛ Building environment","timeElapsed":203,"timestamp":"2026-09-23T11:33:41.825Z"}
{"level":"info","message":"⌛ Validating juegoRaton.wpgm","timeElapsed":403,"timestamp":"2026-09-23T11:33:42.377Z"}
{"level":"info","message":"⌛ Building environment","timeElapsed":167,"timestamp":"2026-09-23T11:33:42.557Z"}
{"level":"info","message":"⌛ Validating juegoRaton.wpgm","timeElapsed":460,"timestamp":"2026-09-23T11:33:43.021Z"}
{"level":"info","message":"⌛ Building environment","timeElapsed":301,"timestamp":"2026-09-23T11:33:43.324Z"}
{"level":"info","message":"⌛ Building environment","timeElapsed":156,"timestamp":"2026-09-23T11:33:43.508Z"}
{"level":"info","message":"⌛ Building environment","timeElapsed":204,"timestamp":"2026-09-23T11:33:43.717Z"}
{"level":"info","message":"⌛ Validating juegoRaton.wpgm","timeElapsed":276,"timestamp":"2026-09-23T11:33:44.142Z"}
{"level":"info","message":"⌛ Building environment","timeElapsed":303,"timestamp":"2026-09-23T11:33:44.452Z"}
{"level":"info","message":"⌛ Building environment","timeElapsed":141,"timestamp":"2026-09-23T11:33:44.596Z"}
{"level":"info","message":"⌛ Validating juegoRaton.wpgm","timeElapsed":304,"timestamp":"2026-09-23T11:33:45.058Z"}
{"level":"info","message":"⌛ Building environment","timeElapsed":135,"timestamp":"2026-09-23T11:33:45.213Z"}
{"level":"info","message":"⌛ Building environment","timeElapsed":163,"timestamp":"2026-09-23T11:33:45.384Z"}
{"level":"info","message":"⌛ Building environment","timeElapsed":134,"timestamp":"2026-09-23T11:33:45.522Z"}
{"level":"info","message":"⌛ Building environment","timeElapsed":179,"timestamp":"2026-09-23T11:33:45.707Z"}
{"level":"info","message":"⌛ Validating juegoRaton.wpgm","timeElapsed":236,"timestamp":"2026-09-23T11:33:45.945Z"}
{"level":"info","message":"⌛ Validating juegoRaton.wpgm","timeElapsed":219,"timestamp":"2026-09-23T11:33:46.164Z"}
{"level":"info","message":"⌛ Validating juegoRaton.wpgm","timeElapsed":218,"timestamp":"2026-09-23T11:33:46.401Z"}
{"level":"info","message":"⌛ Building environment","timeElapsed":357,"timestamp":"2026-09-23T11:33:46.758Z"}
{"level":"info","message":"⌛ Building environment","timeElapsed":383,"timestamp":"2026-09-23T11:33:47.219Z"}
{"level":"info","message":"⌛ Validating juegoRaton.wpgm","timeElapsed":235,"timestamp":"2026-09-23T11:33:47.467Z"}
{"level":"info","message":"⌛ Validating juegoRaton.wpgm","timeElapsed":311,"timestamp":"2026-09-23T11:33:47.782Z"}
{"level":"info","message":"⌛ Validating juegoRaton.wpgm","timeElapsed":279,"timestamp":"2026-09-23T11:33:48.070Z"}
{"level":"info","message":"⌛ Validating juegoRaton.wpgm","timeElapsed":312,"timestamp":"2026-09-23T11:33:48.388Z"}
{"level":"info","message":"⌛ Validating juegoRaton.wpgm","timeElapsed":296,"timestamp":"2026-09-23T11:33:48.690Z"}
{"level":"info","message":"⌛ Validating juegoRaton.wpgm","timeElapsed":314,"timestamp":"2026-09-23T11:33:49.060Z"}
{"level":"info","message":"⌛ Validating juegoRaton.wpgm","timeElapsed":220,"timestamp":"2026-09-23T11:33:49.288Z"}
{"level":"info","message":"⌛ Validating juegoRaton.wpgm","timeElapsed":227,"timestamp":"2026-09-23T11:33:49.517Z"}
{"level":"info","message":"⌛ Building environment","timeElapsed":196,"timestamp":"2026-09-23T11:33:49.718Z"}
{"level":"info","message":"⌛ Validating juegoRaton.wpgm","timeElapsed":224,"timestamp":"2026-09-23T11:33:49.971Z"}
{"level":"info","message":"⌛ Building environment","timeElapsed":370,"timestamp":"2026-09-23T11:34:04.804Z"}
{"level":"info","message":"⌛ Building environment","timeElapsed":358,"timestamp":"2026-09-23T11:34:05.224Z"}
{"level":"info","message":"⌛ Building environment","timeElapsed":248,"timestamp":"2026-09-23T11:34:05.552Z"}
{"level":"info","message":"⌛ Validating juegoRaton.wpgm","timeElapsed":347,"timestamp":"2026-09-23T11:34:05.902Z"}
{"level":"info","message":"⌛ Building environment","timeElapsed":283,"timestamp":"2026-09-23T11:34:06.239Z"}
{"level":"info","message":"⌛ Building environment","timeElapsed":215,"timestamp":"2026-09-23T11:34:06.474Z"}
{"level":"info","message":"⌛ Building environment","timeElapsed":673,"timestamp":"2026-09-23T11:34:07.148Z"}
{"level":"info","message":"⌛ Validating juegoRaton.wpgm","timeElapsed":270,"timestamp":"2026-09-23T11:34:07.429Z"}
{"level":"info","message":"⌛ Building environment","timeElapsed":201,"timestamp":"2026-09-23T11:34:07.646Z"}
{"level":"info","message":"⌛ Validating juegoRaton.wpgm","timeElapsed":481,"timestamp":"2026-09-23T11:34:08.130Z"}
{"level":"info","message":"⌛ Building environment","timeElapsed":259,"timestamp":"2026-09-23T11:34:08.405Z"}
{"level":"info","message":"⌛ Validating juegoRaton.wpgm","timeElapsed":360,"timestamp":"2026-09-23T11:34:08.829Z"}
{"level":"info","message":"⌛ Building environment","timeElapsed":524,"timestamp":"2026-09-23T11:34:09.372Z"}
{"level":"info","message":"⌛ Validating juegoRaton.wpgm","timeElapsed":300,"timestamp":"2026-09-23T11:34:09.675Z"}
{"level":"info","message":"⌛ Building environment","timeElapsed":198,"timestamp":"2026-09-23T11:34:09.894Z"}
{"level":"info","message":"⌛ Building environment","timeElapsed":173,"timestamp":"2026-09-23T11:34:10.075Z"}
{"level":"info","message":"⌛ Building environment","timeElapsed":236,"timestamp":"2026-09-23T11:34:10.341Z"}
{"level":"info","message":"⌛ Building environment","timeElapsed":223,"timestamp":"2026-09-23T11:34:10.567Z"}
{"level":"info","message":"⌛ Validating juegoRaton.wpgm","timeElapsed":284,"timestamp":"2026-09-23T11:34:10.854Z"}
{"level":"info","message":"⌛ Building environment","timeElapsed":352,"timestamp":"2026-09-23T11:34:11.230Z"}
{"level":"info","message":"⌛ Validating juegoRaton.wpgm","timeElapsed":281,"timestamp":"2026-09-23T11:34:11.514Z"}
{"level":"info","message":"⌛ Building environment","timeElapsed":154,"timestamp":"2026-09-23T11:34:11.668Z"}
{"level":"info","message":"⌛ Building environment","timeElapsed":138,"timestamp":"2026-09-23T11:34:11.810Z"}
{"level":"info","message":"⌛ Validating juegoRaton.wpgm","timeElapsed":254,"timestamp":"2026-09-23T11:34:12.080Z"}
{"level":"info","message":"⌛ Building environment","timeElapsed":156,"timestamp":"2026-09-23T11:34:12.240Z"}
{"level":"info","message":"⌛ Building environment","timeElapsed":147,"timestamp":"2026-09-23T11:34:12.391Z"}
{"level":"info","message":"⌛ Validating juegoRaton.wpgm","timeElapsed":236,"timestamp":"2026-09-23T11:34:12.642Z"}
{"level":"info","message":"⌛ Building environment","timeElapsed":440,"timestamp":"2026-09-23T11:34:13.142Z"}
{"level":"info","message":"⌛ Validating juegoRaton.wpgm","timeElapsed":249,"timestamp":"2026-09-23T11:34:13.403Z"}
{"level":"info","message":"⌛ Validating juegoRaton.wpgm","timeElapsed":252,"timestamp":"2026-09-23T11:34:13.660Z"}
{"level":"info","message":"⌛ Building environment","timeElapsed":131,"timestamp":"2026-09-23T11:34:13.796Z"}
{"level":"info","message":"⌛ Validating juegoRaton.wpgm","timeElapsed":233,"timestamp":"2026-09-23T11:34:14.043Z"}
{"level":"info","message":"⌛ Validating juegoRaton.wpgm","timeElapsed":210,"timestamp":"2026-09-23T11:34:14.279Z"}
{"level":"info","message":"⌛ Building environment","timeElapsed":198,"timestamp":"2026-09-23T11:34:14.485Z"}
{"level":"info","message":"⌛ Validating juegoRaton.wpgm","timeElapsed":233,"timestamp":"2026-09-23T11:34:14.782Z"}
{"level":"info","message":"⌛ Building environment","timeElapsed":179,"timestamp":"2026-09-23T11:34:14.966Z"}
{"level":"info","message":"⌛ Validating juegoRaton.wpgm","timeElapsed":285,"timestamp":"2026-09-23T11:34:15.254Z"}
{"level":"info","message":"⌛ Validating juegoRaton.wpgm","timeElapsed":238,"timestamp":"2026-09-23T11:34:15.522Z"}
{"level":"info","message":"⌛ Validating juegoRaton.wpgm","timeElapsed":215,"timestamp":"2026-09-23T11:34:15.741Z"}
{"level":"info","message":"⌛ Validating juegoRaton.wpgm","timeElapsed":225,"timestamp":"2026-09-23T11:34:15.998Z"}
{"level":"info","message":"⌛ Validating juegoRaton.wpgm","timeElapsed":250,"timestamp":"2026-09-23T11:34:16.273Z"}
{"level":"info","message":"⌛ Validating juegoRaton.wpgm","timeElapsed":244,"timestamp":"2026-09-23T11:34:16.524Z"}
{"level":"info","message":"⌛ Building environment","timeElapsed":141,"timestamp":"2026-09-23T11:34:16.680Z"}
{"level":"info","message":"⌛ Validating juegoRaton.wpgm","timeElapsed":236,"timestamp":"2026-09-23T11:34:16.920Z"}
{"level":"info","message":"⌛ Validating juegoRaton.wpgm","timeElapsed":226,"timestamp":"2026-09-23T11:34:17.161Z"}
{"level":"info","message":"⌛ Validating juegoRaton.wpgm","timeElapsed":230,"timestamp":"2026-09-23T11:34:17.403Z"}
{"level":"info","message":"⌛ Building environment","timeElapsed":301,"timestamp":"2026-09-23T11:34:34.309Z"}
{"level":"info","message":"⌛ Validating juegoRaton.wpgm","timeElapsed":286,"timestamp":"2026-09-23T11:34:34.737Z"}
{"level":"info","message":"⌛ Building environment","timeElapsed":171,"timestamp":"2026-09-23T11:34:37.255Z"}
{"level":"info","message":"⌛ Validating juegoRaton.wpgm","timeElapsed":279,"timestamp":"2026-09-23T11:34:37.536Z"}
{"level":"info","message":"⌛ Building environment","timeElapsed":346,"timestamp":"2026-09-23T11:34:41.235Z"}
{"level":"info","message":"⌛ Autocomplete - Reference","timeElapsed":133,"timestamp":"2026-09-23T11:34:41.489Z"}
{"level":"info","message":"⌛ Building environment","timeElapsed":218,"timestamp":"2026-09-23T11:34:41.708Z"}
{"level":"info","message":"⌛ Building environment","timeElapsed":162,"timestamp":"2026-09-23T11:34:41.874Z"}
{"level":"info","message":"⌛ Validating juegoRaton.wpgm","timeElapsed":306,"timestamp":"2026-09-23T11:34:42.182Z"}
{"level":"info","message":"⌛ Building environment","timeElapsed":253,"timestamp":"2026-09-23T11:34:42.436Z"}
{"level":"info","message":"⌛ Building environment","timeElapsed":263,"timestamp":"2026-09-23T11:34:42.776Z"}
{"level":"info","message":"⌛ Validating juegoRaton.wpgm","timeElapsed":387,"timestamp":"2026-09-23T11:34:43.710Z"}
{"level":"info","message":"⌛ Validating juegoRaton.wpgm","timeElapsed":355,"timestamp":"2026-09-23T11:34:44.076Z"}
{"level":"info","message":"⌛ Building environment","timeElapsed":207,"timestamp":"2026-09-23T11:34:44.299Z"}
{"level":"info","message":"⌛ Building environment","timeElapsed":162,"timestamp":"2026-09-23T11:34:44.519Z"}
{"level":"info","message":"⌛ Validating juegoRaton.wpgm","timeElapsed":243,"timestamp":"2026-09-23T11:34:44.780Z"}
{"level":"info","message":"⌛ Building environment","timeElapsed":171,"timestamp":"2026-09-23T11:34:44.954Z"}
{"level":"info","message":"⌛ Building environment","timeElapsed":292,"timestamp":"2026-09-23T11:34:45.312Z"}
{"level":"info","message":"⌛ Validating juegoRaton.wpgm","timeElapsed":259,"timestamp":"2026-09-23T11:34:45.576Z"}
{"level":"info","message":"⌛ Building environment","timeElapsed":221,"timestamp":"2026-09-23T11:34:45.801Z"}
{"level":"info","message":"⌛ Building environment","timeElapsed":141,"timestamp":"2026-09-23T11:34:45.963Z"}
{"level":"info","message":"⌛ Building environment","timeElapsed":271,"timestamp":"2026-09-23T11:34:46.236Z"}
{"level":"info","message":"⌛ Building environment","timeElapsed":171,"timestamp":"2026-09-23T11:34:46.413Z"}
{"level":"info","message":"⌛ Building environment","timeElapsed":258,"timestamp":"2026-09-23T11:34:46.693Z"}
{"level":"info","message":"⌛ Building environment","timeElapsed":447,"timestamp":"2026-09-23T11:34:47.153Z"}
{"level":"info","message":"⌛ Validating juegoRaton.wpgm","timeElapsed":244,"timestamp":"2026-09-23T11:34:47.454Z"}
{"level":"info","message":"⌛ Validating juegoRaton.wpgm","timeElapsed":265,"timestamp":"2026-09-23T11:34:47.750Z"}
{"level":"info","message":"⌛ Validating juegoRaton.wpgm","timeElapsed":243,"timestamp":"2026-09-23T11:34:47.994Z"}
{"level":"info","message":"⌛ Validating juegoRaton.wpgm","timeElapsed":250,"timestamp":"2026-09-23T11:34:48.245Z"}
{"level":"info","message":"⌛ Validating juegoRaton.wpgm","timeElapsed":233,"timestamp":"2026-09-23T11:34:48.489Z"}
{"level":"info","message":"⌛ Validating juegoRaton.wpgm","timeElapsed":237,"timestamp":"2026-09-23T11:34:48.734Z"}
{"level":"info","message":"⌛ Validating juegoRaton.wpgm","timeElapsed":218,"timestamp":"2026-09-23T11:34:48.957Z"}
{"level":"info","message":"⌛ Validating juegoRaton.wpgm","timeElapsed":236,"timestamp":"2026-09-23T11:34:49.201Z"}
{"level":"info","message":"⌛ Validating juegoRaton.wpgm","timeElapsed":219,"timestamp":"2026-09-23T11:34:49.428Z"}
{"level":"info","message":"⌛ Validating juegoRaton.wpgm","timeElapsed":235,"timestamp":"2026-09-23T11:34:49.673Z"}
{"level":"info","message":"⌛ Building environment","timeElapsed":647,"timestamp":"2026-09-23T11:35:08.826Z"}
{"level":"error","message":"✘ Completions for node Send ([6:5, 6:21] - juegoRaton.wpgm) failed: Error: [Send]{fb3d9e} at juegoRaton.wpgm:6 exhausted all cases without a match [Send]{fb3d9e} at juegoRaton.wpgm:6 exhausted all cases without a match","stack":"Error: [Send]{fb3d9e} at juegoRaton.wpgm:6 exhausted all cases without a match\n    at c:\\Users\\sotoj\\.vscode\\extensions\\uqbar.wollok-lsp-ide-0.5.5\\out\\server\\src\\server.js:38:6142\n    at L2 (c:\\Users\\sotoj\\.vscode\\extensions\\uqbar.wollok-lsp-ide-0.5.5\\out\\server\\src\\server.js:2421:42)\n    at Jh (c:\\Users\\sotoj\\.vscode\\extensions\\uqbar.wollok-lsp-ide-0.5.5\\out\\server\\src\\server.js:2421:1092)\n    at w5n (c:\\Users\\sotoj\\.vscode\\extensions\\uqbar.wollok-lsp-ide-0.5.5\\out\\server\\src\\server.js:2421:1248)\n    at c:\\Users\\sotoj\\.vscode\\extensions\\uqbar.wollok-lsp-ide-0.5.5\\out\\server\\src\\server.js:38:6131\n    at L2 (c:\\Users\\sotoj\\.vscode\\extensions\\uqbar.wollok-lsp-ide-0.5.5\\out\\server\\src\\server.js:2421:42)\n    at c:\\Users\\sotoj\\.vscode\\extensions\\uqbar.wollok-lsp-ide-0.5.5\\out\\server\\src\\server.js:2421:2988\n    at c:\\Users\\sotoj\\.vscode\\extensions\\uqbar.wollok-lsp-ide-0.5.5\\out\\server\\src\\server.js:2430:8440\n    at c:\\Users\\sotoj\\.vscode\\extensions\\uqbar.wollok-lsp-ide-0.5.5\\out\\server\\src\\server.js:37:74872\n    at Ke (c:\\Users\\sotoj\\.vscode\\extensions\\uqbar.wollok-lsp-ide-0.5.5\\out\\server\\src\\server.js:7:8527)","timestamp":"2026-09-23T11:35:08.881Z"}
{"level":"info","message":"⌛ Building environment","timeElapsed":278,"timestamp":"2026-09-23T11:35:09.167Z"}
{"level":"info","message":"⌛ Validating juegoRaton.wpgm","timeElapsed":281,"timestamp":"2026-09-23T11:35:09.511Z"}
{"level":"info","message":"⌛ Building environment","timeElapsed":268,"timestamp":"2026-09-23T11:35:09.789Z"}
{"level":"error","message":"✘ Completions for node Send ([6:5, 6:23] - juegoRaton.wpgm) failed: Error: [Send]{397a92} at juegoRaton.wpgm:6 exhausted all cases without a match [Send]{397a92} at juegoRaton.wpgm:6 exhausted all cases without a match","stack":"Error: [Send]{397a92} at juegoRaton.wpgm:6 exhausted all cases without a match\n    at c:\\Users\\sotoj\\.vscode\\extensions\\uqbar.wollok-lsp-ide-0.5.5\\out\\server\\src\\server.js:38:6142\n    at L2 (c:\\Users\\sotoj\\.vscode\\extensions\\uqbar.wollok-lsp-ide-0.5.5\\out\\server\\src\\server.js:2421:42)\n    at Jh (c:\\Users\\sotoj\\.vscode\\extensions\\uqbar.wollok-lsp-ide-0.5.5\\out\\server\\src\\server.js:2421:1092)\n    at w5n (c:\\Users\\sotoj\\.vscode\\extensions\\uqbar.wollok-lsp-ide-0.5.5\\out\\server\\src\\server.js:2421:1248)\n    at c:\\Users\\sotoj\\.vscode\\extensions\\uqbar.wollok-lsp-ide-0.5.5\\out\\server\\src\\server.js:38:6131\n    at L2 (c:\\Users\\sotoj\\.vscode\\extensions\\uqbar.wollok-lsp-ide-0.5.5\\out\\server\\src\\server.js:2421:42)\n    at c:\\Users\\sotoj\\.vscode\\extensions\\uqbar.wollok-lsp-ide-0.5.5\\out\\server\\src\\server.js:2421:2988\n    at c:\\Users\\sotoj\\.vscode\\extensions\\uqbar.wollok-lsp-ide-0.5.5\\out\\server\\src\\server.js:2430:8440\n    at c:\\Users\\sotoj\\.vscode\\extensions\\uqbar.wollok-lsp-ide-0.5.5\\out\\server\\src\\server.js:37:74872\n    at Ke (c:\\Users\\sotoj\\.vscode\\extensions\\uqbar.wollok-lsp-ide-0.5.5\\out\\server\\src\\server.js:7:8527)","timestamp":"2026-09-23T11:35:09.854Z"}
{"level":"info","message":"⌛ Validating juegoRaton.wpgm","timeElapsed":405,"timestamp":"2026-09-23T11:35:10.263Z"}
{"level":"info","message":"⌛ Building environment","timeElapsed":200,"timestamp":"2026-09-23T11:35:10.471Z"}
{"level":"info","message":"⌛ Validating juegoRaton.wpgm","timeElapsed":242,"timestamp":"2026-09-23T11:35:10.717Z"}
{"level":"info","message":"⌛ Building environment","timeElapsed":168,"timestamp":"2026-09-23T11:35:10.907Z"}
{"level":"error","message":"✘ Completions for node Send ([6:5, 6:25] - juegoRaton.wpgm) failed: Error: [Send]{9b9049} at juegoRaton.wpgm:6 exhausted all cases without a match [Send]{9b9049} at juegoRaton.wpgm:6 exhausted all cases without a match","stack":"Error: [Send]{9b9049} at juegoRaton.wpgm:6 exhausted all cases without a match\n    at c:\\Users\\sotoj\\.vscode\\extensions\\uqbar.wollok-lsp-ide-0.5.5\\out\\server\\src\\server.js:38:6142\n    at L2 (c:\\Users\\sotoj\\.vscode\\extensions\\uqbar.wollok-lsp-ide-0.5.5\\out\\server\\src\\server.js:2421:42)\n    at Jh (c:\\Users\\sotoj\\.vscode\\extensions\\uqbar.wollok-lsp-ide-0.5.5\\out\\server\\src\\server.js:2421:1092)\n    at w5n (c:\\Users\\sotoj\\.vscode\\extensions\\uqbar.wollok-lsp-ide-0.5.5\\out\\server\\src\\server.js:2421:1248)\n    at c:\\Users\\sotoj\\.vscode\\extensions\\uqbar.wollok-lsp-ide-0.5.5\\out\\server\\src\\server.js:38:6131\n    at L2 (c:\\Users\\sotoj\\.vscode\\extensions\\uqbar.wollok-lsp-ide-0.5.5\\out\\server\\src\\server.js:2421:42)\n    at c:\\Users\\sotoj\\.vscode\\extensions\\uqbar.wollok-lsp-ide-0.5.5\\out\\server\\src\\server.js:2421:2988\n    at c:\\Users\\sotoj\\.vscode\\extensions\\uqbar.wollok-lsp-ide-0.5.5\\out\\server\\src\\server.js:2430:8440\n    at c:\\Users\\sotoj\\.vscode\\extensions\\uqbar.wollok-lsp-ide-0.5.5\\out\\server\\src\\server.js:37:74872\n    at Ke (c:\\Users\\sotoj\\.vscode\\extensions\\uqbar.wollok-lsp-ide-0.5.5\\out\\server\\src\\server.js:7:8527)","timestamp":"2026-09-23T11:35:11.176Z"}
{"level":"info","message":"⌛ Autocomplete - Reference","timeElapsed":147,"timestamp":"2026-09-23T11:35:11.176Z"}
{"level":"info","message":"⌛ Validating juegoRaton.wpgm","timeElapsed":285,"timestamp":"2026-09-23T11:35:11.468Z"}
{"level":"info","message":"⌛ Validating juegoRaton.wpgm","timeElapsed":278,"timestamp":"2026-09-23T11:35:11.856Z"}
{"level":"info","message":"⌛ Building environment","timeElapsed":261,"timestamp":"2026-09-23T11:35:13.565Z"}
{"level":"info","message":"⌛ Building environment","timeElapsed":315,"timestamp":"2026-09-23T11:35:13.886Z"}
{"level":"info","message":"⌛ Validating juegoRaton.wpgm","timeElapsed":409,"timestamp":"2026-09-23T11:35:14.359Z"}
{"level":"info","message":"⌛ Building environment","timeElapsed":196,"timestamp":"2026-09-23T11:35:14.567Z"}
{"level":"info","message":"⌛ Building environment","timeElapsed":299,"timestamp":"2026-09-23T11:35:14.868Z"}
{"level":"info","message":"⌛ Validating juegoRaton.wpgm","timeElapsed":364,"timestamp":"2026-09-23T11:35:15.236Z"}
{"level":"info","message":"⌛ Building environment","timeElapsed":176,"timestamp":"2026-09-23T11:35:15.412Z"}
{"level":"info","message":"⌛ Building environment","timeElapsed":161,"timestamp":"2026-09-23T11:35:15.575Z"}
{"level":"info","message":"⌛ Validating juegoRaton.wpgm","timeElapsed":350,"timestamp":"2026-09-23T11:35:16.034Z"}
{"level":"info","message":"⌛ Building environment","timeElapsed":426,"timestamp":"2026-09-23T11:35:16.461Z"}
{"level":"info","message":"⌛ Building environment","timeElapsed":260,"timestamp":"2026-09-23T11:35:16.802Z"}
{"level":"info","message":"⌛ Building environment","timeElapsed":216,"timestamp":"2026-09-23T11:35:17.023Z"}
{"level":"info","message":"⌛ Validating juegoRaton.wpgm","timeElapsed":443,"timestamp":"2026-09-23T11:35:17.474Z"}
{"level":"info","message":"⌛ Building environment","timeElapsed":265,"timestamp":"2026-09-23T11:35:17.774Z"}
{"level":"info","message":"⌛ Building environment","timeElapsed":232,"timestamp":"2026-09-23T11:35:18.015Z"}
{"level":"info","message":"⌛ Validating juegoRaton.wpgm","timeElapsed":245,"timestamp":"2026-09-23T11:35:18.286Z"}
{"level":"info","message":"⌛ Validating juegoRaton.wpgm","timeElapsed":253,"timestamp":"2026-09-23T11:35:18.561Z"}
{"level":"info","message":"⌛ Validating juegoRaton.wpgm","timeElapsed":346,"timestamp":"2026-09-23T11:35:18.936Z"}
{"level":"info","message":"⌛ Validating juegoRaton.wpgm","timeElapsed":320,"timestamp":"2026-09-23T11:35:19.272Z"}
{"level":"info","message":"⌛ Validating juegoRaton.wpgm","timeElapsed":497,"timestamp":"2026-09-23T11:35:19.779Z"}
{"level":"info","message":"⌛ Validating juegoRaton.wpgm","timeElapsed":468,"timestamp":"2026-09-23T11:35:20.255Z"}
{"level":"info","message":"⌛ Validating juegoRaton.wpgm","timeElapsed":365,"timestamp":"2026-09-23T11:35:20.630Z"}
{"level":"info","message":"⌛ Building environment","timeElapsed":823,"timestamp":"2026-09-23T11:35:27.450Z"}
{"level":"info","message":"⌛ Building environment","timeElapsed":845,"timestamp":"2026-09-23T11:35:28.311Z"}
{"level":"info","message":"⌛ Building environment","timeElapsed":178,"timestamp":"2026-09-23T11:35:28.495Z"}
{"level":"info","message":"⌛ Validating juegoRaton.wlk","timeElapsed":315,"timestamp":"2026-09-23T11:35:28.822Z"}
{"level":"info","message":"Removing diagnostics from /c:/Users/sotoj/OneDrive/Desktop/RataThief/codigoRaton.wlk","timestamp":"2026-09-23T11:35:28.822Z"}
{"level":"info","message":"⌛ Building environment","timeElapsed":514,"timestamp":"2026-09-23T11:36:33.010Z"}
{"level":"info","message":"⌛ Building environment","timeElapsed":2294,"timestamp":"2026-09-23T11:36:35.345Z"}
{"level":"info","message":"⌛ Building environment","timeElapsed":330,"timestamp":"2026-09-23T11:36:35.675Z"}
{"level":"info","message":"⌛ Validating codigoRaton.wlk","timeElapsed":667,"timestamp":"2026-09-23T11:36:36.374Z"}
{"level":"info","message":"Removing diagnostics from /c:/Users/sotoj/OneDrive/Desktop/RataThief/juegoRaton.wlk","timestamp":"2026-09-23T11:36:36.375Z"}
{"level":"info","message":"⌛ Building environment","timeElapsed":232,"timestamp":"2026-09-23T11:36:36.937Z"}
{"level":"info","message":"⌛ Building environment","timeElapsed":382,"timestamp":"2026-09-23T11:36:37.343Z"}
{"level":"info","message":"⌛ Validating juegoRaton.wpgm","timeElapsed":844,"timestamp":"2026-09-23T11:36:38.188Z"}
{"level":"info","message":"⌛ Building environment","timeElapsed":855,"timestamp":"2026-09-23T11:36:39.047Z"}
{"level":"info","message":"⌛ Building environment","timeElapsed":213,"timestamp":"2026-09-23T11:36:39.280Z"}
{"level":"info","message":"⌛ Building environment","timeElapsed":265,"timestamp":"2026-09-23T11:36:39.555Z"}
{"level":"info","message":"⌛ Validating juegoRaton.wpgm","timeElapsed":412,"timestamp":"2026-09-23T11:36:40.008Z"}
{"level":"info","message":"⌛ Building environment","timeElapsed":223,"timestamp":"2026-09-23T11:36:40.579Z"}
{"level":"info","message":"⌛ Autocomplete - Reference","timeElapsed":132,"timestamp":"2026-09-23T11:36:40.727Z"}
{"level":"info","message":"⌛ Building environment","timeElapsed":190,"timestamp":"2026-09-23T11:36:40.919Z"}
{"level":"info","message":"⌛ Building environment","timeElapsed":148,"timestamp":"2026-09-23T11:36:41.070Z"}
{"level":"info","message":"⌛ Building environment","timeElapsed":218,"timestamp":"2026-09-23T11:36:41.327Z"}
{"level":"info","message":"⌛ Building environment","timeElapsed":270,"timestamp":"2026-09-23T11:36:41.601Z"}
{"level":"info","message":"⌛ Building environment","timeElapsed":320,"timestamp":"2026-09-23T11:36:41.926Z"}
{"level":"info","message":"⌛ Validating juegoRaton.wpgm","timeElapsed":348,"timestamp":"2026-09-23T11:36:42.291Z"}
{"level":"info","message":"⌛ Validating juegoRaton.wpgm","timeElapsed":266,"timestamp":"2026-09-23T11:36:42.567Z"}
{"level":"info","message":"⌛ Validating juegoRaton.wpgm","timeElapsed":282,"timestamp":"2026-09-23T11:36:42.856Z"}
{"level":"info","message":"⌛ Validating juegoRaton.wpgm","timeElapsed":456,"timestamp":"2026-09-23T11:36:43.418Z"}
{"level":"info","message":"⌛ Validating juegoRaton.wpgm","timeElapsed":498,"timestamp":"2026-09-23T11:36:43.927Z"}
{"level":"info","message":"⌛ Validating juegoRaton.wpgm","timeElapsed":247,"timestamp":"2026-09-23T11:36:44.182Z"}
{"level":"info","message":"⌛ Building environment","timeElapsed":166,"timestamp":"2026-09-23T11:36:44.360Z"}
{"level":"info","message":"⌛ Validating juegoRaton.wpgm","timeElapsed":261,"timestamp":"2026-09-23T11:36:44.625Z"}
{"level":"info","message":"⌛ Building environment","timeElapsed":163,"timestamp":"2026-09-23T11:36:44.789Z"}
{"level":"info","message":"⌛ Building environment","timeElapsed":421,"timestamp":"2026-09-23T11:36:45.225Z"}
{"level":"info","message":"⌛ Validating juegoRaton.wpgm","timeElapsed":359,"timestamp":"2026-09-23T11:36:45.585Z"}
{"level":"info","message":"⌛ Building environment","timeElapsed":770,"timestamp":"2026-09-23T11:36:46.419Z"}
{"level":"info","message":"⌛ Validating juegoRaton.wpgm","timeElapsed":485,"timestamp":"2026-09-23T11:36:46.909Z"}
{"level":"info","message":"⌛ Building environment","timeElapsed":215,"timestamp":"2026-09-23T11:36:47.141Z"}
{"level":"info","message":"⌛ Validating juegoRaton.wpgm","timeElapsed":296,"timestamp":"2026-09-23T11:36:47.485Z"}
{"level":"info","message":"⌛ Validating juegoRaton.wpgm","timeElapsed":236,"timestamp":"2026-09-23T11:36:47.723Z"}
{"level":"info","message":"⌛ Validating juegoRaton.wpgm","timeElapsed":234,"timestamp":"2026-09-23T11:36:47.959Z"}
{"level":"info","message":"⌛ Validating juegoRaton.wpgm","timeElapsed":217,"timestamp":"2026-09-23T11:36:48.192Z"}
{"level":"info","message":"⌛ Validating juegoRaton.wpgm","timeElapsed":242,"timestamp":"2026-09-23T11:36:48.441Z"}
{"level":"info","message":"⌛ Building environment","timeElapsed":280,"timestamp":"2026-09-23T11:36:52.683Z"}
{"level":"info","message":"⌛ Validating juegoRaton.wpgm","timeElapsed":341,"timestamp":"2026-09-23T11:36:53.026Z"}
{"level":"info","message":"⌛ Building environment","timeElapsed":183,"timestamp":"2026-09-23T11:37:02.397Z"}
{"level":"info","message":"⌛ Autocomplete - Reference","timeElapsed":142,"timestamp":"2026-09-23T11:37:02.675Z"}
{"level":"info","message":"⌛ Validating juegoRaton.wpgm","timeElapsed":340,"timestamp":"2026-09-23T11:37:03.019Z"}
{"level":"info","message":"⌛ Building environment","timeElapsed":192,"timestamp":"2026-09-23T11:37:03.215Z"}
{"level":"info","message":"⌛ Validating juegoRaton.wpgm","timeElapsed":397,"timestamp":"2026-09-23T11:37:03.692Z"}
{"level":"info","message":"⌛ Building environment","timeElapsed":322,"timestamp":"2026-09-23T11:37:04.032Z"}
{"level":"info","message":"⌛ Building environment","timeElapsed":239,"timestamp":"2026-09-23T11:37:04.367Z"}
{"level":"info","message":"⌛ Building environment","timeElapsed":219,"timestamp":"2026-09-23T11:37:04.618Z"}
{"level":"info","message":"⌛ Building environment","timeElapsed":275,"timestamp":"2026-09-23T11:37:04.965Z"}
{"level":"info","message":"⌛ Validating juegoRaton.wpgm","timeElapsed":345,"timestamp":"2026-09-23T11:37:05.322Z"}
{"level":"info","message":"⌛ Building environment","timeElapsed":164,"timestamp":"2026-09-23T11:37:05.488Z"}
{"level":"info","message":"⌛ Building environment","timeElapsed":147,"timestamp":"2026-09-23T11:37:05.657Z"}
{"level":"info","message":"⌛ Building environment","timeElapsed":161,"timestamp":"2026-09-23T11:37:05.827Z"}
{"level":"info","message":"⌛ Validating juegoRaton.wpgm","timeElapsed":255,"timestamp":"2026-09-23T11:37:06.083Z"}
{"level":"info","message":"⌛ Building environment","timeElapsed":207,"timestamp":"2026-09-23T11:37:06.298Z"}
{"level":"info","message":"⌛ Validating juegoRaton.wpgm","timeElapsed":271,"timestamp":"2026-09-23T11:37:06.571Z"}
{"level":"info","message":"⌛ Validating juegoRaton.wpgm","timeElapsed":243,"timestamp":"2026-09-23T11:37:06.831Z"}
{"level":"info","message":"⌛ Building environment","timeElapsed":223,"timestamp":"2026-09-23T11:37:07.055Z"}
{"level":"info","message":"⌛ Building environment","timeElapsed":189,"timestamp":"2026-09-23T11:37:07.247Z"}
{"level":"info","message":"⌛ Validating juegoRaton.wpgm","timeElapsed":236,"timestamp":"2026-09-23T11:37:07.484Z"}
{"level":"info","message":"⌛ Validating juegoRaton.wpgm","timeElapsed":257,"timestamp":"2026-09-23T11:37:07.900Z"}
{"level":"info","message":"⌛ Validating juegoRaton.wpgm","timeElapsed":239,"timestamp":"2026-09-23T11:37:08.143Z"}
{"level":"info","message":"⌛ Validating juegoRaton.wpgm","timeElapsed":281,"timestamp":"2026-09-23T11:37:08.428Z"}
{"level":"info","message":"⌛ Validating juegoRaton.wpgm","timeElapsed":495,"timestamp":"2026-09-23T11:37:08.927Z"}
{"level":"info","message":"⌛ Validating juegoRaton.wpgm","timeElapsed":223,"timestamp":"2026-09-23T11:37:09.161Z"}
{"level":"info","message":"⌛ Building environment","timeElapsed":394,"timestamp":"2026-09-23T11:40:08.294Z"}
{"level":"info","message":"⌛ Validating codigoRaton.wlk","timeElapsed":312,"timestamp":"2026-09-23T11:40:08.632Z"}
{"level":"info","message":"⌛ Building environment","timeElapsed":438,"timestamp":"2026-09-23T11:40:14.861Z"}
{"level":"info","message":"⌛ Building environment","timeElapsed":200,"timestamp":"2026-09-23T11:40:15.215Z"}
{"level":"info","message":"⌛ Validating codigoRaton.wlk","timeElapsed":369,"timestamp":"2026-09-23T11:40:15.716Z"}
{"level":"info","message":"⌛ Validating codigoRaton.wlk","timeElapsed":915,"timestamp":"2026-09-23T11:40:16.731Z"}
{"level":"info","message":"⌛ Building environment","timeElapsed":174,"timestamp":"2026-09-23T11:40:16.906Z"}
{"level":"info","message":"⌛ Building environment","timeElapsed":390,"timestamp":"2026-09-23T11:40:17.349Z"}
{"level":"info","message":"⌛ Building environment","timeElapsed":241,"timestamp":"2026-09-23T11:40:17.615Z"}
{"level":"info","message":"⌛ Building environment","timeElapsed":145,"timestamp":"2026-09-23T11:40:17.761Z"}
{"level":"info","message":"⌛ Building environment","timeElapsed":342,"timestamp":"2026-09-23T11:40:18.108Z"}
{"level":"info","message":"⌛ Building environment","timeElapsed":249,"timestamp":"2026-09-23T11:40:18.363Z"}
{"level":"info","message":"⌛ Building environment","timeElapsed":141,"timestamp":"2026-09-23T11:40:18.533Z"}
{"level":"info","message":"⌛ Validating codigoRaton.wlk","timeElapsed":305,"timestamp":"2026-09-23T11:40:18.855Z"}
{"level":"info","message":"⌛ Building environment","timeElapsed":187,"timestamp":"2026-09-23T11:40:19.049Z"}
{"level":"info","message":"⌛ Validating codigoRaton.wlk","timeElapsed":1471,"timestamp":"2026-09-23T11:40:20.579Z"}
{"level":"info","message":"⌛ Building environment","timeElapsed":252,"timestamp":"2026-09-23T11:40:20.848Z"}
{"level":"info","message":"⌛ Building environment","timeElapsed":459,"timestamp":"2026-09-23T11:40:21.347Z"}
{"level":"info","message":"⌛ Validating codigoRaton.wlk","timeElapsed":249,"timestamp":"2026-09-23T11:40:21.597Z"}
{"level":"info","message":"⌛ Validating codigoRaton.wlk","timeElapsed":289,"timestamp":"2026-09-23T11:40:21.887Z"}
{"level":"info","message":"⌛ Building environment","timeElapsed":263,"timestamp":"2026-09-23T11:40:22.174Z"}
{"level":"info","message":"⌛ Validating codigoRaton.wlk","timeElapsed":218,"timestamp":"2026-09-23T11:40:22.412Z"}
{"level":"info","message":"⌛ Building environment","timeElapsed":729,"timestamp":"2026-09-23T11:40:23.147Z"}
{"level":"info","message":"⌛ Validating codigoRaton.wlk","timeElapsed":293,"timestamp":"2026-09-23T11:40:23.441Z"}
{"level":"info","message":"⌛ Validating codigoRaton.wlk","timeElapsed":215,"timestamp":"2026-09-23T11:40:23.685Z"}
{"level":"info","message":"⌛ Validating codigoRaton.wlk","timeElapsed":233,"timestamp":"2026-09-23T11:40:23.926Z"}
{"level":"info","message":"⌛ Building environment","timeElapsed":143,"timestamp":"2026-09-23T11:40:24.078Z"}
{"level":"info","message":"⌛ Building environment","timeElapsed":176,"timestamp":"2026-09-23T11:40:24.278Z"}
{"level":"info","message":"⌛ Building environment","timeElapsed":141,"timestamp":"2026-09-23T11:40:24.422Z"}
{"level":"info","message":"⌛ Validating codigoRaton.wlk","timeElapsed":327,"timestamp":"2026-09-23T11:40:24.938Z"}
{"level":"info","message":"⌛ Validating codigoRaton.wlk","timeElapsed":278,"timestamp":"2026-09-23T11:40:25.224Z"}
{"level":"info","message":"⌛ Validating codigoRaton.wlk","timeElapsed":331,"timestamp":"2026-09-23T11:40:25.563Z"}
{"level":"info","message":"⌛ Validating codigoRaton.wlk","timeElapsed":298,"timestamp":"2026-09-23T11:40:25.874Z"}
{"level":"info","message":"⌛ Validating codigoRaton.wlk","timeElapsed":341,"timestamp":"2026-09-23T11:40:26.221Z"}
{"level":"info","message":"⌛ Validating codigoRaton.wlk","timeElapsed":221,"timestamp":"2026-09-23T11:40:26.456Z"}
{"level":"info","message":"⌛ Validating codigoRaton.wlk","timeElapsed":275,"timestamp":"2026-09-23T11:40:26.734Z"}
{"level":"info","message":"⌛ Building environment","timeElapsed":325,"timestamp":"2026-09-23T11:40:38.227Z"}
{"level":"info","message":"⌛ Validating codigoRaton.wlk","timeElapsed":259,"timestamp":"2026-09-23T11:40:38.490Z"}
{"level":"info","message":"⌛ Building environment","timeElapsed":204,"timestamp":"2026-09-23T11:40:41.173Z"}
{"level":"info","message":"⌛ Building environment","timeElapsed":144,"timestamp":"2026-09-23T11:40:41.319Z"}
{"level":"info","message":"⌛ Validating codigoRaton.wlk","timeElapsed":200,"timestamp":"2026-09-23T11:40:41.522Z"}
{"level":"info","message":"⌛ Validating codigoRaton.wlk","timeElapsed":199,"timestamp":"2026-09-23T11:40:41.724Z"}
{"level":"info","message":"⌛ Building environment","timeElapsed":499,"timestamp":"2026-09-23T11:40:42.476Z"}
{"level":"info","message":"⌛ Building environment","timeElapsed":361,"timestamp":"2026-09-23T11:40:42.934Z"}
{"level":"info","message":"⌛ Building environment","timeElapsed":158,"timestamp":"2026-09-23T11:40:43.111Z"}
{"level":"info","message":"⌛ Building environment","timeElapsed":126,"timestamp":"2026-09-23T11:40:43.239Z"}
{"level":"error","message":"✘ Failed to rebuild document Failed to parse codigoRaton.wlk: \n-- PARSING FAILED --------------------------------------------------\n\nGot the end of the input\n\nExpected one of the following: \n\nidentifier, whitespace\n","stack":"Error: Failed to parse codigoRaton.wlk: \n-- PARSING FAILED --------------------------------------------------\n\nGot the end of the input\n\nExpected one of the following: \n\nidentifier, whitespace\n\n    at c:\\Users\\sotoj\\.vscode\\extensions\\uqbar.wollok-lsp-ide-0.5.5\\out\\server\\src\\server.js:2385:13026\n    at Array.map (<anonymous>)\n    at z1n (c:\\Users\\sotoj\\.vscode\\extensions\\uqbar.wollok-lsp-ide-0.5.5\\out\\server\\src\\server.js:2385:12950)\n    at H2.buildEnvironmentFrom (c:\\Users\\sotoj\\.vscode\\extensions\\uqbar.wollok-lsp-ide-0.5.5\\out\\server\\src\\server.js:2430:5254)\n    at H2.updateEnvironmentWith (c:\\Users\\sotoj\\.vscode\\extensions\\uqbar.wollok-lsp-ide-0.5.5\\out\\server\\src\\server.js:2430:4989)\n    at QF (c:\\Users\\sotoj\\.vscode\\extensions\\uqbar.wollok-lsp-ide-0.5.5\\out\\server\\src\\server.js:2430:7383)\n    at V3.invoke (c:\\Users\\sotoj\\.vscode\\extensions\\uqbar.wollok-lsp-ide-0.5.5\\out\\server\\src\\server.js:3:157330)\n    at o.fire (c:\\Users\\sotoj\\.vscode\\extensions\\uqbar.wollok-lsp-ide-0.5.5\\out\\server\\src\\server.js:3:158100)\n    at c:\\Users\\sotoj\\.vscode\\extensions\\uqbar.wollok-lsp-ide-0.5.5\\out\\server\\src\\server.js:37:57871\n    at nd (c:\\Users\\sotoj\\.vscode\\extensions\\uqbar.wollok-lsp-ide-0.5.5\\out\\server\\src\\server.js:8:1561)","timestamp":"2026-09-23T11:40:43.278Z"}
{"level":"info","message":"⌛ Validating codigoRaton.wlk","timeElapsed":287,"timestamp":"2026-09-23T11:40:43.571Z"}
{"level":"info","message":"⌛ Validating codigoRaton.wlk","timeElapsed":344,"timestamp":"2026-09-23T11:40:44.026Z"}
{"level":"info","message":"⌛ Validating codigoRaton.wlk","timeElapsed":216,"timestamp":"2026-09-23T11:40:44.249Z"}
{"level":"info","message":"⌛ Validating codigoRaton.wlk","timeElapsed":218,"timestamp":"2026-09-23T11:40:44.472Z"}
{"level":"info","message":"⌛ Building environment","timeElapsed":147,"timestamp":"2026-09-23T11:40:46.852Z"}
{"level":"info","message":"⌛ Validating codigoRaton.wlk","timeElapsed":246,"timestamp":"2026-09-23T11:40:47.102Z"}
{"level":"error","message":"✘ Failed to rebuild document Failed to parse codigoRaton.wlk: \n-- PARSING FAILED --------------------------------------------------\n\nGot the end of the input\n\nExpected one of the following: \n\nidentifier, whitespace\n","stack":"Error: Failed to parse codigoRaton.wlk: \n-- PARSING FAILED --------------------------------------------------\n\nGot the end of the input\n\nExpected one of the following: \n\nidentifier, whitespace\n\n    at c:\\Users\\sotoj\\.vscode\\extensions\\uqbar.wollok-lsp-ide-0.5.5\\out\\server\\src\\server.js:2385:13026\n    at Array.map (<anonymous>)\n    at z1n (c:\\Users\\sotoj\\.vscode\\extensions\\uqbar.wollok-lsp-ide-0.5.5\\out\\server\\src\\server.js:2385:12950)\n    at H2.buildEnvironmentFrom (c:\\Users\\sotoj\\.vscode\\extensions\\uqbar.wollok-lsp-ide-0.5.5\\out\\server\\src\\server.js:2430:5254)\n    at H2.updateEnvironmentWith (c:\\Users\\sotoj\\.vscode\\extensions\\uqbar.wollok-lsp-ide-0.5.5\\out\\server\\src\\server.js:2430:4989)\n    at QF (c:\\Users\\sotoj\\.vscode\\extensions\\uqbar.wollok-lsp-ide-0.5.5\\out\\server\\src\\server.js:2430:7383)\n    at V3.invoke (c:\\Users\\sotoj\\.vscode\\extensions\\uqbar.wollok-lsp-ide-0.5.5\\out\\server\\src\\server.js:3:157330)\n    at o.fire (c:\\Users\\sotoj\\.vscode\\extensions\\uqbar.wollok-lsp-ide-0.5.5\\out\\server\\src\\server.js:3:158100)\n    at c:\\Users\\sotoj\\.vscode\\extensions\\uqbar.wollok-lsp-ide-0.5.5\\out\\server\\src\\server.js:37:57871\n    at nd (c:\\Users\\sotoj\\.vscode\\extensions\\uqbar.wollok-lsp-ide-0.5.5\\out\\server\\src\\server.js:8:1561)","timestamp":"2026-09-23T11:40:47.844Z"}
{"level":"error","message":"✘ Failed to rebuild document Failed to parse codigoRaton.wlk: \n-- PARSING FAILED --------------------------------------------------\n\nGot the end of the input\n\nExpected one of the following: \n\nidentifier, whitespace\n","stack":"Error: Failed to parse codigoRaton.wlk: \n-- PARSING FAILED --------------------------------------------------\n\nGot the end of the input\n\nExpected one of the following: \n\nidentifier, whitespace\n\n    at c:\\Users\\sotoj\\.vscode\\extensions\\uqbar.wollok-lsp-ide-0.5.5\\out\\server\\src\\server.js:2385:13026\n    at Array.map (<anonymous>)\n    at z1n (c:\\Users\\sotoj\\.vscode\\extensions\\uqbar.wollok-lsp-ide-0.5.5\\out\\server\\src\\server.js:2385:12950)\n    at H2.buildEnvironmentFrom (c:\\Users\\sotoj\\.vscode\\extensions\\uqbar.wollok-lsp-ide-0.5.5\\out\\server\\src\\server.js:2430:5254)\n    at H2.updateEnvironmentWith (c:\\Users\\sotoj\\.vscode\\extensions\\uqbar.wollok-lsp-ide-0.5.5\\out\\server\\src\\server.js:2430:4989)\n    at QF (c:\\Users\\sotoj\\.vscode\\extensions\\uqbar.wollok-lsp-ide-0.5.5\\out\\server\\src\\server.js:2430:7383)\n    at V3.invoke (c:\\Users\\sotoj\\.vscode\\extensions\\uqbar.wollok-lsp-ide-0.5.5\\out\\server\\src\\server.js:3:157330)\n    at o.fire (c:\\Users\\sotoj\\.vscode\\extensions\\uqbar.wollok-lsp-ide-0.5.5\\out\\server\\src\\server.js:3:158100)\n    at c:\\Users\\sotoj\\.vscode\\extensions\\uqbar.wollok-lsp-ide-0.5.5\\out\\server\\src\\server.js:37:57871\n    at nd (c:\\Users\\sotoj\\.vscode\\extensions\\uqbar.wollok-lsp-ide-0.5.5\\out\\server\\src\\server.js:8:1561)","timestamp":"2026-09-23T11:40:48.011Z"}
{"level":"error","message":"✘ Failed to rebuild document Failed to parse codigoRaton.wlk: \n-- PARSING FAILED --------------------------------------------------\n\nGot the end of the input\n\nExpected one of the following: \n\n'inherits', '{', whitespace\n","stack":"Error: Failed to parse codigoRaton.wlk: \n-- PARSING FAILED --------------------------------------------------\n\nGot the end of the input\n\nExpected one of the following: \n\n'inherits', '{', whitespace\n\n    at c:\\Users\\sotoj\\.vscode\\extensions\\uqbar.wollok-lsp-ide-0.5.5\\out\\server\\src\\server.js:2385:13026\n    at Array.map (<anonymous>)\n    at z1n (c:\\Users\\sotoj\\.vscode\\extensions\\uqbar.wollok-lsp-ide-0.5.5\\out\\server\\src\\server.js:2385:12950)\n    at H2.buildEnvironmentFrom (c:\\Users\\sotoj\\.vscode\\extensions\\uqbar.wollok-lsp-ide-0.5.5\\out\\server\\src\\server.js:2430:5254)\n    at H2.updateEnvironmentWith (c:\\Users\\sotoj\\.vscode\\extensions\\uqbar.wollok-lsp-ide-0.5.5\\out\\server\\src\\server.js:2430:4989)\n    at QF (c:\\Users\\sotoj\\.vscode\\extensions\\uqbar.wollok-lsp-ide-0.5.5\\out\\server\\src\\server.js:2430:7383)\n    at V3.invoke (c:\\Users\\sotoj\\.vscode\\extensions\\uqbar.wollok-lsp-ide-0.5.5\\out\\server\\src\\server.js:3:157330)\n    at o.fire (c:\\Users\\sotoj\\.vscode\\extensions\\uqbar.wollok-lsp-ide-0.5.5\\out\\server\\src\\server.js:3:158100)\n    at c:\\Users\\sotoj\\.vscode\\extensions\\uqbar.wollok-lsp-ide-0.5.5\\out\\server\\src\\server.js:37:57871\n    at nd (c:\\Users\\sotoj\\.vscode\\extensions\\uqbar.wollok-lsp-ide-0.5.5\\out\\server\\src\\server.js:8:1561)","timestamp":"2026-09-23T11:40:48.938Z"}
{"level":"error","message":"✘ Failed to rebuild document Failed to parse codigoRaton.wlk: \n-- PARSING FAILED --------------------------------------------------\n\nGot the end of the input\n\nExpected one of the following: \n\nidentifier, whitespace\n","stack":"Error: Failed to parse codigoRaton.wlk: \n-- PARSING FAILED --------------------------------------------------\n\nGot the end of the input\n\nExpected one of the following: \n\nidentifier, whitespace\n\n    at c:\\Users\\sotoj\\.vscode\\extensions\\uqbar.wollok-lsp-ide-0.5.5\\out\\server\\src\\server.js:2385:13026\n    at Array.map (<anonymous>)\n    at z1n (c:\\Users\\sotoj\\.vscode\\extensions\\uqbar.wollok-lsp-ide-0.5.5\\out\\server\\src\\server.js:2385:12950)\n    at H2.buildEnvironmentFrom (c:\\Users\\sotoj\\.vscode\\extensions\\uqbar.wollok-lsp-ide-0.5.5\\out\\server\\src\\server.js:2430:5254)\n    at H2.updateEnvironmentWith (c:\\Users\\sotoj\\.vscode\\extensions\\uqbar.wollok-lsp-ide-0.5.5\\out\\server\\src\\server.js:2430:4989)\n    at QF (c:\\Users\\sotoj\\.vscode\\extensions\\uqbar.wollok-lsp-ide-0.5.5\\out\\server\\src\\server.js:2430:7383)\n    at V3.invoke (c:\\Users\\sotoj\\.vscode\\extensions\\uqbar.wollok-lsp-ide-0.5.5\\out\\server\\src\\server.js:3:157330)\n    at o.fire (c:\\Users\\sotoj\\.vscode\\extensions\\uqbar.wollok-lsp-ide-0.5.5\\out\\server\\src\\server.js:3:158100)\n    at c:\\Users\\sotoj\\.vscode\\extensions\\uqbar.wollok-lsp-ide-0.5.5\\out\\server\\src\\server.js:37:57871\n    at nd (c:\\Users\\sotoj\\.vscode\\extensions\\uqbar.wollok-lsp-ide-0.5.5\\out\\server\\src\\server.js:8:1561)","timestamp":"2026-09-23T11:40:54.644Z"}
{"level":"error","message":"✘ Failed to rebuild document Failed to parse codigoRaton.wlk: \n-- PARSING FAILED --------------------------------------------------\n\nGot the end of the input\n\nExpected one of the following: \n\n'inherits', '{', whitespace\n","stack":"Error: Failed to parse codigoRaton.wlk: \n-- PARSING FAILED --------------------------------------------------\n\nGot the end of the input\n\nExpected one of the following: \n\n'inherits', '{', whitespace\n\n    at c:\\Users\\sotoj\\.vscode\\extensions\\uqbar.wollok-lsp-ide-0.5.5\\out\\server\\src\\server.js:2385:13026\n    at Array.map (<anonymous>)\n    at z1n (c:\\Users\\sotoj\\.vscode\\extensions\\uqbar.wollok-lsp-ide-0.5.5\\out\\server\\src\\server.js:2385:12950)\n    at H2.buildEnvironmentFrom (c:\\Users\\sotoj\\.vscode\\extensions\\uqbar.wollok-lsp-ide-0.5.5\\out\\server\\src\\server.js:2430:5254)\n    at H2.updateEnvironmentWith (c:\\Users\\sotoj\\.vscode\\extensions\\uqbar.wollok-lsp-ide-0.5.5\\out\\server\\src\\server.js:2430:4989)\n    at QF (c:\\Users\\sotoj\\.vscode\\extensions\\uqbar.wollok-lsp-ide-0.5.5\\out\\server\\src\\server.js:2430:7383)\n    at V3.invoke (c:\\Users\\sotoj\\.vscode\\extensions\\uqbar.wollok-lsp-ide-0.5.5\\out\\server\\src\\server.js:3:157330)\n    at o.fire (c:\\Users\\sotoj\\.vscode\\extensions\\uqbar.wollok-lsp-ide-0.5.5\\out\\server\\src\\server.js:3:158100)\n    at c:\\Users\\sotoj\\.vscode\\extensions\\uqbar.wollok-lsp-ide-0.5.5\\out\\server\\src\\server.js:37:57871\n    at nd (c:\\Users\\sotoj\\.vscode\\extensions\\uqbar.wollok-lsp-ide-0.5.5\\out\\server\\src\\server.js:8:1561)","timestamp":"2026-09-23T11:40:55.556Z"}
{"level":"error","message":"✘ Failed to rebuild document Failed to parse codigoRaton.wlk: \n-- PARSING FAILED --------------------------------------------------\n\nGot the end of the input\n\nExpected one of the following: \n\n'inherits', '{', whitespace\n","stack":"Error: Failed to parse codigoRaton.wlk: \n-- PARSING FAILED --------------------------------------------------\n\nGot the end of the input\n\nExpected one of the following: \n\n'inherits', '{', whitespace\n\n    at c:\\Users\\sotoj\\.vscode\\extensions\\uqbar.wollok-lsp-ide-0.5.5\\out\\server\\src\\server.js:2385:13026\n    at Array.map (<anonymous>)\n    at z1n (c:\\Users\\sotoj\\.vscode\\extensions\\uqbar.wollok-lsp-ide-0.5.5\\out\\server\\src\\server.js:2385:12950)\n    at H2.buildEnvironmentFrom (c:\\Users\\sotoj\\.vscode\\extensions\\uqbar.wollok-lsp-ide-0.5.5\\out\\server\\src\\server.js:2430:5254)\n    at H2.updateEnvironmentWith (c:\\Users\\sotoj\\.vscode\\extensions\\uqbar.wollok-lsp-ide-0.5.5\\out\\server\\src\\server.js:2430:4989)\n    at QF (c:\\Users\\sotoj\\.vscode\\extensions\\uqbar.wollok-lsp-ide-0.5.5\\out\\server\\src\\server.js:2430:7383)\n    at V3.invoke (c:\\Users\\sotoj\\.vscode\\extensions\\uqbar.wollok-lsp-ide-0.5.5\\out\\server\\src\\server.js:3:157330)\n    at o.fire (c:\\Users\\sotoj\\.vscode\\extensions\\uqbar.wollok-lsp-ide-0.5.5\\out\\server\\src\\server.js:3:158100)\n    at c:\\Users\\sotoj\\.vscode\\extensions\\uqbar.wollok-lsp-ide-0.5.5\\out\\server\\src\\server.js:37:57871\n    at nd (c:\\Users\\sotoj\\.vscode\\extensions\\uqbar.wollok-lsp-ide-0.5.5\\out\\server\\src\\server.js:8:1561)","timestamp":"2026-09-23T11:40:55.707Z"}
{"level":"error","message":"✘ Failed to rebuild document Failed to parse codigoRaton.wlk: \n-- PARSING FAILED --------------------------------------------------\n\nGot the end of the input\n\nExpected one of the following: \n\n'inherits', '{', whitespace\n","stack":"Error: Failed to parse codigoRaton.wlk: \n-- PARSING FAILED --------------------------------------------------\n\nGot the end of the input\n\nExpected one of the following: \n\n'inherits', '{', whitespace\n\n    at c:\\Users\\sotoj\\.vscode\\extensions\\uqbar.wollok-lsp-ide-0.5.5\\out\\server\\src\\server.js:2385:13026\n    at Array.map (<anonymous>)\n    at z1n (c:\\Users\\sotoj\\.vscode\\extensions\\uqbar.wollok-lsp-ide-0.5.5\\out\\server\\src\\server.js:2385:12950)\n    at H2.buildEnvironmentFrom (c:\\Users\\sotoj\\.vscode\\extensions\\uqbar.wollok-lsp-ide-0.5.5\\out\\server\\src\\server.js:2430:5254)\n    at H2.updateEnvironmentWith (c:\\Users\\sotoj\\.vscode\\extensions\\uqbar.wollok-lsp-ide-0.5.5\\out\\server\\src\\server.js:2430:4989)\n    at QF (c:\\Users\\sotoj\\.vscode\\extensions\\uqbar.wollok-lsp-ide-0.5.5\\out\\server\\src\\server.js:2430:7383)\n    at V3.invoke (c:\\Users\\sotoj\\.vscode\\extensions\\uqbar.wollok-lsp-ide-0.5.5\\out\\server\\src\\server.js:3:157330)\n    at o.fire (c:\\Users\\sotoj\\.vscode\\extensions\\uqbar.wollok-lsp-ide-0.5.5\\out\\server\\src\\server.js:3:158100)\n    at c:\\Users\\sotoj\\.vscode\\extensions\\uqbar.wollok-lsp-ide-0.5.5\\out\\server\\src\\server.js:37:57871\n    at nd (c:\\Users\\sotoj\\.vscode\\extensions\\uqbar.wollok-lsp-ide-0.5.5\\out\\server\\src\\server.js:8:1561)","timestamp":"2026-09-23T11:40:55.914Z"}
{"level":"error","message":"✘ Failed to rebuild document Failed to parse codigoRaton.wlk: \n-- PARSING FAILED --------------------------------------------------\n\nGot the end of the input\n\nExpected one of the following: \n\n'inherits', '{', whitespace\n","stack":"Error: Failed to parse codigoRaton.wlk: \n-- PARSING FAILED --------------------------------------------------\n\nGot the end of the input\n\nExpected one of the following: \n\n'inherits', '{', whitespace\n\n    at c:\\Users\\sotoj\\.vscode\\extensions\\uqbar.wollok-lsp-ide-0.5.5\\out\\server\\src\\server.js:2385:13026\n    at Array.map (<anonymous>)\n    at z1n (c:\\Users\\sotoj\\.vscode\\extensions\\uqbar.wollok-lsp-ide-0.5.5\\out\\server\\src\\server.js:2385:12950)\n    at H2.buildEnvironmentFrom (c:\\Users\\sotoj\\.vscode\\extensions\\uqbar.wollok-lsp-ide-0.5.5\\out\\server\\src\\server.js:2430:5254)\n    at H2.updateEnvironmentWith (c:\\Users\\sotoj\\.vscode\\extensions\\uqbar.wollok-lsp-ide-0.5.5\\out\\server\\src\\server.js:2430:4989)\n    at QF (c:\\Users\\sotoj\\.vscode\\extensions\\uqbar.wollok-lsp-ide-0.5.5\\out\\server\\src\\server.js:2430:7383)\n    at V3.invoke (c:\\Users\\sotoj\\.vscode\\extensions\\uqbar.wollok-lsp-ide-0.5.5\\out\\server\\src\\server.js:3:157330)\n    at o.fire (c:\\Users\\sotoj\\.vscode\\extensions\\uqbar.wollok-lsp-ide-0.5.5\\out\\server\\src\\server.js:3:158100)\n    at c:\\Users\\sotoj\\.vscode\\extensions\\uqbar.wollok-lsp-ide-0.5.5\\out\\server\\src\\server.js:37:57871\n    at nd (c:\\Users\\sotoj\\.vscode\\extensions\\uqbar.wollok-lsp-ide-0.5.5\\out\\server\\src\\server.js:8:1561)","timestamp":"2026-09-23T11:40:56.173Z"}
{"level":"error","message":"✘ Failed to rebuild document Failed to parse codigoRaton.wlk: \n-- PARSING FAILED --------------------------------------------------\n\nGot the end of the input\n\nExpected one of the following: \n\n'inherits', '{', whitespace\n","stack":"Error: Failed to parse codigoRaton.wlk: \n-- PARSING FAILED --------------------------------------------------\n\nGot the end of the input\n\nExpected one of the following: \n\n'inherits', '{', whitespace\n\n    at c:\\Users\\sotoj\\.vscode\\extensions\\uqbar.wollok-lsp-ide-0.5.5\\out\\server\\src\\server.js:2385:13026\n    at Array.map (<anonymous>)\n    at z1n (c:\\Users\\sotoj\\.vscode\\extensions\\uqbar.wollok-lsp-ide-0.5.5\\out\\server\\src\\server.js:2385:12950)\n    at H2.buildEnvironmentFrom (c:\\Users\\sotoj\\.vscode\\extensions\\uqbar.wollok-lsp-ide-0.5.5\\out\\server\\src\\server.js:2430:5254)\n    at H2.updateEnvironmentWith (c:\\Users\\sotoj\\.vscode\\extensions\\uqbar.wollok-lsp-ide-0.5.5\\out\\server\\src\\server.js:2430:4989)\n    at QF (c:\\Users\\sotoj\\.vscode\\extensions\\uqbar.wollok-lsp-ide-0.5.5\\out\\server\\src\\server.js:2430:7383)\n    at V3.invoke (c:\\Users\\sotoj\\.vscode\\extensions\\uqbar.wollok-lsp-ide-0.5.5\\out\\server\\src\\server.js:3:157330)\n    at o.fire (c:\\Users\\sotoj\\.vscode\\extensions\\uqbar.wollok-lsp-ide-0.5.5\\out\\server\\src\\server.js:3:158100)\n    at c:\\Users\\sotoj\\.vscode\\extensions\\uqbar.wollok-lsp-ide-0.5.5\\out\\server\\src\\server.js:37:57871\n    at nd (c:\\Users\\sotoj\\.vscode\\extensions\\uqbar.wollok-lsp-ide-0.5.5\\out\\server\\src\\server.js:8:1561)","timestamp":"2026-09-23T11:40:56.928Z"}
{"level":"error","message":"✘ Failed to rebuild document Failed to parse codigoRaton.wlk: \n-- PARSING FAILED --------------------------------------------------\n\nGot the end of the input\n\nExpected one of the following: \n\n'inherits', '{', whitespace\n","stack":"Error: Failed to parse codigoRaton.wlk: \n-- PARSING FAILED --------------------------------------------------\n\nGot the end of the input\n\nExpected one of the following: \n\n'inherits', '{', whitespace\n\n    at c:\\Users\\sotoj\\.vscode\\extensions\\uqbar.wollok-lsp-ide-0.5.5\\out\\server\\src\\server.js:2385:13026\n    at Array.map (<anonymous>)\n    at z1n (c:\\Users\\sotoj\\.vscode\\extensions\\uqbar.wollok-lsp-ide-0.5.5\\out\\server\\src\\server.js:2385:12950)\n    at H2.buildEnvironmentFrom (c:\\Users\\sotoj\\.vscode\\extensions\\uqbar.wollok-lsp-ide-0.5.5\\out\\server\\src\\server.js:2430:5254)\n    at H2.updateEnvironmentWith (c:\\Users\\sotoj\\.vscode\\extensions\\uqbar.wollok-lsp-ide-0.5.5\\out\\server\\src\\server.js:2430:4989)\n    at QF (c:\\Users\\sotoj\\.vscode\\extensions\\uqbar.wollok-lsp-ide-0.5.5\\out\\server\\src\\server.js:2430:7383)\n    at V3.invoke (c:\\Users\\sotoj\\.vscode\\extensions\\uqbar.wollok-lsp-ide-0.5.5\\out\\server\\src\\server.js:3:157330)\n    at o.fire (c:\\Users\\sotoj\\.vscode\\extensions\\uqbar.wollok-lsp-ide-0.5.5\\out\\server\\src\\server.js:3:158100)\n    at c:\\Users\\sotoj\\.vscode\\extensions\\uqbar.wollok-lsp-ide-0.5.5\\out\\server\\src\\server.js:37:57871\n    at nd (c:\\Users\\sotoj\\.vscode\\extensions\\uqbar.wollok-lsp-ide-0.5.5\\out\\server\\src\\server.js:8:1561)","timestamp":"2026-09-23T11:40:57.640Z"}
{"level":"error","message":"✘ Failed to rebuild document Failed to parse codigoRaton.wlk: \n-- PARSING FAILED --------------------------------------------------\n\nGot the end of the input\n\nExpected one of the following: \n\n'inherits', '{', whitespace\n","stack":"Error: Failed to parse codigoRaton.wlk: \n-- PARSING FAILED --------------------------------------------------\n\nGot the end of the input\n\nExpected one of the following: \n\n'inherits', '{', whitespace\n\n    at c:\\Users\\sotoj\\.vscode\\extensions\\uqbar.wollok-lsp-ide-0.5.5\\out\\server\\src\\server.js:2385:13026\n    at Array.map (<anonymous>)\n    at z1n (c:\\Users\\sotoj\\.vscode\\extensions\\uqbar.wollok-lsp-ide-0.5.5\\out\\server\\src\\server.js:2385:12950)\n    at H2.buildEnvironmentFrom (c:\\Users\\sotoj\\.vscode\\extensions\\uqbar.wollok-lsp-ide-0.5.5\\out\\server\\src\\server.js:2430:5254)\n    at H2.updateEnvironmentWith (c:\\Users\\sotoj\\.vscode\\extensions\\uqbar.wollok-lsp-ide-0.5.5\\out\\server\\src\\server.js:2430:4989)\n    at QF (c:\\Users\\sotoj\\.vscode\\extensions\\uqbar.wollok-lsp-ide-0.5.5\\out\\server\\src\\server.js:2430:7383)\n    at V3.invoke (c:\\Users\\sotoj\\.vscode\\extensions\\uqbar.wollok-lsp-ide-0.5.5\\out\\server\\src\\server.js:3:157330)\n    at o.fire (c:\\Users\\sotoj\\.vscode\\extensions\\uqbar.wollok-lsp-ide-0.5.5\\out\\server\\src\\server.js:3:158100)\n    at c:\\Users\\sotoj\\.vscode\\extensions\\uqbar.wollok-lsp-ide-0.5.5\\out\\server\\src\\server.js:37:57871\n    at nd (c:\\Users\\sotoj\\.vscode\\extensions\\uqbar.wollok-lsp-ide-0.5.5\\out\\server\\src\\server.js:8:1561)","timestamp":"2026-09-23T11:40:57.940Z"}
{"level":"error","message":"✘ Failed to rebuild document Failed to parse codigoRaton.wlk: \n-- PARSING FAILED --------------------------------------------------\n\nGot the end of the input\n\nExpected one of the following: \n\n'inherits', '{', whitespace\n","stack":"Error: Failed to parse codigoRaton.wlk: \n-- PARSING FAILED --------------------------------------------------\n\nGot the end of the input\n\nExpected one of the following: \n\n'inherits', '{', whitespace\n\n    at c:\\Users\\sotoj\\.vscode\\extensions\\uqbar.wollok-lsp-ide-0.5.5\\out\\server\\src\\server.js:2385:13026\n    at Array.map (<anonymous>)\n    at z1n (c:\\Users\\sotoj\\.vscode\\extensions\\uqbar.wollok-lsp-ide-0.5.5\\out\\server\\src\\server.js:2385:12950)\n    at H2.buildEnvironmentFrom (c:\\Users\\sotoj\\.vscode\\extensions\\uqbar.wollok-lsp-ide-0.5.5\\out\\server\\src\\server.js:2430:5254)\n    at H2.updateEnvironmentWith (c:\\Users\\sotoj\\.vscode\\extensions\\uqbar.wollok-lsp-ide-0.5.5\\out\\server\\src\\server.js:2430:4989)\n    at QF (c:\\Users\\sotoj\\.vscode\\extensions\\uqbar.wollok-lsp-ide-0.5.5\\out\\server\\src\\server.js:2430:7383)\n    at V3.invoke (c:\\Users\\sotoj\\.vscode\\extensions\\uqbar.wollok-lsp-ide-0.5.5\\out\\server\\src\\server.js:3:157330)\n    at o.fire (c:\\Users\\sotoj\\.vscode\\extensions\\uqbar.wollok-lsp-ide-0.5.5\\out\\server\\src\\server.js:3:158100)\n    at c:\\Users\\sotoj\\.vscode\\extensions\\uqbar.wollok-lsp-ide-0.5.5\\out\\server\\src\\server.js:37:57871\n    at nd (c:\\Users\\sotoj\\.vscode\\extensions\\uqbar.wollok-lsp-ide-0.5.5\\out\\server\\src\\server.js:8:1561)","timestamp":"2026-09-23T11:41:02.208Z"}
{"level":"error","message":"✘ Failed to rebuild document Failed to parse codigoRaton.wlk: \n-- PARSING FAILED --------------------------------------------------\n\nGot the end of the input\n\nExpected one of the following: \n\n'inherits', '{', whitespace\n","stack":"Error: Failed to parse codigoRaton.wlk: \n-- PARSING FAILED --------------------------------------------------\n\nGot the end of the input\n\nExpected one of the following: \n\n'inherits', '{', whitespace\n\n    at c:\\Users\\sotoj\\.vscode\\extensions\\uqbar.wollok-lsp-ide-0.5.5\\out\\server\\src\\server.js:2385:13026\n    at Array.map (<anonymous>)\n    at z1n (c:\\Users\\sotoj\\.vscode\\extensions\\uqbar.wollok-lsp-ide-0.5.5\\out\\server\\src\\server.js:2385:12950)\n    at H2.buildEnvironmentFrom (c:\\Users\\sotoj\\.vscode\\extensions\\uqbar.wollok-lsp-ide-0.5.5\\out\\server\\src\\server.js:2430:5254)\n    at H2.updateEnvironmentWith (c:\\Users\\sotoj\\.vscode\\extensions\\uqbar.wollok-lsp-ide-0.5.5\\out\\server\\src\\server.js:2430:4989)\n    at QF (c:\\Users\\sotoj\\.vscode\\extensions\\uqbar.wollok-lsp-ide-0.5.5\\out\\server\\src\\server.js:2430:7383)\n    at V3.invoke (c:\\Users\\sotoj\\.vscode\\extensions\\uqbar.wollok-lsp-ide-0.5.5\\out\\server\\src\\server.js:3:157330)\n    at o.fire (c:\\Users\\sotoj\\.vscode\\extensions\\uqbar.wollok-lsp-ide-0.5.5\\out\\server\\src\\server.js:3:158100)\n    at c:\\Users\\sotoj\\.vscode\\extensions\\uqbar.wollok-lsp-ide-0.5.5\\out\\server\\src\\server.js:37:57871\n    at nd (c:\\Users\\sotoj\\.vscode\\extensions\\uqbar.wollok-lsp-ide-0.5.5\\out\\server\\src\\server.js:8:1561)","timestamp":"2026-09-23T11:41:06.384Z"}
{"level":"info","message":"⌛ Building environment","timeElapsed":233,"timestamp":"2026-09-23T11:41:06.760Z"}
{"level":"info","message":"⌛ Validating codigoRaton.wlk","timeElapsed":371,"timestamp":"2026-09-23T11:41:07.139Z"}
{"level":"info","message":"⌛ Building environment","timeElapsed":262,"timestamp":"2026-09-23T11:41:07.452Z"}
{"level":"info","message":"⌛ Validating codigoRaton.wlk","timeElapsed":291,"timestamp":"2026-09-23T11:41:07.768Z"}
{"level":"info","message":"⌛ Building environment","timeElapsed":505,"timestamp":"2026-09-23T11:41:09.655Z"}
{"level":"info","message":"⌛ Validating codigoRaton.wlk","timeElapsed":314,"timestamp":"2026-09-23T11:41:10.082Z"}
{"level":"info","message":"⌛ Building environment","timeElapsed":202,"timestamp":"2026-09-23T11:41:26.498Z"}
{"level":"info","message":"⌛ Validating codigoRaton.wlk","timeElapsed":218,"timestamp":"2026-09-23T11:41:26.720Z"}
{"level":"info","message":"⌛ Building environment","timeElapsed":525,"timestamp":"2026-09-23T11:41:28.251Z"}
{"level":"info","message":"⌛ Validating codigoRaton.wlk","timeElapsed":244,"timestamp":"2026-09-23T11:41:28.578Z"}
{"level":"info","message":"⌛ Building environment","timeElapsed":271,"timestamp":"2026-09-23T11:41:29.559Z"}
{"level":"info","message":"⌛ Building environment","timeElapsed":266,"timestamp":"2026-09-23T11:41:29.951Z"}
{"level":"info","message":"⌛ Validating codigoRaton.wlk","timeElapsed":299,"timestamp":"2026-09-23T11:41:30.256Z"}
{"level":"info","message":"⌛ Building environment","timeElapsed":187,"timestamp":"2026-09-23T11:41:30.446Z"}
{"level":"info","message":"⌛ Validating codigoRaton.wlk","timeElapsed":274,"timestamp":"2026-09-23T11:41:30.752Z"}
{"level":"info","message":"⌛ Validating codigoRaton.wlk","timeElapsed":226,"timestamp":"2026-09-23T11:41:31.010Z"}
{"level":"info","message":"⌛ Building environment","timeElapsed":203,"timestamp":"2026-09-23T11:41:31.803Z"}
{"level":"info","message":"⌛ Validating codigoRaton.wlk","timeElapsed":333,"timestamp":"2026-09-23T11:41:32.206Z"}
{"level":"info","message":"⌛ Building environment","timeElapsed":241,"timestamp":"2026-09-23T11:41:36.863Z"}
{"level":"info","message":"⌛ Building environment","timeElapsed":275,"timestamp":"2026-09-23T11:41:37.146Z"}
{"level":"info","message":"⌛ Validating codigoRaton.wlk","timeElapsed":528,"timestamp":"2026-09-23T11:41:37.680Z"}
{"level":"info","message":"⌛ Building environment","timeElapsed":216,"timestamp":"2026-09-23T11:41:37.897Z"}
{"level":"info","message":"⌛ Validating codigoRaton.wlk","timeElapsed":394,"timestamp":"2026-09-23T11:41:38.312Z"}
{"level":"info","message":"⌛ Building environment","timeElapsed":235,"timestamp":"2026-09-23T11:41:38.577Z"}
{"level":"info","message":"⌛ Building environment","timeElapsed":189,"timestamp":"2026-09-23T11:41:38.780Z"}
{"level":"info","message":"⌛ Validating codigoRaton.wlk","timeElapsed":1176,"timestamp":"2026-09-23T11:41:40.040Z"}
{"level":"info","message":"⌛ Building environment","timeElapsed":451,"timestamp":"2026-09-23T11:41:40.495Z"}
{"level":"info","message":"⌛ Building environment","timeElapsed":243,"timestamp":"2026-09-23T11:41:40.741Z"}
{"level":"info","message":"⌛ Building environment","timeElapsed":159,"timestamp":"2026-09-23T11:41:40.907Z"}
{"level":"info","message":"⌛ Building environment","timeElapsed":217,"timestamp":"2026-09-23T11:41:41.129Z"}
{"level":"info","message":"⌛ Validating codigoRaton.wlk","timeElapsed":248,"timestamp":"2026-09-23T11:41:41.379Z"}
{"level":"info","message":"⌛ Validating codigoRaton.wlk","timeElapsed":351,"timestamp":"2026-09-23T11:41:41.757Z"}
{"level":"info","message":"⌛ Building environment","timeElapsed":453,"timestamp":"2026-09-23T11:41:42.216Z"}
{"level":"info","message":"⌛ Building environment","timeElapsed":237,"timestamp":"2026-09-23T11:41:42.470Z"}
{"level":"info","message":"⌛ Building environment","timeElapsed":499,"timestamp":"2026-09-23T11:41:42.984Z"}
{"level":"info","message":"⌛ Building environment","timeElapsed":244,"timestamp":"2026-09-23T11:41:43.274Z"}
{"level":"info","message":"⌛ Building environment","timeElapsed":198,"timestamp":"2026-09-23T11:41:43.474Z"}
{"level":"info","message":"⌛ Building environment","timeElapsed":129,"timestamp":"2026-09-23T11:41:43.607Z"}
{"level":"info","message":"⌛ Building environment","timeElapsed":180,"timestamp":"2026-09-23T11:41:43.793Z"}
{"level":"info","message":"⌛ Building environment","timeElapsed":235,"timestamp":"2026-09-23T11:41:44.031Z"}
{"level":"info","message":"⌛ Building environment","timeElapsed":359,"timestamp":"2026-09-23T11:41:44.428Z"}
{"level":"info","message":"⌛ Validating codigoRaton.wlk","timeElapsed":309,"timestamp":"2026-09-23T11:41:44.939Z"}
{"level":"info","message":"⌛ Validating codigoRaton.wlk","timeElapsed":245,"timestamp":"2026-09-23T11:41:45.193Z"}
{"level":"info","message":"⌛ Validating codigoRaton.wlk","timeElapsed":241,"timestamp":"2026-09-23T11:41:45.435Z"}
{"level":"info","message":"⌛ Validating codigoRaton.wlk","timeElapsed":218,"timestamp":"2026-09-23T11:41:45.655Z"}
{"level":"info","message":"⌛ Building environment","timeElapsed":165,"timestamp":"2026-09-23T11:41:45.823Z"}
{"level":"info","message":"⌛ Validating codigoRaton.wlk","timeElapsed":354,"timestamp":"2026-09-23T11:41:46.217Z"}
{"level":"info","message":"⌛ Building environment","timeElapsed":145,"timestamp":"2026-09-23T11:41:46.391Z"}
{"level":"error","message":"✘ Completions for node Send ([4:9, 4:35] - codigoRaton.wlk) failed: Error: [Send]{0a6e28} at codigoRaton.wlk:4 exhausted all cases without a match [Send]{0a6e28} at codigoRaton.wlk:4 exhausted all cases without a match","stack":"Error: [Send]{0a6e28} at codigoRaton.wlk:4 exhausted all cases without a match\n    at c:\\Users\\sotoj\\.vscode\\extensions\\uqbar.wollok-lsp-ide-0.5.5\\out\\server\\src\\server.js:38:6142\n    at L2 (c:\\Users\\sotoj\\.vscode\\extensions\\uqbar.wollok-lsp-ide-0.5.5\\out\\server\\src\\server.js:2421:42)\n    at Jh (c:\\Users\\sotoj\\.vscode\\extensions\\uqbar.wollok-lsp-ide-0.5.5\\out\\server\\src\\server.js:2421:1092)\n    at w5n (c:\\Users\\sotoj\\.vscode\\extensions\\uqbar.wollok-lsp-ide-0.5.5\\out\\server\\src\\server.js:2421:1248)\n    at c:\\Users\\sotoj\\.vscode\\extensions\\uqbar.wollok-lsp-ide-0.5.5\\out\\server\\src\\server.js:38:6131\n    at L2 (c:\\Users\\sotoj\\.vscode\\extensions\\uqbar.wollok-lsp-ide-0.5.5\\out\\server\\src\\server.js:2421:42)\n    at c:\\Users\\sotoj\\.vscode\\extensions\\uqbar.wollok-lsp-ide-0.5.5\\out\\server\\src\\server.js:2421:2988\n    at c:\\Users\\sotoj\\.vscode\\extensions\\uqbar.wollok-lsp-ide-0.5.5\\out\\server\\src\\server.js:2430:8440\n    at c:\\Users\\sotoj\\.vscode\\extensions\\uqbar.wollok-lsp-ide-0.5.5\\out\\server\\src\\server.js:37:74872\n    at Ke (c:\\Users\\sotoj\\.vscode\\extensions\\uqbar.wollok-lsp-ide-0.5.5\\out\\server\\src\\server.js:7:8527)","timestamp":"2026-09-23T11:41:46.575Z"}
{"level":"info","message":"⌛ Autocomplete - Reference","timeElapsed":175,"timestamp":"2026-09-23T11:41:46.581Z"}
{"level":"info","message":"⌛ Building environment","timeElapsed":172,"timestamp":"2026-09-23T11:41:46.755Z"}
{"level":"info","message":"⌛ Validating codigoRaton.wlk","timeElapsed":311,"timestamp":"2026-09-23T11:41:47.066Z"}
{"level":"info","message":"⌛ Building environment","timeElapsed":245,"timestamp":"2026-09-23T11:41:47.312Z"}
{"level":"info","message":"⌛ Building environment","timeElapsed":166,"timestamp":"2026-09-23T11:41:47.498Z"}
{"level":"info","message":"⌛ Validating codigoRaton.wlk","timeElapsed":219,"timestamp":"2026-09-23T11:41:47.730Z"}
{"level":"info","message":"⌛ Building environment","timeElapsed":315,"timestamp":"2026-09-23T11:41:48.051Z"}
{"level":"info","message":"⌛ Validating codigoRaton.wlk","timeElapsed":212,"timestamp":"2026-09-23T11:41:48.286Z"}
{"level":"info","message":"⌛ Validating codigoRaton.wlk","timeElapsed":222,"timestamp":"2026-09-23T11:41:48.532Z"}
{"level":"info","message":"⌛ Validating codigoRaton.wlk","timeElapsed":619,"timestamp":"2026-09-23T11:41:49.157Z"}
{"level":"info","message":"⌛ Validating codigoRaton.wlk","timeElapsed":210,"timestamp":"2026-09-23T11:41:49.375Z"}
{"level":"info","message":"⌛ Validating codigoRaton.wlk","timeElapsed":457,"timestamp":"2026-09-23T11:41:49.853Z"}
{"level":"info","message":"⌛ Validating codigoRaton.wlk","timeElapsed":196,"timestamp":"2026-09-23T11:41:50.053Z"}
{"level":"info","message":"⌛ Validating codigoRaton.wlk","timeElapsed":244,"timestamp":"2026-09-23T11:41:50.308Z"}
{"level":"info","message":"⌛ Validating codigoRaton.wlk","timeElapsed":222,"timestamp":"2026-09-23T11:41:50.535Z"}
{"level":"info","message":"⌛ Validating codigoRaton.wlk","timeElapsed":180,"timestamp":"2026-09-23T11:41:50.722Z"}
{"level":"info","message":"⌛ Validating codigoRaton.wlk","timeElapsed":226,"timestamp":"2026-09-23T11:41:50.972Z"}
{"level":"info","message":"⌛ Validating codigoRaton.wlk","timeElapsed":302,"timestamp":"2026-09-23T11:41:51.286Z"}
{"level":"info","message":"⌛ Validating codigoRaton.wlk","timeElapsed":270,"timestamp":"2026-09-23T11:41:51.562Z"}
{"level":"info","message":"⌛ Building environment","timeElapsed":340,"timestamp":"2026-09-23T11:41:51.929Z"}
{"level":"info","message":"⌛ Building environment","timeElapsed":270,"timestamp":"2026-09-23T11:41:52.211Z"}
{"level":"info","message":"⌛ Validating codigoRaton.wlk","timeElapsed":300,"timestamp":"2026-09-23T11:41:52.529Z"}
{"level":"info","message":"⌛ Validating codigoRaton.wlk","timeElapsed":313,"timestamp":"2026-09-23T11:41:52.846Z"}
{"level":"info","message":"⌛ Building environment","timeElapsed":208,"timestamp":"2026-09-23T11:41:53.123Z"}
{"level":"info","message":"⌛ Building environment","timeElapsed":201,"timestamp":"2026-09-23T11:41:53.385Z"}
{"level":"info","message":"⌛ Validating codigoRaton.wlk","timeElapsed":213,"timestamp":"2026-09-23T11:41:53.600Z"}
{"level":"info","message":"⌛ Validating codigoRaton.wlk","timeElapsed":263,"timestamp":"2026-09-23T11:41:53.994Z"}
{"level":"info","message":"⌛ Building environment","timeElapsed":393,"timestamp":"2026-09-23T11:41:54.633Z"}
{"level":"info","message":"⌛ Building environment","timeElapsed":232,"timestamp":"2026-09-23T11:41:54.873Z"}
{"level":"info","message":"⌛ Building environment","timeElapsed":159,"timestamp":"2026-09-23T11:41:55.033Z"}
{"level":"info","message":"⌛ Validating codigoRaton.wlk","timeElapsed":236,"timestamp":"2026-09-23T11:41:55.271Z"}
{"level":"info","message":"⌛ Building environment","timeElapsed":158,"timestamp":"2026-09-23T11:41:55.429Z"}
{"level":"info","message":"⌛ Validating codigoRaton.wlk","timeElapsed":222,"timestamp":"2026-09-23T11:41:55.654Z"}
{"level":"info","message":"⌛ Validating codigoRaton.wlk","timeElapsed":243,"timestamp":"2026-09-23T11:41:55.900Z"}
{"level":"info","message":"⌛ Validating codigoRaton.wlk","timeElapsed":216,"timestamp":"2026-09-23T11:41:56.133Z"}
{"level":"info","message":"⌛ Building environment","timeElapsed":166,"timestamp":"2026-09-23T11:41:56.966Z"}
{"level":"info","message":"⌛ Validating codigoRaton.wlk","timeElapsed":309,"timestamp":"2026-09-23T11:41:57.279Z"}
{"level":"info","message":"⌛ Building environment","timeElapsed":349,"timestamp":"2026-09-23T11:41:57.688Z"}
{"level":"info","message":"⌛ Building environment","timeElapsed":233,"timestamp":"2026-09-23T11:41:58.027Z"}
{"level":"info","message":"⌛ Validating codigoRaton.wlk","timeElapsed":200,"timestamp":"2026-09-23T11:41:58.289Z"}
{"level":"info","message":"⌛ Building environment","timeElapsed":263,"timestamp":"2026-09-23T11:41:58.726Z"}
{"level":"info","message":"⌛ Building environment","timeElapsed":156,"timestamp":"2026-09-23T11:41:58.892Z"}
{"level":"info","message":"⌛ Validating codigoRaton.wlk","timeElapsed":453,"timestamp":"2026-09-23T11:41:59.377Z"}
{"level":"info","message":"⌛ Building environment","timeElapsed":517,"timestamp":"2026-09-23T11:41:59.898Z"}
{"level":"info","message":"⌛ Building environment","timeElapsed":177,"timestamp":"2026-09-23T11:42:00.091Z"}
{"level":"info","message":"⌛ Building environment","timeElapsed":193,"timestamp":"2026-09-23T11:42:00.298Z"}
{"level":"info","message":"⌛ Validating codigoRaton.wlk","timeElapsed":368,"timestamp":"2026-09-23T11:42:00.878Z"}
{"level":"info","message":"⌛ Validating codigoRaton.wlk","timeElapsed":228,"timestamp":"2026-09-23T11:42:01.116Z"}
{"level":"info","message":"⌛ Building environment","timeElapsed":162,"timestamp":"2026-09-23T11:42:01.292Z"}
{"level":"info","message":"⌛ Building environment","timeElapsed":161,"timestamp":"2026-09-23T11:42:01.464Z"}
{"level":"info","message":"⌛ Building environment","timeElapsed":197,"timestamp":"2026-09-23T11:42:01.663Z"}
{"level":"info","message":"⌛ Building environment","timeElapsed":164,"timestamp":"2026-09-23T11:42:01.829Z"}
{"level":"info","message":"⌛ Building environment","timeElapsed":144,"timestamp":"2026-09-23T11:42:01.978Z"}
{"level":"info","message":"⌛ Validating codigoRaton.wlk","timeElapsed":230,"timestamp":"2026-09-23T11:42:02.294Z"}
{"level":"info","message":"⌛ Building environment","timeElapsed":406,"timestamp":"2026-09-23T11:42:02.705Z"}
{"level":"info","message":"⌛ Validating codigoRaton.wlk","timeElapsed":263,"timestamp":"2026-09-23T11:42:02.969Z"}
{"level":"info","message":"⌛ Validating codigoRaton.wlk","timeElapsed":225,"timestamp":"2026-09-23T11:42:03.205Z"}
{"level":"info","message":"⌛ Validating codigoRaton.wlk","timeElapsed":319,"timestamp":"2026-09-23T11:42:03.532Z"}
{"level":"info","message":"⌛ Validating codigoRaton.wlk","timeElapsed":369,"timestamp":"2026-09-23T11:42:03.915Z"}
{"level":"info","message":"⌛ Validating codigoRaton.wlk","timeElapsed":450,"timestamp":"2026-09-23T11:42:04.372Z"}
{"level":"info","message":"⌛ Validating codigoRaton.wlk","timeElapsed":326,"timestamp":"2026-09-23T11:42:04.699Z"}
{"level":"info","message":"⌛ Validating codigoRaton.wlk","timeElapsed":202,"timestamp":"2026-09-23T11:42:04.912Z"}
{"level":"info","message":"⌛ Validating codigoRaton.wlk","timeElapsed":223,"timestamp":"2026-09-23T11:42:05.148Z"}
{"level":"info","message":"⌛ Building environment","timeElapsed":308,"timestamp":"2026-09-23T11:42:13.383Z"}
{"level":"info","message":"⌛ Validating codigoRaton.wlk","timeElapsed":237,"timestamp":"2026-09-23T11:42:13.680Z"}
{"level":"info","message":"⌛ Building environment","timeElapsed":135,"timestamp":"2026-09-23T11:42:14.026Z"}
{"level":"info","message":"⌛ Validating codigoRaton.wlk","timeElapsed":394,"timestamp":"2026-09-23T11:42:14.482Z"}
{"level":"info","message":"⌛ Building environment","timeElapsed":226,"timestamp":"2026-09-23T11:42:14.716Z"}
{"level":"info","message":"⌛ Building environment","timeElapsed":203,"timestamp":"2026-09-23T11:42:14.933Z"}
{"level":"info","message":"⌛ Building environment","timeElapsed":218,"timestamp":"2026-09-23T11:42:15.156Z"}
{"level":"info","message":"⌛ Validating codigoRaton.wlk","timeElapsed":306,"timestamp":"2026-09-23T11:42:15.505Z"}
{"level":"info","message":"⌛ Validating codigoRaton.wlk","timeElapsed":314,"timestamp":"2026-09-23T11:42:15.862Z"}
{"level":"info","message":"⌛ Validating codigoRaton.wlk","timeElapsed":477,"timestamp":"2026-09-23T11:42:16.462Z"}
{"level":"info","message":"⌛ Building environment","timeElapsed":243,"timestamp":"2026-09-23T11:42:16.725Z"}
{"level":"info","message":"⌛ Validating codigoRaton.wlk","timeElapsed":426,"timestamp":"2026-09-23T11:42:17.286Z"}
{"level":"info","message":"⌛ Building environment","timeElapsed":273,"timestamp":"2026-09-23T11:42:18.236Z"}
{"level":"error","message":"✘ Completions for node Self ([7:9, 7:13] - codigoRaton.wlk) failed: Error: [Self]{2577a9} at codigoRaton.wlk:7 exhausted all cases without a match [Self]{2577a9} at codigoRaton.wlk:7 exhausted all cases without a match","stack":"Error: [Self]{2577a9} at codigoRaton.wlk:7 exhausted all cases without a match\n    at c:\\Users\\sotoj\\.vscode\\extensions\\uqbar.wollok-lsp-ide-0.5.5\\out\\server\\src\\server.js:38:6142\n    at L2 (c:\\Users\\sotoj\\.vscode\\extensions\\uqbar.wollok-lsp-ide-0.5.5\\out\\server\\src\\server.js:2421:42)\n    at c:\\Users\\sotoj\\.vscode\\extensions\\uqbar.wollok-lsp-ide-0.5.5\\out\\server\\src\\server.js:2421:2988\n    at c:\\Users\\sotoj\\.vscode\\extensions\\uqbar.wollok-lsp-ide-0.5.5\\out\\server\\src\\server.js:2430:8440\n    at c:\\Users\\sotoj\\.vscode\\extensions\\uqbar.wollok-lsp-ide-0.5.5\\out\\server\\src\\server.js:37:74872\n    at Ke (c:\\Users\\sotoj\\.vscode\\extensions\\uqbar.wollok-lsp-ide-0.5.5\\out\\server\\src\\server.js:7:8527)\n    at It (c:\\Users\\sotoj\\.vscode\\extensions\\uqbar.wollok-lsp-ide-0.5.5\\out\\server\\src\\server.js:7:6189)\n    at et (c:\\Users\\sotoj\\.vscode\\extensions\\uqbar.wollok-lsp-ide-0.5.5\\out\\server\\src\\server.js:7:6378)\n    at Immediate._onImmediate (c:\\Users\\sotoj\\.vscode\\extensions\\uqbar.wollok-lsp-ide-0.5.5\\out\\server\\src\\server.js:7:6142)\n    at process.processImmediate (node:internal/timers:504:21)","timestamp":"2026-09-23T11:42:18.357Z"}
{"level":"info","message":"⌛ Autocomplete - Self","timeElapsed":110,"timestamp":"2026-09-23T11:42:18.364Z"}
{"level":"info","message":"⌛ Building environment","timeElapsed":206,"timestamp":"2026-09-23T11:42:18.575Z"}
{"level":"info","message":"⌛ Validating codigoRaton.wlk","timeElapsed":378,"timestamp":"2026-09-23T11:42:19.194Z"}
{"level":"info","message":"⌛ Building environment","timeElapsed":227,"timestamp":"2026-09-23T11:42:19.504Z"}
{"level":"info","message":"⌛ Building environment","timeElapsed":192,"timestamp":"2026-09-23T11:42:19.763Z"}
{"level":"info","message":"⌛ Validating codigoRaton.wlk","timeElapsed":234,"timestamp":"2026-09-23T11:42:20.066Z"}
{"level":"info","message":"⌛ Building environment","timeElapsed":268,"timestamp":"2026-09-23T11:42:20.337Z"}
{"level":"info","message":"⌛ Validating codigoRaton.wlk","timeElapsed":216,"timestamp":"2026-09-23T11:42:20.578Z"}
{"level":"info","message":"⌛ Validating codigoRaton.wlk","timeElapsed":238,"timestamp":"2026-09-23T11:42:20.816Z"}
{"level":"info","message":"⌛ Validating codigoRaton.wlk","timeElapsed":423,"timestamp":"2026-09-23T11:42:21.243Z"}
{"level":"info","message":"⌛ Building environment","timeElapsed":209,"timestamp":"2026-09-23T11:42:22.780Z"}
{"level":"info","message":"⌛ Building environment","timeElapsed":204,"timestamp":"2026-09-23T11:42:22.988Z"}
{"level":"info","message":"⌛ Validating codigoRaton.wlk","timeElapsed":561,"timestamp":"2026-09-23T11:42:23.551Z"}
{"level":"info","message":"⌛ Validating codigoRaton.wlk","timeElapsed":240,"timestamp":"2026-09-23T11:42:23.792Z"}
{"level":"info","message":"⌛ Building environment","timeElapsed":235,"timestamp":"2026-09-23T11:42:28.817Z"}
{"level":"info","message":"⌛ Building environment","timeElapsed":163,"timestamp":"2026-09-23T11:42:29.129Z"}
{"level":"info","message":"⌛ Validating codigoRaton.wlk","timeElapsed":320,"timestamp":"2026-09-23T11:42:29.451Z"}
{"level":"info","message":"⌛ Validating codigoRaton.wlk","timeElapsed":632,"timestamp":"2026-09-23T11:42:30.191Z"}
{"level":"info","message":"⌛ Building environment","timeElapsed":429,"timestamp":"2026-09-23T11:42:30.653Z"}
{"level":"info","message":"⌛ Building environment","timeElapsed":186,"timestamp":"2026-09-23T11:42:30.842Z"}
{"level":"info","message":"⌛ Building environment","timeElapsed":244,"timestamp":"2026-09-23T11:42:31.091Z"}
{"level":"info","message":"⌛ Building environment","timeElapsed":193,"timestamp":"2026-09-23T11:42:31.508Z"}
{"level":"info","message":"⌛ Building environment","timeElapsed":298,"timestamp":"2026-09-23T11:42:31.812Z"}
{"level":"info","message":"⌛ Validating codigoRaton.wlk","timeElapsed":383,"timestamp":"2026-09-23T11:42:32.209Z"}
{"level":"info","message":"⌛ Validating codigoRaton.wlk","timeElapsed":205,"timestamp":"2026-09-23T11:42:32.433Z"}
{"level":"info","message":"⌛ Building environment","timeElapsed":337,"timestamp":"2026-09-23T11:42:32.772Z"}
{"level":"info","message":"⌛ Validating codigoRaton.wlk","timeElapsed":409,"timestamp":"2026-09-23T11:42:33.182Z"}
{"level":"info","message":"⌛ Building environment","timeElapsed":237,"timestamp":"2026-09-23T11:42:33.439Z"}
{"level":"info","message":"⌛ Building environment","timeElapsed":161,"timestamp":"2026-09-23T11:42:33.621Z"}
{"level":"info","message":"⌛ Validating codigoRaton.wlk","timeElapsed":571,"timestamp":"2026-09-23T11:42:34.192Z"}
{"level":"info","message":"⌛ Building environment","timeElapsed":230,"timestamp":"2026-09-23T11:42:34.478Z"}
{"level":"info","message":"⌛ Building environment","timeElapsed":208,"timestamp":"2026-09-23T11:42:34.695Z"}
{"level":"info","message":"⌛ Validating codigoRaton.wlk","timeElapsed":206,"timestamp":"2026-09-23T11:42:34.934Z"}
{"level":"info","message":"⌛ Building environment","timeElapsed":166,"timestamp":"2026-09-23T11:42:35.101Z"}
{"level":"info","message":"⌛ Building environment","timeElapsed":183,"timestamp":"2026-09-23T11:42:35.287Z"}
{"level":"info","message":"⌛ Building environment","timeElapsed":129,"timestamp":"2026-09-23T11:42:35.438Z"}
{"level":"info","message":"⌛ Validating codigoRaton.wlk","timeElapsed":208,"timestamp":"2026-09-23T11:42:35.676Z"}
{"level":"info","message":"⌛ Building environment","timeElapsed":163,"timestamp":"2026-09-23T11:42:35.865Z"}
{"level":"info","message":"⌛ Validating codigoRaton.wlk","timeElapsed":388,"timestamp":"2026-09-23T11:42:36.275Z"}
{"level":"info","message":"⌛ Validating codigoRaton.wlk","timeElapsed":227,"timestamp":"2026-09-23T11:42:36.512Z"}
{"level":"info","message":"⌛ Validating codigoRaton.wlk","timeElapsed":197,"timestamp":"2026-09-23T11:42:36.749Z"}
{"level":"info","message":"⌛ Validating codigoRaton.wlk","timeElapsed":198,"timestamp":"2026-09-23T11:42:36.965Z"}
{"level":"info","message":"⌛ Validating codigoRaton.wlk","timeElapsed":191,"timestamp":"2026-09-23T11:42:37.157Z"}
{"level":"info","message":"⌛ Validating codigoRaton.wlk","timeElapsed":229,"timestamp":"2026-09-23T11:42:37.395Z"}
{"level":"info","message":"⌛ Validating codigoRaton.wlk","timeElapsed":198,"timestamp":"2026-09-23T11:42:37.594Z"}
{"level":"info","message":"⌛ Validating codigoRaton.wlk","timeElapsed":195,"timestamp":"2026-09-23T11:42:37.791Z"}
{"level":"info","message":"⌛ Building environment","timeElapsed":337,"timestamp":"2026-09-23T11:42:38.135Z"}
{"level":"info","message":"⌛ Validating codigoRaton.wlk","timeElapsed":277,"timestamp":"2026-09-23T11:42:38.438Z"}
{"level":"info","message":"⌛ Building environment","timeElapsed":171,"timestamp":"2026-09-23T11:42:39.743Z"}
{"level":"info","message":"⌛ Validating codigoRaton.wlk","timeElapsed":239,"timestamp":"2026-09-23T11:42:39.996Z"}
{"level":"info","message":"⌛ Building environment","timeElapsed":197,"timestamp":"2026-09-23T11:42:40.880Z"}
{"level":"info","message":"⌛ Validating codigoRaton.wlk","timeElapsed":301,"timestamp":"2026-09-23T11:42:41.186Z"}
{"level":"info","message":"⌛ Building environment","timeElapsed":271,"timestamp":"2026-09-23T11:42:41.894Z"}
{"level":"error","message":"✘ Completions for node Send ([9:9, 9:28] - codigoRaton.wlk) failed: Error: [Send]{6c137c} at codigoRaton.wlk:9 exhausted all cases without a match [Send]{6c137c} at codigoRaton.wlk:9 exhausted all cases without a match","stack":"Error: [Send]{6c137c} at codigoRaton.wlk:9 exhausted all cases without a match\n    at c:\\Users\\sotoj\\.vscode\\extensions\\uqbar.wollok-lsp-ide-0.5.5\\out\\server\\src\\server.js:38:6142\n    at L2 (c:\\Users\\sotoj\\.vscode\\extensions\\uqbar.wollok-lsp-ide-0.5.5\\out\\server\\src\\server.js:2421:42)\n    at Jh (c:\\Users\\sotoj\\.vscode\\extensions\\uqbar.wollok-lsp-ide-0.5.5\\out\\server\\src\\server.js:2421:1092)\n    at w5n (c:\\Users\\sotoj\\.vscode\\extensions\\uqbar.wollok-lsp-ide-0.5.5\\out\\server\\src\\server.js:2421:1248)\n    at c:\\Users\\sotoj\\.vscode\\extensions\\uqbar.wollok-lsp-ide-0.5.5\\out\\server\\src\\server.js:38:6131\n    at L2 (c:\\Users\\sotoj\\.vscode\\extensions\\uqbar.wollok-lsp-ide-0.5.5\\out\\server\\src\\server.js:2421:42)\n    at c:\\Users\\sotoj\\.vscode\\extensions\\uqbar.wollok-lsp-ide-0.5.5\\out\\server\\src\\server.js:2421:2988\n    at c:\\Users\\sotoj\\.vscode\\extensions\\uqbar.wollok-lsp-ide-0.5.5\\out\\server\\src\\server.js:2430:8440\n    at c:\\Users\\sotoj\\.vscode\\extensions\\uqbar.wollok-lsp-ide-0.5.5\\out\\server\\src\\server.js:37:74872\n    at Ke (c:\\Users\\sotoj\\.vscode\\extensions\\uqbar.wollok-lsp-ide-0.5.5\\out\\server\\src\\server.js:7:8527)","timestamp":"2026-09-23T11:42:41.972Z"}
{"level":"info","message":"⌛ Building environment","timeElapsed":212,"timestamp":"2026-09-23T11:42:42.192Z"}
{"level":"info","message":"⌛ Building environment","timeElapsed":191,"timestamp":"2026-09-23T11:42:42.424Z"}
{"level":"info","message":"⌛ Validating codigoRaton.wlk","timeElapsed":327,"timestamp":"2026-09-23T11:42:42.767Z"}
{"level":"info","message":"⌛ Validating codigoRaton.wlk","timeElapsed":249,"timestamp":"2026-09-23T11:42:43.034Z"}
{"level":"info","message":"⌛ Building environment","timeElapsed":380,"timestamp":"2026-09-23T11:42:43.515Z"}
{"level":"info","message":"⌛ Validating codigoRaton.wlk","timeElapsed":210,"timestamp":"2026-09-23T11:42:43.728Z"}
{"level":"info","message":"⌛ Building environment","timeElapsed":198,"timestamp":"2026-09-23T11:42:43.929Z"}
{"level":"info","message":"⌛ Validating codigoRaton.wlk","timeElapsed":276,"timestamp":"2026-09-23T11:42:44.232Z"}
{"level":"info","message":"⌛ Validating codigoRaton.wlk","timeElapsed":368,"timestamp":"2026-09-23T11:42:44.602Z"}
{"level":"info","message":"⌛ Building environment","timeElapsed":267,"timestamp":"2026-09-23T11:42:55.320Z"}
{"level":"info","message":"⌛ Validating codigoRaton.wlk","timeElapsed":344,"timestamp":"2026-09-23T11:42:55.727Z"}
{"level":"info","message":"⌛ Building environment","timeElapsed":620,"timestamp":"2026-09-23T11:42:58.102Z"}
{"level":"info","message":"⌛ Validating codigoRaton.wlk","timeElapsed":306,"timestamp":"2026-09-23T11:42:58.437Z"}
{"level":"info","message":"⌛ Building environment","timeElapsed":443,"timestamp":"2026-09-23T11:43:03.254Z"}
{"level":"error","message":"✘ Completions for node Send ([9:9, 9:35] - codigoRaton.wlk) failed: Error: [Send]{3c17b8} at codigoRaton.wlk:9 exhausted all cases without a match [Send]{3c17b8} at codigoRaton.wlk:9 exhausted all cases without a match","stack":"Error: [Send]{3c17b8} at codigoRaton.wlk:9 exhausted all cases without a match\n    at c:\\Users\\sotoj\\.vscode\\extensions\\uqbar.wollok-lsp-ide-0.5.5\\out\\server\\src\\server.js:38:6142\n    at L2 (c:\\Users\\sotoj\\.vscode\\extensions\\uqbar.wollok-lsp-ide-0.5.5\\out\\server\\src\\server.js:2421:42)\n    at Jh (c:\\Users\\sotoj\\.vscode\\extensions\\uqbar.wollok-lsp-ide-0.5.5\\out\\server\\src\\server.js:2421:1092)\n    at w5n (c:\\Users\\sotoj\\.vscode\\extensions\\uqbar.wollok-lsp-ide-0.5.5\\out\\server\\src\\server.js:2421:1248)\n    at c:\\Users\\sotoj\\.vscode\\extensions\\uqbar.wollok-lsp-ide-0.5.5\\out\\server\\src\\server.js:38:6131\n    at L2 (c:\\Users\\sotoj\\.vscode\\extensions\\uqbar.wollok-lsp-ide-0.5.5\\out\\server\\src\\server.js:2421:42)\n    at c:\\Users\\sotoj\\.vscode\\extensions\\uqbar.wollok-lsp-ide-0.5.5\\out\\server\\src\\server.js:2421:2988\n    at c:\\Users\\sotoj\\.vscode\\extensions\\uqbar.wollok-lsp-ide-0.5.5\\out\\server\\src\\server.js:2430:8440\n    at c:\\Users\\sotoj\\.vscode\\extensions\\uqbar.wollok-lsp-ide-0.5.5\\out\\server\\src\\server.js:37:74872\n    at Ke (c:\\Users\\sotoj\\.vscode\\extensions\\uqbar.wollok-lsp-ide-0.5.5\\out\\server\\src\\server.js:7:8527)","timestamp":"2026-09-23T11:43:03.531Z"}
{"level":"info","message":"⌛ Autocomplete - Reference","timeElapsed":212,"timestamp":"2026-09-23T11:43:03.537Z"}
{"level":"info","message":"⌛ Building environment","timeElapsed":349,"timestamp":"2026-09-23T11:43:03.898Z"}
{"level":"info","message":"⌛ Validating codigoRaton.wlk","timeElapsed":285,"timestamp":"2026-09-23T11:43:04.208Z"}
{"level":"info","message":"⌛ Building environment","timeElapsed":199,"timestamp":"2026-09-23T11:43:04.412Z"}
{"level":"info","message":"⌛ Building environment","timeElapsed":156,"timestamp":"2026-09-23T11:43:04.568Z"}
{"level":"error","message":"✘ Completions for node Send ([9:9, 9:38] - codigoRaton.wlk) failed: Error: [Send]{e0943f} at codigoRaton.wlk:9 exhausted all cases without a match [Send]{e0943f} at codigoRaton.wlk:9 exhausted all cases without a match","stack":"Error: [Send]{e0943f} at codigoRaton.wlk:9 exhausted all cases without a match\n    at c:\\Users\\sotoj\\.vscode\\extensions\\uqbar.wollok-lsp-ide-0.5.5\\out\\server\\src\\server.js:38:6142\n    at L2 (c:\\Users\\sotoj\\.vscode\\extensions\\uqbar.wollok-lsp-ide-0.5.5\\out\\server\\src\\server.js:2421:42)\n    at Jh (c:\\Users\\sotoj\\.vscode\\extensions\\uqbar.wollok-lsp-ide-0.5.5\\out\\server\\src\\server.js:2421:1092)\n    at w5n (c:\\Users\\sotoj\\.vscode\\extensions\\uqbar.wollok-lsp-ide-0.5.5\\out\\server\\src\\server.js:2421:1248)\n    at c:\\Users\\sotoj\\.vscode\\extensions\\uqbar.wollok-lsp-ide-0.5.5\\out\\server\\src\\server.js:38:6131\n    at L2 (c:\\Users\\sotoj\\.vscode\\extensions\\uqbar.wollok-lsp-ide-0.5.5\\out\\server\\src\\server.js:2421:42)\n    at c:\\Users\\sotoj\\.vscode\\extensions\\uqbar.wollok-lsp-ide-0.5.5\\out\\server\\src\\server.js:2421:2988\n    at c:\\Users\\sotoj\\.vscode\\extensions\\uqbar.wollok-lsp-ide-0.5.5\\out\\server\\src\\server.js:2430:8440\n    at c:\\Users\\sotoj\\.vscode\\extensions\\uqbar.wollok-lsp-ide-0.5.5\\out\\server\\src\\server.js:37:74872\n    at Ke (c:\\Users\\sotoj\\.vscode\\extensions\\uqbar.wollok-lsp-ide-0.5.5\\out\\server\\src\\server.js:7:8527)","timestamp":"2026-09-23T11:43:04.643Z"}
{"level":"info","message":"⌛ Validating codigoRaton.wlk","timeElapsed":232,"timestamp":"2026-09-23T11:43:04.882Z"}
{"level":"info","message":"⌛ Validating codigoRaton.wlk","timeElapsed":259,"timestamp":"2026-09-23T11:43:05.206Z"}
{"level":"info","message":"⌛ Validating codigoRaton.wlk","timeElapsed":535,"timestamp":"2026-09-23T11:43:05.754Z"}
{"level":"info","message":"⌛ Building environment","timeElapsed":184,"timestamp":"2026-09-23T11:43:06.523Z"}
{"level":"info","message":"⌛ Validating codigoRaton.wlk","timeElapsed":242,"timestamp":"2026-09-23T11:43:06.771Z"}
{"level":"info","message":"⌛ Building environment","timeElapsed":199,"timestamp":"2026-09-23T11:43:07.828Z"}
{"level":"info","message":"⌛ Validating codigoRaton.wlk","timeElapsed":237,"timestamp":"2026-09-23T11:43:08.176Z"}
{"level":"info","message":"⌛ Building environment","timeElapsed":282,"timestamp":"2026-09-23T11:43:08.646Z"}
{"level":"info","message":"⌛ Building environment","timeElapsed":186,"timestamp":"2026-09-23T11:43:08.833Z"}
{"level":"info","message":"⌛ Autocomplete - Body","timeElapsed":292,"timestamp":"2026-09-23T11:43:09.131Z"}
{"level":"info","message":"⌛ Validating codigoRaton.wlk","timeElapsed":364,"timestamp":"2026-09-23T11:43:09.499Z"}
{"level":"info","message":"⌛ Validating codigoRaton.wlk","timeElapsed":219,"timestamp":"2026-09-23T11:43:09.722Z"}
{"level":"info","message":"⌛ Building environment","timeElapsed":160,"timestamp":"2026-09-23T11:43:09.892Z"}
{"level":"info","message":"⌛ Validating codigoRaton.wlk","timeElapsed":226,"timestamp":"2026-09-23T11:43:10.146Z"}
{"level":"info","message":"⌛ Building environment","timeElapsed":166,"timestamp":"2026-09-23T11:43:10.620Z"}
{"level":"info","message":"⌛ Validating codigoRaton.wlk","timeElapsed":221,"timestamp":"2026-09-23T11:43:10.865Z"}
{"level":"info","message":"⌛ Building environment","timeElapsed":166,"timestamp":"2026-09-23T11:43:11.228Z"}
{"level":"info","message":"⌛ Validating codigoRaton.wlk","timeElapsed":221,"timestamp":"2026-09-23T11:43:11.452Z"}
{"level":"error","message":"✘ Failed to get type description: Error: Failed to print, found malformed node Failed to print, found malformed node","node":{"id":"5a0303e7-2098-462b-a02d-2bf1037e7147","metadata":[],"problems":[{"code":"malformedSentence","sourceMap":{"end":{"column":39,"line":9,"offset":149},"start":{"column":13,"line":9,"offset":123}}}],"scope":{"containerScope":{"containerScope":{"containerScope":{"containerScope":{"contributions":{},"includedScopes":[]},"contributions":{},"includedScopes":[{"contributions":{},"includedScopes":[]}]},"contributions":{},"includedScopes":[{"containerScope":{"containerScope":{"containerScope":{"contributions":{},"includedScopes":[]},"contributions":{},"includedScopes":[]},"contributions":{},"includedScopes":[]},"contributions":{},"includedScopes":[]}]},"contributions":{},"includedScopes":[]},"contributions":{},"includedScopes":[]},"sentences":[{"args":[{"id":"f4d020b3-8d05-48a5-b035-974db641baa3","metadata":[],"name":"raton","scope":{"containerScope":{"containerScope":{"containerScope":{"containerScope":{"containerScope":{"containerScope":{"contributions":{},"includedScopes":[]},"contributions":{},"includedScopes":[{"contributions":{},"includedScopes":[]}]},"contributions":{},"includedScopes":[{"containerScope":{"containerScope":{"containerScope":{"contributions":{},"includedScopes":[]},"contributions":{},"includedScopes":[]},"contributions":{},"includedScopes":[]},"contributions":{},"includedScopes":[]}]},"contributions":{},"includedScopes":[]},"contributions":{},"includedScopes":[]},"contributions":{},"includedScopes":[]},"contributions":{},"includedScopes":[]},"sourceMap":{"end":{"column":38,"line":6,"offset":103},"start":{"column":33,"line":6,"offset":98}}}],"id":"f7e6fac2-7ee5-4df4-9462-850167a6cd17","message":"addVisualCharacter","metadata":[],"receiver":{"id":"1fd8acfc-bb57-4cb3-8b9e-a6ffe8091048","metadata":[],"name":"game","scope":{"containerScope":{"containerScope":{"containerScope":{"containerScope":{"containerScope":{"containerScope":{"contributions":{},"includedScopes":[]},"contributions":{},"includedScopes":[{"contributions":{},"includedScopes":[]}]},"contributions":{},"includedScopes":[{"containerScope":{"containerScope":{"containerScope":{"contributions":{},"includedScopes":[]},"contributions":{},"includedScopes":[]},"contributions":{},"includedScopes":[]},"contributions":{},"includedScopes":[]}]},"contributions":{},"includedScopes":[]},"contributions":{},"includedScopes":[]},"contributions":{},"includedScopes":[]},"contributions":{},"includedScopes":[]},"sourceMap":{"end":{"column":13,"line":6,"offset":78},"start":{"column":9,"line":6,"offset":74}}},"scope":{"containerScope":{"containerScope":{"containerScope":{"containerScope":{"containerScope":{"contributions":{},"includedScopes":[]},"contributions":{},"includedScopes":[{"contributions":{},"includedScopes":[]}]},"contributions":{},"includedScopes":[{"containerScope":{"containerScope":{"containerScope":{"contributions":{},"includedScopes":[]},"contributions":{},"includedScopes":[]},"contributions":{},"includedScopes":[]},"contributions":{},"includedScopes":[]}]},"contributions":{},"includedScopes":[]},"contributions":{},"includedScopes":[]},"contributions":{},"includedScopes":[]},"sourceMap":{"end":{"column":39,"line":6,"offset":104},"start":{"column":9,"line":6,"offset":74}}},{"id":"8a276a60-ed2c-4c1a-8a0c-a5cb5a7bd14d","metadata":[],"name":"game","scope":{"containerScope":{"containerScope":{"containerScope":{"containerScope":{"containerScope":{"contributions":{},"includedScopes":[]},"contributions":{},"includedScopes":[{"contributions":{},"includedScopes":[]}]},"contributions":{},"includedScopes":[{"containerScope":{"containerScope":{"containerScope":{"contributions":{},"includedScopes":[]},"contributions":{},"includedScopes":[]},"contributions":{},"includedScopes":[]},"contributions":{},"includedScopes":[]}]},"contributions":{},"includedScopes":[]},"contributions":{},"includedScopes":[]},"contributions":{},"includedScopes":[]},"sourceMap":{"end":{"column":13,"line":9,"offset":123},"start":{"column":9,"line":9,"offset":119}}}],"sourceMap":{"end":{"column":6,"line":11,"offset":161},"start":{"column":22,"line":4,"offset":61}}},"stack":"Error: Failed to print, found malformed node\n    at c:\\Users\\sotoj\\.vscode\\extensions\\uqbar.wollok-lsp-ide-0.5.5\\out\\server\\src\\server.js:68:3585\n    at c:\\Users\\sotoj\\.vscode\\extensions\\uqbar.wollok-lsp-ide-0.5.5\\out\\server\\src\\server.js:68:5370\n    at c:\\Users\\sotoj\\.vscode\\extensions\\uqbar.wollok-lsp-ide-0.5.5\\out\\server\\src\\server.js:38:6131\n    at c:\\Users\\sotoj\\.vscode\\extensions\\uqbar.wollok-lsp-ide-0.5.5\\out\\server\\src\\server.js:68:3664\n    at Ybn (c:\\Users\\sotoj\\.vscode\\extensions\\uqbar.wollok-lsp-ide-0.5.5\\out\\server\\src\\server.js:68:3396)\n    at c:\\Users\\sotoj\\.vscode\\extensions\\uqbar.wollok-lsp-ide-0.5.5\\out\\server\\src\\server.js:2430:847\n    at c:\\Users\\sotoj\\.vscode\\extensions\\uqbar.wollok-lsp-ide-0.5.5\\out\\server\\src\\server.js:2430:8440\n    at c:\\Users\\sotoj\\.vscode\\extensions\\uqbar.wollok-lsp-ide-0.5.5\\out\\server\\src\\server.js:37:74770\n    at Ke (c:\\Users\\sotoj\\.vscode\\extensions\\uqbar.wollok-lsp-ide-0.5.5\\out\\server\\src\\server.js:7:8527)\n    at It (c:\\Users\\sotoj\\.vscode\\extensions\\uqbar.wollok-lsp-ide-0.5.5\\out\\server\\src\\server.js:7:6189)","timestamp":"2026-09-23T11:43:48.627Z"}
{"level":"info","message":"⌛ Building environment","timeElapsed":364,"timestamp":"2026-09-23T11:43:49.892Z"}
{"level":"info","message":"⌛ Validating codigoRaton.wlk","timeElapsed":695,"timestamp":"2026-09-23T11:43:50.629Z"}
{"level":"info","message":"⌛ Building environment","timeElapsed":620,"timestamp":"2026-09-23T11:43:54.254Z"}
{"level":"info","message":"⌛ Building environment","timeElapsed":309,"timestamp":"2026-09-23T11:43:54.693Z"}
{"level":"info","message":"⌛ Validating codigoRaton.wlk","timeElapsed":1078,"timestamp":"2026-09-23T11:43:55.945Z"}
{"level":"info","message":"⌛ Validating codigoRaton.wlk","timeElapsed":660,"timestamp":"2026-09-23T11:43:56.605Z"}
{"level":"info","message":"⌛ Building environment","timeElapsed":474,"timestamp":"2026-09-23T11:43:57.085Z"}
{"level":"info","message":"⌛ Autocomplete - Body","timeElapsed":139,"timestamp":"2026-09-23T11:43:57.255Z"}
{"level":"info","message":"⌛ Building environment","timeElapsed":267,"timestamp":"2026-09-23T11:43:57.528Z"}
{"level":"info","message":"⌛ Building environment","timeElapsed":500,"timestamp":"2026-09-23T11:43:58.031Z"}
{"level":"info","message":"⌛ Validating codigoRaton.wlk","timeElapsed":406,"timestamp":"2026-09-23T11:43:58.700Z"}
{"level":"info","message":"⌛ Validating codigoRaton.wlk","timeElapsed":668,"timestamp":"2026-09-23T11:43:59.535Z"}
{"level":"info","message":"⌛ Building environment","timeElapsed":611,"timestamp":"2026-09-23T11:44:00.150Z"}
{"level":"info","message":"⌛ Building environment","timeElapsed":480,"timestamp":"2026-09-23T11:44:00.636Z"}
{"level":"info","message":"⌛ Validating codigoRaton.wlk","timeElapsed":1602,"timestamp":"2026-09-23T11:44:02.698Z"}
{"level":"info","message":"⌛ Building environment","timeElapsed":542,"timestamp":"2026-09-23T11:44:03.249Z"}
{"level":"info","message":"⌛ Building environment","timeElapsed":457,"timestamp":"2026-09-23T11:44:03.821Z"}
{"level":"info","message":"⌛ Building environment","timeElapsed":269,"timestamp":"2026-09-23T11:44:04.129Z"}
{"level":"info","message":"⌛ Building environment","timeElapsed":339,"timestamp":"2026-09-23T11:44:04.517Z"}
{"level":"info","message":"⌛ Building environment","timeElapsed":370,"timestamp":"2026-09-23T11:44:04.893Z"}
{"level":"info","message":"⌛ Validating codigoRaton.wlk","timeElapsed":461,"timestamp":"2026-09-23T11:44:05.379Z"}
{"level":"info","message":"⌛ Building environment","timeElapsed":626,"timestamp":"2026-09-23T11:44:06.128Z"}
{"level":"info","message":"⌛ Building environment","timeElapsed":431,"timestamp":"2026-09-23T11:44:06.568Z"}
{"level":"info","message":"⌛ Validating codigoRaton.wlk","timeElapsed":332,"timestamp":"2026-09-23T11:44:06.902Z"}
{"level":"info","message":"⌛ Building environment","timeElapsed":316,"timestamp":"2026-09-23T11:44:07.229Z"}
{"level":"info","message":"⌛ Building environment","timeElapsed":1998,"timestamp":"2026-09-23T11:44:09.233Z"}
{"level":"info","message":"⌛ Building environment","timeElapsed":397,"timestamp":"2026-09-23T11:44:09.636Z"}
{"level":"info","message":"⌛ Building environment","timeElapsed":363,"timestamp":"2026-09-23T11:44:10.090Z"}
{"level":"info","message":"⌛ Building environment","timeElapsed":339,"timestamp":"2026-09-23T11:44:10.461Z"}
{"level":"info","message":"⌛ Building environment","timeElapsed":232,"timestamp":"2026-09-23T11:44:10.700Z"}
{"level":"info","message":"⌛ Validating codigoRaton.wlk","timeElapsed":453,"timestamp":"2026-09-23T11:44:11.217Z"}
{"level":"info","message":"⌛ Building environment","timeElapsed":207,"timestamp":"2026-09-23T11:44:11.428Z"}
{"level":"info","message":"⌛ Building environment","timeElapsed":197,"timestamp":"2026-09-23T11:44:11.702Z"}
{"level":"info","message":"⌛ Validating codigoRaton.wlk","timeElapsed":318,"timestamp":"2026-09-23T11:44:12.044Z"}
{"level":"info","message":"⌛ Building environment","timeElapsed":415,"timestamp":"2026-09-23T11:44:12.485Z"}
{"level":"info","message":"⌛ Validating codigoRaton.wlk","timeElapsed":212,"timestamp":"2026-09-23T11:44:12.729Z"}
{"level":"info","message":"⌛ Building environment","timeElapsed":206,"timestamp":"2026-09-23T11:44:12.944Z"}
{"level":"info","message":"⌛ Validating codigoRaton.wlk","timeElapsed":403,"timestamp":"2026-09-23T11:44:13.379Z"}
{"level":"info","message":"⌛ Validating codigoRaton.wlk","timeElapsed":2704,"timestamp":"2026-09-23T11:44:16.085Z"}
{"level":"info","message":"⌛ Validating codigoRaton.wlk","timeElapsed":958,"timestamp":"2026-09-23T11:44:17.047Z"}
{"level":"info","message":"⌛ Validating codigoRaton.wlk","timeElapsed":515,"timestamp":"2026-09-23T11:44:17.566Z"}
{"level":"error","message":"✘ Failed to get type description: Error: Failed to print, found malformed node Failed to print, found malformed node","node":{"id":"ed7b2c47-c904-43a8-b890-b21c8f84daee","metadata":[],"problems":[{"code":"malformedSentence","sourceMap":{"end":{"column":61,"line":9,"offset":171},"start":{"column":13,"line":9,"offset":123}}}],"scope":{"containerScope":{"containerScope":{"containerScope":{"containerScope":{"contributions":{},"includedScopes":[]},"contributions":{},"includedScopes":[{"contributions":{},"includedScopes":[]}]},"contributions":{},"includedScopes":[{"containerScope":{"containerScope":{"containerScope":{"contributions":{},"includedScopes":[]},"contributions":{},"includedScopes":[]},"contributions":{},"includedScopes":[]},"contributions":{},"includedScopes":[]}]},"contributions":{},"includedScopes":[]},"contributions":{},"includedScopes":[]},"sentences":[{"args":[{"id":"5e1b163d-2c32-480e-9478-4bd75dcf9b98","metadata":[],"name":"raton","scope":{"containerScope":{"containerScope":{"containerScope":{"containerScope":{"containerScope":{"containerScope":{"contributions":{},"includedScopes":[]},"contributions":{},"includedScopes":[{"contributions":{},"includedScopes":[]}]},"contributions":{},"includedScopes":[{"containerScope":{"containerScope":{"containerScope":{"contributions":{},"includedScopes":[]},"contributions":{},"includedScopes":[]},"contributions":{},"includedScopes":[]},"contributions":{},"includedScopes":[]}]},"contributions":{},"includedScopes":[]},"contributions":{},"includedScopes":[]},"contributions":{},"includedScopes":[]},"contributions":{},"includedScopes":[]},"sourceMap":{"end":{"column":38,"line":6,"offset":103},"start":{"column":33,"line":6,"offset":98}}}],"id":"979d5a85-b2cb-44cb-a311-d99432a3aa8c","message":"addVisualCharacter","metadata":[],"receiver":{"id":"9437ae85-cd3d-4e79-ab6d-c2bcb1b65c7a","metadata":[],"name":"game","scope":{"containerScope":{"containerScope":{"containerScope":{"containerScope":{"containerScope":{"containerScope":{"contributions":{},"includedScopes":[]},"contributions":{},"includedScopes":[{"contributions":{},"includedScopes":[]}]},"contributions":{},"includedScopes":[{"containerScope":{"containerScope":{"containerScope":{"contributions":{},"includedScopes":[]},"contributions":{},"includedScopes":[]},"contributions":{},"includedScopes":[]},"contributions":{},"includedScopes":[]}]},"contributions":{},"includedScopes":[]},"contributions":{},"includedScopes":[]},"contributions":{},"includedScopes":[]},"contributions":{},"includedScopes":[]},"sourceMap":{"end":{"column":13,"line":6,"offset":78},"start":{"column":9,"line":6,"offset":74}}},"scope":{"containerScope":{"containerScope":{"containerScope":{"containerScope":{"containerScope":{"contributions":{},"includedScopes":[]},"contributions":{},"includedScopes":[{"contributions":{},"includedScopes":[]}]},"contributions":{},"includedScopes":[{"containerScope":{"containerScope":{"containerScope":{"contributions":{},"includedScopes":[]},"contributions":{},"includedScopes":[]},"contributions":{},"includedScopes":[]},"contributions":{},"includedScopes":[]}]},"contributions":{},"includedScopes":[]},"contributions":{},"includedScopes":[]},"contributions":{},"includedScopes":[]},"sourceMap":{"end":{"column":39,"line":6,"offset":104},"start":{"column":9,"line":6,"offset":74}}},{"id":"a29e3d40-9a55-48b5-8b24-5e1302cea572","metadata":[],"name":"game","scope":{"containerScope":{"containerScope":{"containerScope":{"containerScope":{"containerScope":{"contributions":{},"includedScopes":[]},"contributions":{},"includedScopes":[{"contributions":{},"includedScopes":[]}]},"contributions":{},"includedScopes":[{"containerScope":{"containerScope":{"containerScope":{"contributions":{},"includedScopes":[]},"contributions":{},"includedScopes":[]},"contributions":{},"includedScopes":[]},"contributions":{},"includedScopes":[]}]},"contributions":{},"includedScopes":[]},"contributions":{},"includedScopes":[]},"contributions":{},"includedScopes":[]},"sourceMap":{"end":{"column":13,"line":9,"offset":123},"start":{"column":9,"line":9,"offset":119}}}],"sourceMap":{"end":{"column":6,"line":11,"offset":183},"start":{"column":22,"line":4,"offset":61}}},"stack":"Error: Failed to print, found malformed node\n    at c:\\Users\\sotoj\\.vscode\\extensions\\uqbar.wollok-lsp-ide-0.5.5\\out\\server\\src\\server.js:68:3585\n    at c:\\Users\\sotoj\\.vscode\\extensions\\uqbar.wollok-lsp-ide-0.5.5\\out\\server\\src\\server.js:68:5370\n    at c:\\Users\\sotoj\\.vscode\\extensions\\uqbar.wollok-lsp-ide-0.5.5\\out\\server\\src\\server.js:38:6131\n    at c:\\Users\\sotoj\\.vscode\\extensions\\uqbar.wollok-lsp-ide-0.5.5\\out\\server\\src\\server.js:68:3664\n    at Ybn (c:\\Users\\sotoj\\.vscode\\extensions\\uqbar.wollok-lsp-ide-0.5.5\\out\\server\\src\\server.js:68:3396)\n    at c:\\Users\\sotoj\\.vscode\\extensions\\uqbar.wollok-lsp-ide-0.5.5\\out\\server\\src\\server.js:2430:847\n    at c:\\Users\\sotoj\\.vscode\\extensions\\uqbar.wollok-lsp-ide-0.5.5\\out\\server\\src\\server.js:2430:8440\n    at c:\\Users\\sotoj\\.vscode\\extensions\\uqbar.wollok-lsp-ide-0.5.5\\out\\server\\src\\server.js:37:74770\n    at Ke (c:\\Users\\sotoj\\.vscode\\extensions\\uqbar.wollok-lsp-ide-0.5.5\\out\\server\\src\\server.js:7:8527)\n    at It (c:\\Users\\sotoj\\.vscode\\extensions\\uqbar.wollok-lsp-ide-0.5.5\\out\\server\\src\\server.js:7:6189)","timestamp":"2026-09-23T11:44:17.680Z"}
{"level":"info","message":"⌛ Validating codigoRaton.wlk","timeElapsed":500,"timestamp":"2026-09-23T11:44:18.182Z"}
{"level":"error","message":"✘ Failed to get type description: Error: Failed to print, found malformed node Failed to print, found malformed node","node":{"id":"ed7b2c47-c904-43a8-b890-b21c8f84daee","metadata":[],"problems":[{"code":"malformedSentence","sourceMap":{"end":{"column":61,"line":9,"offset":171},"start":{"column":13,"line":9,"offset":123}}}],"scope":{"containerScope":{"containerScope":{"containerScope":{"containerScope":{"contributions":{},"includedScopes":[]},"contributions":{},"includedScopes":[{"contributions":{},"includedScopes":[]}]},"contributions":{},"includedScopes":[{"containerScope":{"containerScope":{"containerScope":{"contributions":{},"includedScopes":[]},"contributions":{},"includedScopes":[]},"contributions":{},"includedScopes":[]},"contributions":{},"includedScopes":[]}]},"contributions":{},"includedScopes":[]},"contributions":{},"includedScopes":[]},"sentences":[{"args":[{"id":"5e1b163d-2c32-480e-9478-4bd75dcf9b98","metadata":[],"name":"raton","scope":{"containerScope":{"containerScope":{"containerScope":{"containerScope":{"containerScope":{"containerScope":{"contributions":{},"includedScopes":[]},"contributions":{},"includedScopes":[{"contributions":{},"includedScopes":[]}]},"contributions":{},"includedScopes":[{"containerScope":{"containerScope":{"containerScope":{"contributions":{},"includedScopes":[]},"contributions":{},"includedScopes":[]},"contributions":{},"includedScopes":[]},"contributions":{},"includedScopes":[]}]},"contributions":{},"includedScopes":[]},"contributions":{},"includedScopes":[]},"contributions":{},"includedScopes":[]},"contributions":{},"includedScopes":[]},"sourceMap":{"end":{"column":38,"line":6,"offset":103},"start":{"column":33,"line":6,"offset":98}}}],"id":"979d5a85-b2cb-44cb-a311-d99432a3aa8c","message":"addVisualCharacter","metadata":[],"receiver":{"id":"9437ae85-cd3d-4e79-ab6d-c2bcb1b65c7a","metadata":[],"name":"game","scope":{"containerScope":{"containerScope":{"containerScope":{"containerScope":{"containerScope":{"containerScope":{"contributions":{},"includedScopes":[]},"contributions":{},"includedScopes":[{"contributions":{},"includedScopes":[]}]},"contributions":{},"includedScopes":[{"containerScope":{"containerScope":{"containerScope":{"contributions":{},"includedScopes":[]},"contributions":{},"includedScopes":[]},"contributions":{},"includedScopes":[]},"contributions":{},"includedScopes":[]}]},"contributions":{},"includedScopes":[]},"contributions":{},"includedScopes":[]},"contributions":{},"includedScopes":[]},"contributions":{},"includedScopes":[]},"sourceMap":{"end":{"column":13,"line":6,"offset":78},"start":{"column":9,"line":6,"offset":74}}},"scope":{"containerScope":{"containerScope":{"containerScope":{"containerScope":{"containerScope":{"contributions":{},"includedScopes":[]},"contributions":{},"includedScopes":[{"contributions":{},"includedScopes":[]}]},"contributions":{},"includedScopes":[{"containerScope":{"containerScope":{"containerScope":{"contributions":{},"includedScopes":[]},"contributions":{},"includedScopes":[]},"contributions":{},"includedScopes":[]},"contributions":{},"includedScopes":[]}]},"contributions":{},"includedScopes":[]},"contributions":{},"includedScopes":[]},"contributions":{},"includedScopes":[]},"sourceMap":{"end":{"column":39,"line":6,"offset":104},"start":{"column":9,"line":6,"offset":74}}},{"id":"a29e3d40-9a55-48b5-8b24-5e1302cea572","metadata":[],"name":"game","scope":{"containerScope":{"containerScope":{"containerScope":{"containerScope":{"containerScope":{"contributions":{},"includedScopes":[]},"contributions":{},"includedScopes":[{"contributions":{},"includedScopes":[]}]},"contributions":{},"includedScopes":[{"containerScope":{"containerScope":{"containerScope":{"contributions":{},"includedScopes":[]},"contributions":{},"includedScopes":[]},"contributions":{},"includedScopes":[]},"contributions":{},"includedScopes":[]}]},"contributions":{},"includedScopes":[]},"contributions":{},"includedScopes":[]},"contributions":{},"includedScopes":[]},"sourceMap":{"end":{"column":13,"line":9,"offset":123},"start":{"column":9,"line":9,"offset":119}}}],"sourceMap":{"end":{"column":6,"line":11,"offset":183},"start":{"column":22,"line":4,"offset":61}}},"stack":"Error: Failed to print, found malformed node\n    at c:\\Users\\sotoj\\.vscode\\extensions\\uqbar.wollok-lsp-ide-0.5.5\\out\\server\\src\\server.js:68:3585\n    at c:\\Users\\sotoj\\.vscode\\extensions\\uqbar.wollok-lsp-ide-0.5.5\\out\\server\\src\\server.js:68:5370\n    at c:\\Users\\sotoj\\.vscode\\extensions\\uqbar.wollok-lsp-ide-0.5.5\\out\\server\\src\\server.js:38:6131\n    at c:\\Users\\sotoj\\.vscode\\extensions\\uqbar.wollok-lsp-ide-0.5.5\\out\\server\\src\\server.js:68:3664\n    at Ybn (c:\\Users\\sotoj\\.vscode\\extensions\\uqbar.wollok-lsp-ide-0.5.5\\out\\server\\src\\server.js:68:3396)\n    at c:\\Users\\sotoj\\.vscode\\extensions\\uqbar.wollok-lsp-ide-0.5.5\\out\\server\\src\\server.js:2430:847\n    at c:\\Users\\sotoj\\.vscode\\extensions\\uqbar.wollok-lsp-ide-0.5.5\\out\\server\\src\\server.js:2430:8440\n    at c:\\Users\\sotoj\\.vscode\\extensions\\uqbar.wollok-lsp-ide-0.5.5\\out\\server\\src\\server.js:37:74770\n    at Ke (c:\\Users\\sotoj\\.vscode\\extensions\\uqbar.wollok-lsp-ide-0.5.5\\out\\server\\src\\server.js:7:8527)\n    at It (c:\\Users\\sotoj\\.vscode\\extensions\\uqbar.wollok-lsp-ide-0.5.5\\out\\server\\src\\server.js:7:6189)","timestamp":"2026-09-23T11:44:18.233Z"}
{"level":"error","message":"✘ Failed to rebuild document Failed to parse codigoRaton.wlk: \n-- PARSING FAILED --------------------------------------------------\n\nGot the end of the input\n\nExpected one of the following: \n\n'@', 'const', 'method', 'override', 'var', '{', '}', any character/byte, comment, whitespace\n","stack":"Error: Failed to parse codigoRaton.wlk: \n-- PARSING FAILED --------------------------------------------------\n\nGot the end of the input\n\nExpected one of the following: \n\n'@', 'const', 'method', 'override', 'var', '{', '}', any character/byte, comment, whitespace\n\n    at c:\\Users\\sotoj\\.vscode\\extensions\\uqbar.wollok-lsp-ide-0.5.5\\out\\server\\src\\server.js:2385:13026\n    at Array.map (<anonymous>)\n    at z1n (c:\\Users\\sotoj\\.vscode\\extensions\\uqbar.wollok-lsp-ide-0.5.5\\out\\server\\src\\server.js:2385:12950)\n    at H2.buildEnvironmentFrom (c:\\Users\\sotoj\\.vscode\\extensions\\uqbar.wollok-lsp-ide-0.5.5\\out\\server\\src\\server.js:2430:5254)\n    at H2.updateEnvironmentWith (c:\\Users\\sotoj\\.vscode\\extensions\\uqbar.wollok-lsp-ide-0.5.5\\out\\server\\src\\server.js:2430:4989)\n    at QF (c:\\Users\\sotoj\\.vscode\\extensions\\uqbar.wollok-lsp-ide-0.5.5\\out\\server\\src\\server.js:2430:7383)\n    at V3.invoke (c:\\Users\\sotoj\\.vscode\\extensions\\uqbar.wollok-lsp-ide-0.5.5\\out\\server\\src\\server.js:3:157330)\n    at o.fire (c:\\Users\\sotoj\\.vscode\\extensions\\uqbar.wollok-lsp-ide-0.5.5\\out\\server\\src\\server.js:3:158100)\n    at c:\\Users\\sotoj\\.vscode\\extensions\\uqbar.wollok-lsp-ide-0.5.5\\out\\server\\src\\server.js:37:57871\n    at nd (c:\\Users\\sotoj\\.vscode\\extensions\\uqbar.wollok-lsp-ide-0.5.5\\out\\server\\src\\server.js:8:1561)","timestamp":"2026-09-23T11:44:18.261Z"}
{"level":"info","message":"⌛ Validating codigoRaton.wlk","timeElapsed":513,"timestamp":"2026-09-23T11:44:18.792Z"}
{"level":"info","message":"⌛ Validating codigoRaton.wlk","timeElapsed":626,"timestamp":"2026-09-23T11:44:19.420Z"}
{"level":"info","message":"⌛ Validating codigoRaton.wlk","timeElapsed":419,"timestamp":"2026-09-23T11:44:19.915Z"}
{"level":"info","message":"⌛ Validating codigoRaton.wlk","timeElapsed":930,"timestamp":"2026-09-23T11:44:20.846Z"}
{"level":"info","message":"⌛ Validating codigoRaton.wlk","timeElapsed":477,"timestamp":"2026-09-23T11:44:21.325Z"}
{"level":"error","message":"✘ Failed to get type description: Error: Failed to print, found malformed node Failed to print, found malformed node","node":{"id":"ed7b2c47-c904-43a8-b890-b21c8f84daee","metadata":[],"problems":[{"code":"malformedSentence","sourceMap":{"end":{"column":61,"line":9,"offset":171},"start":{"column":13,"line":9,"offset":123}}}],"scope":{"containerScope":{"containerScope":{"containerScope":{"containerScope":{"contributions":{},"includedScopes":[]},"contributions":{},"includedScopes":[{"contributions":{},"includedScopes":[]}]},"contributions":{},"includedScopes":[{"containerScope":{"containerScope":{"containerScope":{"contributions":{},"includedScopes":[]},"contributions":{},"includedScopes":[]},"contributions":{},"includedScopes":[]},"contributions":{},"includedScopes":[]}]},"contributions":{},"includedScopes":[]},"contributions":{},"includedScopes":[]},"sentences":[{"args":[{"id":"5e1b163d-2c32-480e-9478-4bd75dcf9b98","metadata":[],"name":"raton","scope":{"containerScope":{"containerScope":{"containerScope":{"containerScope":{"containerScope":{"containerScope":{"contributions":{},"includedScopes":[]},"contributions":{},"includedScopes":[{"contributions":{},"includedScopes":[]}]},"contributions":{},"includedScopes":[{"containerScope":{"containerScope":{"containerScope":{"contributions":{},"includedScopes":[]},"contributions":{},"includedScopes":[]},"contributions":{},"includedScopes":[]},"contributions":{},"includedScopes":[]}]},"contributions":{},"includedScopes":[]},"contributions":{},"includedScopes":[]},"contributions":{},"includedScopes":[]},"contributions":{},"includedScopes":[]},"sourceMap":{"end":{"column":38,"line":6,"offset":103},"start":{"column":33,"line":6,"offset":98}}}],"id":"979d5a85-b2cb-44cb-a311-d99432a3aa8c","message":"addVisualCharacter","metadata":[],"receiver":{"id":"9437ae85-cd3d-4e79-ab6d-c2bcb1b65c7a","metadata":[],"name":"game","scope":{"containerScope":{"containerScope":{"containerScope":{"containerScope":{"containerScope":{"containerScope":{"contributions":{},"includedScopes":[]},"contributions":{},"includedScopes":[{"contributions":{},"includedScopes":[]}]},"contributions":{},"includedScopes":[{"containerScope":{"containerScope":{"containerScope":{"contributions":{},"includedScopes":[]},"contributions":{},"includedScopes":[]},"contributions":{},"includedScopes":[]},"contributions":{},"includedScopes":[]}]},"contributions":{},"includedScopes":[]},"contributions":{},"includedScopes":[]},"contributions":{},"includedScopes":[]},"contributions":{},"includedScopes":[]},"sourceMap":{"end":{"column":13,"line":6,"offset":78},"start":{"column":9,"line":6,"offset":74}}},"scope":{"containerScope":{"containerScope":{"containerScope":{"containerScope":{"containerScope":{"contributions":{},"includedScopes":[]},"contributions":{},"includedScopes":[{"contributions":{},"includedScopes":[]}]},"contributions":{},"includedScopes":[{"containerScope":{"containerScope":{"containerScope":{"contributions":{},"includedScopes":[]},"contributions":{},"includedScopes":[]},"contributions":{},"includedScopes":[]},"contributions":{},"includedScopes":[]}]},"contributions":{},"includedScopes":[]},"contributions":{},"includedScopes":[]},"contributions":{},"includedScopes":[]},"sourceMap":{"end":{"column":39,"line":6,"offset":104},"start":{"column":9,"line":6,"offset":74}}},{"id":"a29e3d40-9a55-48b5-8b24-5e1302cea572","metadata":[],"name":"game","scope":{"containerScope":{"containerScope":{"containerScope":{"containerScope":{"containerScope":{"contributions":{},"includedScopes":[]},"contributions":{},"includedScopes":[{"contributions":{},"includedScopes":[]}]},"contributions":{},"includedScopes":[{"containerScope":{"containerScope":{"containerScope":{"contributions":{},"includedScopes":[]},"contributions":{},"includedScopes":[]},"contributions":{},"includedScopes":[]},"contributions":{},"includedScopes":[]}]},"contributions":{},"includedScopes":[]},"contributions":{},"includedScopes":[]},"contributions":{},"includedScopes":[]},"sourceMap":{"end":{"column":13,"line":9,"offset":123},"start":{"column":9,"line":9,"offset":119}}}],"sourceMap":{"end":{"column":6,"line":11,"offset":183},"start":{"column":22,"line":4,"offset":61}}},"stack":"Error: Failed to print, found malformed node\n    at c:\\Users\\sotoj\\.vscode\\extensions\\uqbar.wollok-lsp-ide-0.5.5\\out\\server\\src\\server.js:68:3585\n    at c:\\Users\\sotoj\\.vscode\\extensions\\uqbar.wollok-lsp-ide-0.5.5\\out\\server\\src\\server.js:68:5370\n    at c:\\Users\\sotoj\\.vscode\\extensions\\uqbar.wollok-lsp-ide-0.5.5\\out\\server\\src\\server.js:38:6131\n    at c:\\Users\\sotoj\\.vscode\\extensions\\uqbar.wollok-lsp-ide-0.5.5\\out\\server\\src\\server.js:68:3664\n    at Ybn (c:\\Users\\sotoj\\.vscode\\extensions\\uqbar.wollok-lsp-ide-0.5.5\\out\\server\\src\\server.js:68:3396)\n    at c:\\Users\\sotoj\\.vscode\\extensions\\uqbar.wollok-lsp-ide-0.5.5\\out\\server\\src\\server.js:2430:847\n    at c:\\Users\\sotoj\\.vscode\\extensions\\uqbar.wollok-lsp-ide-0.5.5\\out\\server\\src\\server.js:2430:8440\n    at c:\\Users\\sotoj\\.vscode\\extensions\\uqbar.wollok-lsp-ide-0.5.5\\out\\server\\src\\server.js:37:74770\n    at Ke (c:\\Users\\sotoj\\.vscode\\extensions\\uqbar.wollok-lsp-ide-0.5.5\\out\\server\\src\\server.js:7:8527)\n    at It (c:\\Users\\sotoj\\.vscode\\extensions\\uqbar.wollok-lsp-ide-0.5.5\\out\\server\\src\\server.js:7:6189)","timestamp":"2026-09-23T11:44:21.386Z"}
{"level":"error","message":"✘ Failed to get type description: Error: Failed to print, found malformed node Failed to print, found malformed node","node":{"id":"ed7b2c47-c904-43a8-b890-b21c8f84daee","metadata":[],"problems":[{"code":"malformedSentence","sourceMap":{"end":{"column":61,"line":9,"offset":171},"start":{"column":13,"line":9,"offset":123}}}],"scope":{"containerScope":{"containerScope":{"containerScope":{"containerScope":{"contributions":{},"includedScopes":[]},"contributions":{},"includedScopes":[{"contributions":{},"includedScopes":[]}]},"contributions":{},"includedScopes":[{"containerScope":{"containerScope":{"containerScope":{"contributions":{},"includedScopes":[]},"contributions":{},"includedScopes":[]},"contributions":{},"includedScopes":[]},"contributions":{},"includedScopes":[]}]},"contributions":{},"includedScopes":[]},"contributions":{},"includedScopes":[]},"sentences":[{"args":[{"id":"5e1b163d-2c32-480e-9478-4bd75dcf9b98","metadata":[],"name":"raton","scope":{"containerScope":{"containerScope":{"containerScope":{"containerScope":{"containerScope":{"containerScope":{"contributions":{},"includedScopes":[]},"contributions":{},"includedScopes":[{"contributions":{},"includedScopes":[]}]},"contributions":{},"includedScopes":[{"containerScope":{"containerScope":{"containerScope":{"contributions":{},"includedScopes":[]},"contributions":{},"includedScopes":[]},"contributions":{},"includedScopes":[]},"contributions":{},"includedScopes":[]}]},"contributions":{},"includedScopes":[]},"contributions":{},"includedScopes":[]},"contributions":{},"includedScopes":[]},"contributions":{},"includedScopes":[]},"sourceMap":{"end":{"column":38,"line":6,"offset":103},"start":{"column":33,"line":6,"offset":98}}}],"id":"979d5a85-b2cb-44cb-a311-d99432a3aa8c","message":"addVisualCharacter","metadata":[],"receiver":{"id":"9437ae85-cd3d-4e79-ab6d-c2bcb1b65c7a","metadata":[],"name":"game","scope":{"containerScope":{"containerScope":{"containerScope":{"containerScope":{"containerScope":{"containerScope":{"contributions":{},"includedScopes":[]},"contributions":{},"includedScopes":[{"contributions":{},"includedScopes":[]}]},"contributions":{},"includedScopes":[{"containerScope":{"containerScope":{"containerScope":{"contributions":{},"includedScopes":[]},"contributions":{},"includedScopes":[]},"contributions":{},"includedScopes":[]},"contributions":{},"includedScopes":[]}]},"contributions":{},"includedScopes":[]},"contributions":{},"includedScopes":[]},"contributions":{},"includedScopes":[]},"contributions":{},"includedScopes":[]},"sourceMap":{"end":{"column":13,"line":6,"offset":78},"start":{"column":9,"line":6,"offset":74}}},"scope":{"containerScope":{"containerScope":{"containerScope":{"containerScope":{"containerScope":{"contributions":{},"includedScopes":[]},"contributions":{},"includedScopes":[{"contributions":{},"includedScopes":[]}]},"contributions":{},"includedScopes":[{"containerScope":{"containerScope":{"containerScope":{"contributions":{},"includedScopes":[]},"contributions":{},"includedScopes":[]},"contributions":{},"includedScopes":[]},"contributions":{},"includedScopes":[]}]},"contributions":{},"includedScopes":[]},"contributions":{},"includedScopes":[]},"contributions":{},"includedScopes":[]},"sourceMap":{"end":{"column":39,"line":6,"offset":104},"start":{"column":9,"line":6,"offset":74}}},{"id":"a29e3d40-9a55-48b5-8b24-5e1302cea572","metadata":[],"name":"game","scope":{"containerScope":{"containerScope":{"containerScope":{"containerScope":{"containerScope":{"contributions":{},"includedScopes":[]},"contributions":{},"includedScopes":[{"contributions":{},"includedScopes":[]}]},"contributions":{},"includedScopes":[{"containerScope":{"containerScope":{"containerScope":{"contributions":{},"includedScopes":[]},"contributions":{},"includedScopes":[]},"contributions":{},"includedScopes":[]},"contributions":{},"includedScopes":[]}]},"contributions":{},"includedScopes":[]},"contributions":{},"includedScopes":[]},"contributions":{},"includedScopes":[]},"sourceMap":{"end":{"column":13,"line":9,"offset":123},"start":{"column":9,"line":9,"offset":119}}}],"sourceMap":{"end":{"column":6,"line":11,"offset":183},"start":{"column":22,"line":4,"offset":61}}},"stack":"Error: Failed to print, found malformed node\n    at c:\\Users\\sotoj\\.vscode\\extensions\\uqbar.wollok-lsp-ide-0.5.5\\out\\server\\src\\server.js:68:3585\n    at c:\\Users\\sotoj\\.vscode\\extensions\\uqbar.wollok-lsp-ide-0.5.5\\out\\server\\src\\server.js:68:5370\n    at c:\\Users\\sotoj\\.vscode\\extensions\\uqbar.wollok-lsp-ide-0.5.5\\out\\server\\src\\server.js:38:6131\n    at c:\\Users\\sotoj\\.vscode\\extensions\\uqbar.wollok-lsp-ide-0.5.5\\out\\server\\src\\server.js:68:3664\n    at Ybn (c:\\Users\\sotoj\\.vscode\\extensions\\uqbar.wollok-lsp-ide-0.5.5\\out\\server\\src\\server.js:68:3396)\n    at c:\\Users\\sotoj\\.vscode\\extensions\\uqbar.wollok-lsp-ide-0.5.5\\out\\server\\src\\server.js:2430:847\n    at c:\\Users\\sotoj\\.vscode\\extensions\\uqbar.wollok-lsp-ide-0.5.5\\out\\server\\src\\server.js:2430:8440\n    at c:\\Users\\sotoj\\.vscode\\extensions\\uqbar.wollok-lsp-ide-0.5.5\\out\\server\\src\\server.js:37:74770\n    at Ke (c:\\Users\\sotoj\\.vscode\\extensions\\uqbar.wollok-lsp-ide-0.5.5\\out\\server\\src\\server.js:7:8527)\n    at It (c:\\Users\\sotoj\\.vscode\\extensions\\uqbar.wollok-lsp-ide-0.5.5\\out\\server\\src\\server.js:7:6189)","timestamp":"2026-09-23T11:44:21.457Z"}
{"level":"info","message":"⌛ Validating codigoRaton.wlk","timeElapsed":358,"timestamp":"2026-09-23T11:44:21.843Z"}
{"level":"info","message":"⌛ Validating codigoRaton.wlk","timeElapsed":371,"timestamp":"2026-09-23T11:44:22.221Z"}
{"level":"error","message":"✘ Failed to get type description: Error: Failed to print, found malformed node Failed to print, found malformed node","node":{"id":"ed7b2c47-c904-43a8-b890-b21c8f84daee","metadata":[],"problems":[{"code":"malformedSentence","sourceMap":{"end":{"column":61,"line":9,"offset":171},"start":{"column":13,"line":9,"offset":123}}}],"scope":{"containerScope":{"containerScope":{"containerScope":{"containerScope":{"contributions":{},"includedScopes":[]},"contributions":{},"includedScopes":[{"contributions":{},"includedScopes":[]}]},"contributions":{},"includedScopes":[{"containerScope":{"containerScope":{"containerScope":{"contributions":{},"includedScopes":[]},"contributions":{},"includedScopes":[]},"contributions":{},"includedScopes":[]},"contributions":{},"includedScopes":[]}]},"contributions":{},"includedScopes":[]},"contributions":{},"includedScopes":[]},"sentences":[{"args":[{"id":"5e1b163d-2c32-480e-9478-4bd75dcf9b98","metadata":[],"name":"raton","scope":{"containerScope":{"containerScope":{"containerScope":{"containerScope":{"containerScope":{"containerScope":{"contributions":{},"includedScopes":[]},"contributions":{},"includedScopes":[{"contributions":{},"includedScopes":[]}]},"contributions":{},"includedScopes":[{"containerScope":{"containerScope":{"containerScope":{"contributions":{},"includedScopes":[]},"contributions":{},"includedScopes":[]},"contributions":{},"includedScopes":[]},"contributions":{},"includedScopes":[]}]},"contributions":{},"includedScopes":[]},"contributions":{},"includedScopes":[]},"contributions":{},"includedScopes":[]},"contributions":{},"includedScopes":[]},"sourceMap":{"end":{"column":38,"line":6,"offset":103},"start":{"column":33,"line":6,"offset":98}}}],"id":"979d5a85-b2cb-44cb-a311-d99432a3aa8c","message":"addVisualCharacter","metadata":[],"receiver":{"id":"9437ae85-cd3d-4e79-ab6d-c2bcb1b65c7a","metadata":[],"name":"game","scope":{"containerScope":{"containerScope":{"containerScope":{"containerScope":{"containerScope":{"containerScope":{"contributions":{},"includedScopes":[]},"contributions":{},"includedScopes":[{"contributions":{},"includedScopes":[]}]},"contributions":{},"includedScopes":[{"containerScope":{"containerScope":{"containerScope":{"contributions":{},"includedScopes":[]},"contributions":{},"includedScopes":[]},"contributions":{},"includedScopes":[]},"contributions":{},"includedScopes":[]}]},"contributions":{},"includedScopes":[]},"contributions":{},"includedScopes":[]},"contributions":{},"includedScopes":[]},"contributions":{},"includedScopes":[]},"sourceMap":{"end":{"column":13,"line":6,"offset":78},"start":{"column":9,"line":6,"offset":74}}},"scope":{"containerScope":{"containerScope":{"containerScope":{"containerScope":{"containerScope":{"contributions":{},"includedScopes":[]},"contributions":{},"includedScopes":[{"contributions":{},"includedScopes":[]}]},"contributions":{},"includedScopes":[{"containerScope":{"containerScope":{"containerScope":{"contributions":{},"includedScopes":[]},"contributions":{},"includedScopes":[]},"contributions":{},"includedScopes":[]},"contributions":{},"includedScopes":[]}]},"contributions":{},"includedScopes":[]},"contributions":{},"includedScopes":[]},"contributions":{},"includedScopes":[]},"sourceMap":{"end":{"column":39,"line":6,"offset":104},"start":{"column":9,"line":6,"offset":74}}},{"id":"a29e3d40-9a55-48b5-8b24-5e1302cea572","metadata":[],"name":"game","scope":{"containerScope":{"containerScope":{"containerScope":{"containerScope":{"containerScope":{"contributions":{},"includedScopes":[]},"contributions":{},"includedScopes":[{"contributions":{},"includedScopes":[]}]},"contributions":{},"includedScopes":[{"containerScope":{"containerScope":{"containerScope":{"contributions":{},"includedScopes":[]},"contributions":{},"includedScopes":[]},"contributions":{},"includedScopes":[]},"contributions":{},"includedScopes":[]}]},"contributions":{},"includedScopes":[]},"contributions":{},"includedScopes":[]},"contributions":{},"includedScopes":[]},"sourceMap":{"end":{"column":13,"line":9,"offset":123},"start":{"column":9,"line":9,"offset":119}}}],"sourceMap":{"end":{"column":6,"line":11,"offset":183},"start":{"column":22,"line":4,"offset":61}}},"stack":"Error: Failed to print, found malformed node\n    at c:\\Users\\sotoj\\.vscode\\extensions\\uqbar.wollok-lsp-ide-0.5.5\\out\\server\\src\\server.js:68:3585\n    at c:\\Users\\sotoj\\.vscode\\extensions\\uqbar.wollok-lsp-ide-0.5.5\\out\\server\\src\\server.js:68:5370\n    at c:\\Users\\sotoj\\.vscode\\extensions\\uqbar.wollok-lsp-ide-0.5.5\\out\\server\\src\\server.js:38:6131\n    at c:\\Users\\sotoj\\.vscode\\extensions\\uqbar.wollok-lsp-ide-0.5.5\\out\\server\\src\\server.js:68:3664\n    at Ybn (c:\\Users\\sotoj\\.vscode\\extensions\\uqbar.wollok-lsp-ide-0.5.5\\out\\server\\src\\server.js:68:3396)\n    at c:\\Users\\sotoj\\.vscode\\extensions\\uqbar.wollok-lsp-ide-0.5.5\\out\\server\\src\\server.js:2430:847\n    at c:\\Users\\sotoj\\.vscode\\extensions\\uqbar.wollok-lsp-ide-0.5.5\\out\\server\\src\\server.js:2430:8440\n    at c:\\Users\\sotoj\\.vscode\\extensions\\uqbar.wollok-lsp-ide-0.5.5\\out\\server\\src\\server.js:37:74770\n    at Ke (c:\\Users\\sotoj\\.vscode\\extensions\\uqbar.wollok-lsp-ide-0.5.5\\out\\server\\src\\server.js:7:8527)\n    at It (c:\\Users\\sotoj\\.vscode\\extensions\\uqbar.wollok-lsp-ide-0.5.5\\out\\server\\src\\server.js:7:6189)","timestamp":"2026-09-23T11:44:22.259Z"}
{"level":"error","message":"✘ Failed to get type description: Error: Failed to print, found malformed node Failed to print, found malformed node","node":{"id":"ed7b2c47-c904-43a8-b890-b21c8f84daee","metadata":[],"problems":[{"code":"malformedSentence","sourceMap":{"end":{"column":61,"line":9,"offset":171},"start":{"column":13,"line":9,"offset":123}}}],"scope":{"containerScope":{"containerScope":{"containerScope":{"containerScope":{"contributions":{},"includedScopes":[]},"contributions":{},"includedScopes":[{"contributions":{},"includedScopes":[]}]},"contributions":{},"includedScopes":[{"containerScope":{"containerScope":{"containerScope":{"contributions":{},"includedScopes":[]},"contributions":{},"includedScopes":[]},"contributions":{},"includedScopes":[]},"contributions":{},"includedScopes":[]}]},"contributions":{},"includedScopes":[]},"contributions":{},"includedScopes":[]},"sentences":[{"args":[{"id":"5e1b163d-2c32-480e-9478-4bd75dcf9b98","metadata":[],"name":"raton","scope":{"containerScope":{"containerScope":{"containerScope":{"containerScope":{"containerScope":{"containerScope":{"contributions":{},"includedScopes":[]},"contributions":{},"includedScopes":[{"contributions":{},"includedScopes":[]}]},"contributions":{},"includedScopes":[{"containerScope":{"containerScope":{"containerScope":{"contributions":{},"includedScopes":[]},"contributions":{},"includedScopes":[]},"contributions":{},"includedScopes":[]},"contributions":{},"includedScopes":[]}]},"contributions":{},"includedScopes":[]},"contributions":{},"includedScopes":[]},"contributions":{},"includedScopes":[]},"contributions":{},"includedScopes":[]},"sourceMap":{"end":{"column":38,"line":6,"offset":103},"start":{"column":33,"line":6,"offset":98}}}],"id":"979d5a85-b2cb-44cb-a311-d99432a3aa8c","message":"addVisualCharacter","metadata":[],"receiver":{"id":"9437ae85-cd3d-4e79-ab6d-c2bcb1b65c7a","metadata":[],"name":"game","scope":{"containerScope":{"containerScope":{"containerScope":{"containerScope":{"containerScope":{"containerScope":{"contributions":{},"includedScopes":[]},"contributions":{},"includedScopes":[{"contributions":{},"includedScopes":[]}]},"contributions":{},"includedScopes":[{"containerScope":{"containerScope":{"containerScope":{"contributions":{},"includedScopes":[]},"contributions":{},"includedScopes":[]},"contributions":{},"includedScopes":[]},"contributions":{},"includedScopes":[]}]},"contributions":{},"includedScopes":[]},"contributions":{},"includedScopes":[]},"contributions":{},"includedScopes":[]},"contributions":{},"includedScopes":[]},"sourceMap":{"end":{"column":13,"line":6,"offset":78},"start":{"column":9,"line":6,"offset":74}}},"scope":{"containerScope":{"containerScope":{"containerScope":{"containerScope":{"containerScope":{"contributions":{},"includedScopes":[]},"contributions":{},"includedScopes":[{"contributions":{},"includedScopes":[]}]},"contributions":{},"includedScopes":[{"containerScope":{"containerScope":{"containerScope":{"contributions":{},"includedScopes":[]},"contributions":{},"includedScopes":[]},"contributions":{},"includedScopes":[]},"contributions":{},"includedScopes":[]}]},"contributions":{},"includedScopes":[]},"contributions":{},"includedScopes":[]},"contributions":{},"includedScopes":[]},"sourceMap":{"end":{"column":39,"line":6,"offset":104},"start":{"column":9,"line":6,"offset":74}}},{"id":"a29e3d40-9a55-48b5-8b24-5e1302cea572","metadata":[],"name":"game","scope":{"containerScope":{"containerScope":{"containerScope":{"containerScope":{"containerScope":{"contributions":{},"includedScopes":[]},"contributions":{},"includedScopes":[{"contributions":{},"includedScopes":[]}]},"contributions":{},"includedScopes":[{"containerScope":{"containerScope":{"containerScope":{"contributions":{},"includedScopes":[]},"contributions":{},"includedScopes":[]},"contributions":{},"includedScopes":[]},"contributions":{},"includedScopes":[]}]},"contributions":{},"includedScopes":[]},"contributions":{},"includedScopes":[]},"contributions":{},"includedScopes":[]},"sourceMap":{"end":{"column":13,"line":9,"offset":123},"start":{"column":9,"line":9,"offset":119}}}],"sourceMap":{"end":{"column":6,"line":11,"offset":183},"start":{"column":22,"line":4,"offset":61}}},"stack":"Error: Failed to print, found malformed node\n    at c:\\Users\\sotoj\\.vscode\\extensions\\uqbar.wollok-lsp-ide-0.5.5\\out\\server\\src\\server.js:68:3585\n    at c:\\Users\\sotoj\\.vscode\\extensions\\uqbar.wollok-lsp-ide-0.5.5\\out\\server\\src\\server.js:68:5370\n    at c:\\Users\\sotoj\\.vscode\\extensions\\uqbar.wollok-lsp-ide-0.5.5\\out\\server\\src\\server.js:38:6131\n    at c:\\Users\\sotoj\\.vscode\\extensions\\uqbar.wollok-lsp-ide-0.5.5\\out\\server\\src\\server.js:68:3664\n    at Ybn (c:\\Users\\sotoj\\.vscode\\extensions\\uqbar.wollok-lsp-ide-0.5.5\\out\\server\\src\\server.js:68:3396)\n    at c:\\Users\\sotoj\\.vscode\\extensions\\uqbar.wollok-lsp-ide-0.5.5\\out\\server\\src\\server.js:2430:847\n    at c:\\Users\\sotoj\\.vscode\\extensions\\uqbar.wollok-lsp-ide-0.5.5\\out\\server\\src\\server.js:2430:8440\n    at c:\\Users\\sotoj\\.vscode\\extensions\\uqbar.wollok-lsp-ide-0.5.5\\out\\server\\src\\server.js:37:74770\n    at Ke (c:\\Users\\sotoj\\.vscode\\extensions\\uqbar.wollok-lsp-ide-0.5.5\\out\\server\\src\\server.js:7:8527)\n    at It (c:\\Users\\sotoj\\.vscode\\extensions\\uqbar.wollok-lsp-ide-0.5.5\\out\\server\\src\\server.js:7:6189)","timestamp":"2026-09-23T11:44:22.306Z"}
{"level":"info","message":"⌛ Validating codigoRaton.wlk","timeElapsed":318,"timestamp":"2026-09-23T11:44:22.627Z"}
{"level":"info","message":"⌛ Validating codigoRaton.wlk","timeElapsed":407,"timestamp":"2026-09-23T11:44:23.036Z"}
{"level":"error","message":"✘ Failed to rebuild document Failed to parse codigoRaton.wlk: \n-- PARSING FAILED --------------------------------------------------\n\nGot the end of the input\n\nExpected one of the following: \n\n'@', 'const', 'method', 'override', 'var', '{', '}', any character/byte, comment, whitespace\n","stack":"Error: Failed to parse codigoRaton.wlk: \n-- PARSING FAILED --------------------------------------------------\n\nGot the end of the input\n\nExpected one of the following: \n\n'@', 'const', 'method', 'override', 'var', '{', '}', any character/byte, comment, whitespace\n\n    at c:\\Users\\sotoj\\.vscode\\extensions\\uqbar.wollok-lsp-ide-0.5.5\\out\\server\\src\\server.js:2385:13026\n    at Array.map (<anonymous>)\n    at z1n (c:\\Users\\sotoj\\.vscode\\extensions\\uqbar.wollok-lsp-ide-0.5.5\\out\\server\\src\\server.js:2385:12950)\n    at H2.buildEnvironmentFrom (c:\\Users\\sotoj\\.vscode\\extensions\\uqbar.wollok-lsp-ide-0.5.5\\out\\server\\src\\server.js:2430:5254)\n    at H2.updateEnvironmentWith (c:\\Users\\sotoj\\.vscode\\extensions\\uqbar.wollok-lsp-ide-0.5.5\\out\\server\\src\\server.js:2430:4989)\n    at QF (c:\\Users\\sotoj\\.vscode\\extensions\\uqbar.wollok-lsp-ide-0.5.5\\out\\server\\src\\server.js:2430:7383)\n    at V3.invoke (c:\\Users\\sotoj\\.vscode\\extensions\\uqbar.wollok-lsp-ide-0.5.5\\out\\server\\src\\server.js:3:157330)\n    at o.fire (c:\\Users\\sotoj\\.vscode\\extensions\\uqbar.wollok-lsp-ide-0.5.5\\out\\server\\src\\server.js:3:158100)\n    at c:\\Users\\sotoj\\.vscode\\extensions\\uqbar.wollok-lsp-ide-0.5.5\\out\\server\\src\\server.js:37:57871\n    at nd (c:\\Users\\sotoj\\.vscode\\extensions\\uqbar.wollok-lsp-ide-0.5.5\\out\\server\\src\\server.js:8:1561)","timestamp":"2026-09-23T11:44:23.137Z"}
{"level":"error","message":"✘ Failed to rebuild document Failed to parse codigoRaton.wlk: \n-- PARSING FAILED --------------------------------------------------\n\nGot the end of the input\n\nExpected one of the following: \n\n'@', 'const', 'method', 'override', 'var', '{', '}', any character/byte, comment, whitespace\n","stack":"Error: Failed to parse codigoRaton.wlk: \n-- PARSING FAILED --------------------------------------------------\n\nGot the end of the input\n\nExpected one of the following: \n\n'@', 'const', 'method', 'override', 'var', '{', '}', any character/byte, comment, whitespace\n\n    at c:\\Users\\sotoj\\.vscode\\extensions\\uqbar.wollok-lsp-ide-0.5.5\\out\\server\\src\\server.js:2385:13026\n    at Array.map (<anonymous>)\n    at z1n (c:\\Users\\sotoj\\.vscode\\extensions\\uqbar.wollok-lsp-ide-0.5.5\\out\\server\\src\\server.js:2385:12950)\n    at H2.buildEnvironmentFrom (c:\\Users\\sotoj\\.vscode\\extensions\\uqbar.wollok-lsp-ide-0.5.5\\out\\server\\src\\server.js:2430:5254)\n    at H2.updateEnvironmentWith (c:\\Users\\sotoj\\.vscode\\extensions\\uqbar.wollok-lsp-ide-0.5.5\\out\\server\\src\\server.js:2430:4989)\n    at QF (c:\\Users\\sotoj\\.vscode\\extensions\\uqbar.wollok-lsp-ide-0.5.5\\out\\server\\src\\server.js:2430:7383)\n    at V3.invoke (c:\\Users\\sotoj\\.vscode\\extensions\\uqbar.wollok-lsp-ide-0.5.5\\out\\server\\src\\server.js:3:157330)\n    at o.fire (c:\\Users\\sotoj\\.vscode\\extensions\\uqbar.wollok-lsp-ide-0.5.5\\out\\server\\src\\server.js:3:158100)\n    at c:\\Users\\sotoj\\.vscode\\extensions\\uqbar.wollok-lsp-ide-0.5.5\\out\\server\\src\\server.js:37:57871\n    at nd (c:\\Users\\sotoj\\.vscode\\extensions\\uqbar.wollok-lsp-ide-0.5.5\\out\\server\\src\\server.js:8:1561)","timestamp":"2026-09-23T11:44:23.267Z"}
{"level":"error","message":"✘ Failed to rebuild document Failed to parse codigoRaton.wlk: \n-- PARSING FAILED --------------------------------------------------\n\nGot the end of the input\n\nExpected one of the following: \n\n'@', 'const', 'method', 'override', 'var', '{', '}', any character/byte, comment, whitespace\n","stack":"Error: Failed to parse codigoRaton.wlk: \n-- PARSING FAILED --------------------------------------------------\n\nGot the end of the input\n\nExpected one of the following: \n\n'@', 'const', 'method', 'override', 'var', '{', '}', any character/byte, comment, whitespace\n\n    at c:\\Users\\sotoj\\.vscode\\extensions\\uqbar.wollok-lsp-ide-0.5.5\\out\\server\\src\\server.js:2385:13026\n    at Array.map (<anonymous>)\n    at z1n (c:\\Users\\sotoj\\.vscode\\extensions\\uqbar.wollok-lsp-ide-0.5.5\\out\\server\\src\\server.js:2385:12950)\n    at H2.buildEnvironmentFrom (c:\\Users\\sotoj\\.vscode\\extensions\\uqbar.wollok-lsp-ide-0.5.5\\out\\server\\src\\server.js:2430:5254)\n    at H2.updateEnvironmentWith (c:\\Users\\sotoj\\.vscode\\extensions\\uqbar.wollok-lsp-ide-0.5.5\\out\\server\\src\\server.js:2430:4989)\n    at QF (c:\\Users\\sotoj\\.vscode\\extensions\\uqbar.wollok-lsp-ide-0.5.5\\out\\server\\src\\server.js:2430:7383)\n    at V3.invoke (c:\\Users\\sotoj\\.vscode\\extensions\\uqbar.wollok-lsp-ide-0.5.5\\out\\server\\src\\server.js:3:157330)\n    at o.fire (c:\\Users\\sotoj\\.vscode\\extensions\\uqbar.wollok-lsp-ide-0.5.5\\out\\server\\src\\server.js:3:158100)\n    at c:\\Users\\sotoj\\.vscode\\extensions\\uqbar.wollok-lsp-ide-0.5.5\\out\\server\\src\\server.js:37:57871\n    at nd (c:\\Users\\sotoj\\.vscode\\extensions\\uqbar.wollok-lsp-ide-0.5.5\\out\\server\\src\\server.js:8:1561)","timestamp":"2026-09-23T11:44:23.293Z"}
{"level":"error","message":"✘ Failed to rebuild document Failed to parse codigoRaton.wlk: \n-- PARSING FAILED --------------------------------------------------\n\nGot the end of the input\n\nExpected one of the following: \n\n'@', 'const', 'method', 'override', 'var', '{', '}', any character/byte, comment, whitespace\n","stack":"Error: Failed to parse codigoRaton.wlk: \n-- PARSING FAILED --------------------------------------------------\n\nGot the end of the input\n\nExpected one of the following: \n\n'@', 'const', 'method', 'override', 'var', '{', '}', any character/byte, comment, whitespace\n\n    at c:\\Users\\sotoj\\.vscode\\extensions\\uqbar.wollok-lsp-ide-0.5.5\\out\\server\\src\\server.js:2385:13026\n    at Array.map (<anonymous>)\n    at z1n (c:\\Users\\sotoj\\.vscode\\extensions\\uqbar.wollok-lsp-ide-0.5.5\\out\\server\\src\\server.js:2385:12950)\n    at H2.buildEnvironmentFrom (c:\\Users\\sotoj\\.vscode\\extensions\\uqbar.wollok-lsp-ide-0.5.5\\out\\server\\src\\server.js:2430:5254)\n    at H2.updateEnvironmentWith (c:\\Users\\sotoj\\.vscode\\extensions\\uqbar.wollok-lsp-ide-0.5.5\\out\\server\\src\\server.js:2430:4989)\n    at QF (c:\\Users\\sotoj\\.vscode\\extensions\\uqbar.wollok-lsp-ide-0.5.5\\out\\server\\src\\server.js:2430:7383)\n    at V3.invoke (c:\\Users\\sotoj\\.vscode\\extensions\\uqbar.wollok-lsp-ide-0.5.5\\out\\server\\src\\server.js:3:157330)\n    at o.fire (c:\\Users\\sotoj\\.vscode\\extensions\\uqbar.wollok-lsp-ide-0.5.5\\out\\server\\src\\server.js:3:158100)\n    at c:\\Users\\sotoj\\.vscode\\extensions\\uqbar.wollok-lsp-ide-0.5.5\\out\\server\\src\\server.js:37:57871\n    at nd (c:\\Users\\sotoj\\.vscode\\extensions\\uqbar.wollok-lsp-ide-0.5.5\\out\\server\\src\\server.js:8:1561)","timestamp":"2026-09-23T11:44:23.363Z"}
{"level":"error","message":"✘ Failed to rebuild document Failed to parse codigoRaton.wlk: \n-- PARSING FAILED --------------------------------------------------\n\nGot the end of the input\n\nExpected one of the following: \n\n'@', 'const', 'method', 'override', 'var', '{', '}', any character/byte, comment, whitespace\n","stack":"Error: Failed to parse codigoRaton.wlk: \n-- PARSING FAILED --------------------------------------------------\n\nGot the end of the input\n\nExpected one of the following: \n\n'@', 'const', 'method', 'override', 'var', '{', '}', any character/byte, comment, whitespace\n\n    at c:\\Users\\sotoj\\.vscode\\extensions\\uqbar.wollok-lsp-ide-0.5.5\\out\\server\\src\\server.js:2385:13026\n    at Array.map (<anonymous>)\n    at z1n (c:\\Users\\sotoj\\.vscode\\extensions\\uqbar.wollok-lsp-ide-0.5.5\\out\\server\\src\\server.js:2385:12950)\n    at H2.buildEnvironmentFrom (c:\\Users\\sotoj\\.vscode\\extensions\\uqbar.wollok-lsp-ide-0.5.5\\out\\server\\src\\server.js:2430:5254)\n    at H2.updateEnvironmentWith (c:\\Users\\sotoj\\.vscode\\extensions\\uqbar.wollok-lsp-ide-0.5.5\\out\\server\\src\\server.js:2430:4989)\n    at QF (c:\\Users\\sotoj\\.vscode\\extensions\\uqbar.wollok-lsp-ide-0.5.5\\out\\server\\src\\server.js:2430:7383)\n    at V3.invoke (c:\\Users\\sotoj\\.vscode\\extensions\\uqbar.wollok-lsp-ide-0.5.5\\out\\server\\src\\server.js:3:157330)\n    at o.fire (c:\\Users\\sotoj\\.vscode\\extensions\\uqbar.wollok-lsp-ide-0.5.5\\out\\server\\src\\server.js:3:158100)\n    at c:\\Users\\sotoj\\.vscode\\extensions\\uqbar.wollok-lsp-ide-0.5.5\\out\\server\\src\\server.js:37:57871\n    at nd (c:\\Users\\sotoj\\.vscode\\extensions\\uqbar.wollok-lsp-ide-0.5.5\\out\\server\\src\\server.js:8:1561)","timestamp":"2026-09-23T11:44:23.416Z"}
{"level":"error","message":"✘ Failed to rebuild document Failed to parse codigoRaton.wlk: \n-- PARSING FAILED --------------------------------------------------\n\nGot the end of the input\n\nExpected one of the following: \n\n'@', 'const', 'method', 'override', 'var', '{', '}', any character/byte, comment, whitespace\n","stack":"Error: Failed to parse codigoRaton.wlk: \n-- PARSING FAILED --------------------------------------------------\n\nGot the end of the input\n\nExpected one of the following: \n\n'@', 'const', 'method', 'override', 'var', '{', '}', any character/byte, comment, whitespace\n\n    at c:\\Users\\sotoj\\.vscode\\extensions\\uqbar.wollok-lsp-ide-0.5.5\\out\\server\\src\\server.js:2385:13026\n    at Array.map (<anonymous>)\n    at z1n (c:\\Users\\sotoj\\.vscode\\extensions\\uqbar.wollok-lsp-ide-0.5.5\\out\\server\\src\\server.js:2385:12950)\n    at H2.buildEnvironmentFrom (c:\\Users\\sotoj\\.vscode\\extensions\\uqbar.wollok-lsp-ide-0.5.5\\out\\server\\src\\server.js:2430:5254)\n    at H2.updateEnvironmentWith (c:\\Users\\sotoj\\.vscode\\extensions\\uqbar.wollok-lsp-ide-0.5.5\\out\\server\\src\\server.js:2430:4989)\n    at QF (c:\\Users\\sotoj\\.vscode\\extensions\\uqbar.wollok-lsp-ide-0.5.5\\out\\server\\src\\server.js:2430:7383)\n    at V3.invoke (c:\\Users\\sotoj\\.vscode\\extensions\\uqbar.wollok-lsp-ide-0.5.5\\out\\server\\src\\server.js:3:157330)\n    at o.fire (c:\\Users\\sotoj\\.vscode\\extensions\\uqbar.wollok-lsp-ide-0.5.5\\out\\server\\src\\server.js:3:158100)\n    at c:\\Users\\sotoj\\.vscode\\extensions\\uqbar.wollok-lsp-ide-0.5.5\\out\\server\\src\\server.js:37:57871\n    at nd (c:\\Users\\sotoj\\.vscode\\extensions\\uqbar.wollok-lsp-ide-0.5.5\\out\\server\\src\\server.js:8:1561)","timestamp":"2026-09-23T11:44:23.483Z"}
{"level":"error","message":"✘ Failed to rebuild document Failed to parse codigoRaton.wlk: \n-- PARSING FAILED --------------------------------------------------\n\nGot the end of the input\n\nExpected one of the following: \n\n'@', 'const', 'method', 'override', 'var', '{', '}', any character/byte, comment, whitespace\n","stack":"Error: Failed to parse codigoRaton.wlk: \n-- PARSING FAILED --------------------------------------------------\n\nGot the end of the input\n\nExpected one of the following: \n\n'@', 'const', 'method', 'override', 'var', '{', '}', any character/byte, comment, whitespace\n\n    at c:\\Users\\sotoj\\.vscode\\extensions\\uqbar.wollok-lsp-ide-0.5.5\\out\\server\\src\\server.js:2385:13026\n    at Array.map (<anonymous>)\n    at z1n (c:\\Users\\sotoj\\.vscode\\extensions\\uqbar.wollok-lsp-ide-0.5.5\\out\\server\\src\\server.js:2385:12950)\n    at H2.buildEnvironmentFrom (c:\\Users\\sotoj\\.vscode\\extensions\\uqbar.wollok-lsp-ide-0.5.5\\out\\server\\src\\server.js:2430:5254)\n    at H2.updateEnvironmentWith (c:\\Users\\sotoj\\.vscode\\extensions\\uqbar.wollok-lsp-ide-0.5.5\\out\\server\\src\\server.js:2430:4989)\n    at QF (c:\\Users\\sotoj\\.vscode\\extensions\\uqbar.wollok-lsp-ide-0.5.5\\out\\server\\src\\server.js:2430:7383)\n    at V3.invoke (c:\\Users\\sotoj\\.vscode\\extensions\\uqbar.wollok-lsp-ide-0.5.5\\out\\server\\src\\server.js:3:157330)\n    at o.fire (c:\\Users\\sotoj\\.vscode\\extensions\\uqbar.wollok-lsp-ide-0.5.5\\out\\server\\src\\server.js:3:158100)\n    at c:\\Users\\sotoj\\.vscode\\extensions\\uqbar.wollok-lsp-ide-0.5.5\\out\\server\\src\\server.js:37:57871\n    at nd (c:\\Users\\sotoj\\.vscode\\extensions\\uqbar.wollok-lsp-ide-0.5.5\\out\\server\\src\\server.js:8:1561)","timestamp":"2026-09-23T11:44:23.502Z"}
{"level":"error","message":"✘ Failed to rebuild document Failed to parse codigoRaton.wlk: \n-- PARSING FAILED --------------------------------------------------\n\nGot the end of the input\n\nExpected one of the following: \n\n'@', 'const', 'method', 'override', 'var', '{', '}', any character/byte, comment, whitespace\n","stack":"Error: Failed to parse codigoRaton.wlk: \n-- PARSING FAILED --------------------------------------------------\n\nGot the end of the input\n\nExpected one of the following: \n\n'@', 'const', 'method', 'override', 'var', '{', '}', any character/byte, comment, whitespace\n\n    at c:\\Users\\sotoj\\.vscode\\extensions\\uqbar.wollok-lsp-ide-0.5.5\\out\\server\\src\\server.js:2385:13026\n    at Array.map (<anonymous>)\n    at z1n (c:\\Users\\sotoj\\.vscode\\extensions\\uqbar.wollok-lsp-ide-0.5.5\\out\\server\\src\\server.js:2385:12950)\n    at H2.buildEnvironmentFrom (c:\\Users\\sotoj\\.vscode\\extensions\\uqbar.wollok-lsp-ide-0.5.5\\out\\server\\src\\server.js:2430:5254)\n    at H2.updateEnvironmentWith (c:\\Users\\sotoj\\.vscode\\extensions\\uqbar.wollok-lsp-ide-0.5.5\\out\\server\\src\\server.js:2430:4989)\n    at QF (c:\\Users\\sotoj\\.vscode\\extensions\\uqbar.wollok-lsp-ide-0.5.5\\out\\server\\src\\server.js:2430:7383)\n    at V3.invoke (c:\\Users\\sotoj\\.vscode\\extensions\\uqbar.wollok-lsp-ide-0.5.5\\out\\server\\src\\server.js:3:157330)\n    at o.fire (c:\\Users\\sotoj\\.vscode\\extensions\\uqbar.wollok-lsp-ide-0.5.5\\out\\server\\src\\server.js:3:158100)\n    at c:\\Users\\sotoj\\.vscode\\extensions\\uqbar.wollok-lsp-ide-0.5.5\\out\\server\\src\\server.js:37:57871\n    at nd (c:\\Users\\sotoj\\.vscode\\extensions\\uqbar.wollok-lsp-ide-0.5.5\\out\\server\\src\\server.js:8:1561)","timestamp":"2026-09-23T11:44:23.577Z"}
{"level":"error","message":"✘ Failed to rebuild document Failed to parse codigoRaton.wlk: \n-- PARSING FAILED --------------------------------------------------\n\nGot the end of the input\n\nExpected one of the following: \n\n'@', 'const', 'method', 'override', 'var', '{', '}', any character/byte, comment, whitespace\n","stack":"Error: Failed to parse codigoRaton.wlk: \n-- PARSING FAILED --------------------------------------------------\n\nGot the end of the input\n\nExpected one of the following: \n\n'@', 'const', 'method', 'override', 'var', '{', '}', any character/byte, comment, whitespace\n\n    at c:\\Users\\sotoj\\.vscode\\extensions\\uqbar.wollok-lsp-ide-0.5.5\\out\\server\\src\\server.js:2385:13026\n    at Array.map (<anonymous>)\n    at z1n (c:\\Users\\sotoj\\.vscode\\extensions\\uqbar.wollok-lsp-ide-0.5.5\\out\\server\\src\\server.js:2385:12950)\n    at H2.buildEnvironmentFrom (c:\\Users\\sotoj\\.vscode\\extensions\\uqbar.wollok-lsp-ide-0.5.5\\out\\server\\src\\server.js:2430:5254)\n    at H2.updateEnvironmentWith (c:\\Users\\sotoj\\.vscode\\extensions\\uqbar.wollok-lsp-ide-0.5.5\\out\\server\\src\\server.js:2430:4989)\n    at QF (c:\\Users\\sotoj\\.vscode\\extensions\\uqbar.wollok-lsp-ide-0.5.5\\out\\server\\src\\server.js:2430:7383)\n    at V3.invoke (c:\\Users\\sotoj\\.vscode\\extensions\\uqbar.wollok-lsp-ide-0.5.5\\out\\server\\src\\server.js:3:157330)\n    at o.fire (c:\\Users\\sotoj\\.vscode\\extensions\\uqbar.wollok-lsp-ide-0.5.5\\out\\server\\src\\server.js:3:158100)\n    at c:\\Users\\sotoj\\.vscode\\extensions\\uqbar.wollok-lsp-ide-0.5.5\\out\\server\\src\\server.js:37:57871\n    at nd (c:\\Users\\sotoj\\.vscode\\extensions\\uqbar.wollok-lsp-ide-0.5.5\\out\\server\\src\\server.js:8:1561)","timestamp":"2026-09-23T11:44:23.596Z"}
{"level":"error","message":"✘ Failed to rebuild document Failed to parse codigoRaton.wlk: \n-- PARSING FAILED --------------------------------------------------\n\nGot the end of the input\n\nExpected one of the following: \n\n'@', 'const', 'method', 'override', 'var', '{', '}', any character/byte, comment, whitespace\n","stack":"Error: Failed to parse codigoRaton.wlk: \n-- PARSING FAILED --------------------------------------------------\n\nGot the end of the input\n\nExpected one of the following: \n\n'@', 'const', 'method', 'override', 'var', '{', '}', any character/byte, comment, whitespace\n\n    at c:\\Users\\sotoj\\.vscode\\extensions\\uqbar.wollok-lsp-ide-0.5.5\\out\\server\\src\\server.js:2385:13026\n    at Array.map (<anonymous>)\n    at z1n (c:\\Users\\sotoj\\.vscode\\extensions\\uqbar.wollok-lsp-ide-0.5.5\\out\\server\\src\\server.js:2385:12950)\n    at H2.buildEnvironmentFrom (c:\\Users\\sotoj\\.vscode\\extensions\\uqbar.wollok-lsp-ide-0.5.5\\out\\server\\src\\server.js:2430:5254)\n    at H2.updateEnvironmentWith (c:\\Users\\sotoj\\.vscode\\extensions\\uqbar.wollok-lsp-ide-0.5.5\\out\\server\\src\\server.js:2430:4989)\n    at QF (c:\\Users\\sotoj\\.vscode\\extensions\\uqbar.wollok-lsp-ide-0.5.5\\out\\server\\src\\server.js:2430:7383)\n    at V3.invoke (c:\\Users\\sotoj\\.vscode\\extensions\\uqbar.wollok-lsp-ide-0.5.5\\out\\server\\src\\server.js:3:157330)\n    at o.fire (c:\\Users\\sotoj\\.vscode\\extensions\\uqbar.wollok-lsp-ide-0.5.5\\out\\server\\src\\server.js:3:158100)\n    at c:\\Users\\sotoj\\.vscode\\extensions\\uqbar.wollok-lsp-ide-0.5.5\\out\\server\\src\\server.js:37:57871\n    at nd (c:\\Users\\sotoj\\.vscode\\extensions\\uqbar.wollok-lsp-ide-0.5.5\\out\\server\\src\\server.js:8:1561)","timestamp":"2026-09-23T11:44:23.627Z"}
{"level":"error","message":"✘ Failed to rebuild document Failed to parse codigoRaton.wlk: \n-- PARSING FAILED --------------------------------------------------\n\nGot the end of the input\n\nExpected one of the following: \n\n'@', 'const', 'method', 'override', 'var', '{', '}', any character/byte, comment, whitespace\n","stack":"Error: Failed to parse codigoRaton.wlk: \n-- PARSING FAILED --------------------------------------------------\n\nGot the end of the input\n\nExpected one of the following: \n\n'@', 'const', 'method', 'override', 'var', '{', '}', any character/byte, comment, whitespace\n\n    at c:\\Users\\sotoj\\.vscode\\extensions\\uqbar.wollok-lsp-ide-0.5.5\\out\\server\\src\\server.js:2385:13026\n    at Array.map (<anonymous>)\n    at z1n (c:\\Users\\sotoj\\.vscode\\extensions\\uqbar.wollok-lsp-ide-0.5.5\\out\\server\\src\\server.js:2385:12950)\n    at H2.buildEnvironmentFrom (c:\\Users\\sotoj\\.vscode\\extensions\\uqbar.wollok-lsp-ide-0.5.5\\out\\server\\src\\server.js:2430:5254)\n    at H2.updateEnvironmentWith (c:\\Users\\sotoj\\.vscode\\extensions\\uqbar.wollok-lsp-ide-0.5.5\\out\\server\\src\\server.js:2430:4989)\n    at QF (c:\\Users\\sotoj\\.vscode\\extensions\\uqbar.wollok-lsp-ide-0.5.5\\out\\server\\src\\server.js:2430:7383)\n    at V3.invoke (c:\\Users\\sotoj\\.vscode\\extensions\\uqbar.wollok-lsp-ide-0.5.5\\out\\server\\src\\server.js:3:157330)\n    at o.fire (c:\\Users\\sotoj\\.vscode\\extensions\\uqbar.wollok-lsp-ide-0.5.5\\out\\server\\src\\server.js:3:158100)\n    at c:\\Users\\sotoj\\.vscode\\extensions\\uqbar.wollok-lsp-ide-0.5.5\\out\\server\\src\\server.js:37:57871\n    at nd (c:\\Users\\sotoj\\.vscode\\extensions\\uqbar.wollok-lsp-ide-0.5.5\\out\\server\\src\\server.js:8:1561)","timestamp":"2026-09-23T11:44:23.707Z"}
{"level":"error","message":"✘ Failed to rebuild document Failed to parse codigoRaton.wlk: \n-- PARSING FAILED --------------------------------------------------\n\nGot the end of the input\n\nExpected one of the following: \n\n'@', 'const', 'method', 'override', 'var', '{', '}', any character/byte, comment, whitespace\n","stack":"Error: Failed to parse codigoRaton.wlk: \n-- PARSING FAILED --------------------------------------------------\n\nGot the end of the input\n\nExpected one of the following: \n\n'@', 'const', 'method', 'override', 'var', '{', '}', any character/byte, comment, whitespace\n\n    at c:\\Users\\sotoj\\.vscode\\extensions\\uqbar.wollok-lsp-ide-0.5.5\\out\\server\\src\\server.js:2385:13026\n    at Array.map (<anonymous>)\n    at z1n (c:\\Users\\sotoj\\.vscode\\extensions\\uqbar.wollok-lsp-ide-0.5.5\\out\\server\\src\\server.js:2385:12950)\n    at H2.buildEnvironmentFrom (c:\\Users\\sotoj\\.vscode\\extensions\\uqbar.wollok-lsp-ide-0.5.5\\out\\server\\src\\server.js:2430:5254)\n    at H2.updateEnvironmentWith (c:\\Users\\sotoj\\.vscode\\extensions\\uqbar.wollok-lsp-ide-0.5.5\\out\\server\\src\\server.js:2430:4989)\n    at QF (c:\\Users\\sotoj\\.vscode\\extensions\\uqbar.wollok-lsp-ide-0.5.5\\out\\server\\src\\server.js:2430:7383)\n    at V3.invoke (c:\\Users\\sotoj\\.vscode\\extensions\\uqbar.wollok-lsp-ide-0.5.5\\out\\server\\src\\server.js:3:157330)\n    at o.fire (c:\\Users\\sotoj\\.vscode\\extensions\\uqbar.wollok-lsp-ide-0.5.5\\out\\server\\src\\server.js:3:158100)\n    at c:\\Users\\sotoj\\.vscode\\extensions\\uqbar.wollok-lsp-ide-0.5.5\\out\\server\\src\\server.js:37:57871\n    at nd (c:\\Users\\sotoj\\.vscode\\extensions\\uqbar.wollok-lsp-ide-0.5.5\\out\\server\\src\\server.js:8:1561)","timestamp":"2026-09-23T11:44:23.761Z"}
{"level":"error","message":"✘ Failed to rebuild document Failed to parse codigoRaton.wlk: \n-- PARSING FAILED --------------------------------------------------\n\nGot the end of the input\n\nExpected one of the following: \n\n'@', 'const', 'method', 'override', 'var', '{', '}', any character/byte, comment, whitespace\n","stack":"Error: Failed to parse codigoRaton.wlk: \n-- PARSING FAILED --------------------------------------------------\n\nGot the end of the input\n\nExpected one of the following: \n\n'@', 'const', 'method', 'override', 'var', '{', '}', any character/byte, comment, whitespace\n\n    at c:\\Users\\sotoj\\.vscode\\extensions\\uqbar.wollok-lsp-ide-0.5.5\\out\\server\\src\\server.js:2385:13026\n    at Array.map (<anonymous>)\n    at z1n (c:\\Users\\sotoj\\.vscode\\extensions\\uqbar.wollok-lsp-ide-0.5.5\\out\\server\\src\\server.js:2385:12950)\n    at H2.buildEnvironmentFrom (c:\\Users\\sotoj\\.vscode\\extensions\\uqbar.wollok-lsp-ide-0.5.5\\out\\server\\src\\server.js:2430:5254)\n    at H2.updateEnvironmentWith (c:\\Users\\sotoj\\.vscode\\extensions\\uqbar.wollok-lsp-ide-0.5.5\\out\\server\\src\\server.js:2430:4989)\n    at QF (c:\\Users\\sotoj\\.vscode\\extensions\\uqbar.wollok-lsp-ide-0.5.5\\out\\server\\src\\server.js:2430:7383)\n    at V3.invoke (c:\\Users\\sotoj\\.vscode\\extensions\\uqbar.wollok-lsp-ide-0.5.5\\out\\server\\src\\server.js:3:157330)\n    at o.fire (c:\\Users\\sotoj\\.vscode\\extensions\\uqbar.wollok-lsp-ide-0.5.5\\out\\server\\src\\server.js:3:158100)\n    at c:\\Users\\sotoj\\.vscode\\extensions\\uqbar.wollok-lsp-ide-0.5.5\\out\\server\\src\\server.js:37:57871\n    at nd (c:\\Users\\sotoj\\.vscode\\extensions\\uqbar.wollok-lsp-ide-0.5.5\\out\\server\\src\\server.js:8:1561)","timestamp":"2026-09-23T11:44:23.805Z"}
{"level":"error","message":"✘ Failed to rebuild document Failed to parse codigoRaton.wlk: \n-- PARSING FAILED --------------------------------------------------\n\nGot the end of the input\n\nExpected one of the following: \n\n'@', 'const', 'method', 'override', 'var', '{', '}', any character/byte, comment, whitespace\n","stack":"Error: Failed to parse codigoRaton.wlk: \n-- PARSING FAILED --------------------------------------------------\n\nGot the end of the input\n\nExpected one of the following: \n\n'@', 'const', 'method', 'override', 'var', '{', '}', any character/byte, comment, whitespace\n\n    at c:\\Users\\sotoj\\.vscode\\extensions\\uqbar.wollok-lsp-ide-0.5.5\\out\\server\\src\\server.js:2385:13026\n    at Array.map (<anonymous>)\n    at z1n (c:\\Users\\sotoj\\.vscode\\extensions\\uqbar.wollok-lsp-ide-0.5.5\\out\\server\\src\\server.js:2385:12950)\n    at H2.buildEnvironmentFrom (c:\\Users\\sotoj\\.vscode\\extensions\\uqbar.wollok-lsp-ide-0.5.5\\out\\server\\src\\server.js:2430:5254)\n    at H2.updateEnvironmentWith (c:\\Users\\sotoj\\.vscode\\extensions\\uqbar.wollok-lsp-ide-0.5.5\\out\\server\\src\\server.js:2430:4989)\n    at QF (c:\\Users\\sotoj\\.vscode\\extensions\\uqbar.wollok-lsp-ide-0.5.5\\out\\server\\src\\server.js:2430:7383)\n    at V3.invoke (c:\\Users\\sotoj\\.vscode\\extensions\\uqbar.wollok-lsp-ide-0.5.5\\out\\server\\src\\server.js:3:157330)\n    at o.fire (c:\\Users\\sotoj\\.vscode\\extensions\\uqbar.wollok-lsp-ide-0.5.5\\out\\server\\src\\server.js:3:158100)\n    at c:\\Users\\sotoj\\.vscode\\extensions\\uqbar.wollok-lsp-ide-0.5.5\\out\\server\\src\\server.js:37:57871\n    at nd (c:\\Users\\sotoj\\.vscode\\extensions\\uqbar.wollok-lsp-ide-0.5.5\\out\\server\\src\\server.js:8:1561)","timestamp":"2026-09-23T11:44:23.831Z"}
{"level":"error","message":"✘ Failed to rebuild document Failed to parse codigoRaton.wlk: \n-- PARSING FAILED --------------------------------------------------\n\nGot the end of the input\n\nExpected one of the following: \n\n'@', 'const', 'method', 'override', 'var', '{', '}', any character/byte, comment, whitespace\n","stack":"Error: Failed to parse codigoRaton.wlk: \n-- PARSING FAILED --------------------------------------------------\n\nGot the end of the input\n\nExpected one of the following: \n\n'@', 'const', 'method', 'override', 'var', '{', '}', any character/byte, comment, whitespace\n\n    at c:\\Users\\sotoj\\.vscode\\extensions\\uqbar.wollok-lsp-ide-0.5.5\\out\\server\\src\\server.js:2385:13026\n    at Array.map (<anonymous>)\n    at z1n (c:\\Users\\sotoj\\.vscode\\extensions\\uqbar.wollok-lsp-ide-0.5.5\\out\\server\\src\\server.js:2385:12950)\n    at H2.buildEnvironmentFrom (c:\\Users\\sotoj\\.vscode\\extensions\\uqbar.wollok-lsp-ide-0.5.5\\out\\server\\src\\server.js:2430:5254)\n    at H2.updateEnvironmentWith (c:\\Users\\sotoj\\.vscode\\extensions\\uqbar.wollok-lsp-ide-0.5.5\\out\\server\\src\\server.js:2430:4989)\n    at QF (c:\\Users\\sotoj\\.vscode\\extensions\\uqbar.wollok-lsp-ide-0.5.5\\out\\server\\src\\server.js:2430:7383)\n    at V3.invoke (c:\\Users\\sotoj\\.vscode\\extensions\\uqbar.wollok-lsp-ide-0.5.5\\out\\server\\src\\server.js:3:157330)\n    at o.fire (c:\\Users\\sotoj\\.vscode\\extensions\\uqbar.wollok-lsp-ide-0.5.5\\out\\server\\src\\server.js:3:158100)\n    at c:\\Users\\sotoj\\.vscode\\extensions\\uqbar.wollok-lsp-ide-0.5.5\\out\\server\\src\\server.js:37:57871\n    at nd (c:\\Users\\sotoj\\.vscode\\extensions\\uqbar.wollok-lsp-ide-0.5.5\\out\\server\\src\\server.js:8:1561)","timestamp":"2026-09-23T11:44:23.857Z"}
{"level":"error","message":"✘ Failed to rebuild document Failed to parse codigoRaton.wlk: \n-- PARSING FAILED --------------------------------------------------\n\nGot the end of the input\n\nExpected one of the following: \n\n'@', 'const', 'method', 'override', 'var', '{', '}', any character/byte, comment, whitespace\n","stack":"Error: Failed to parse codigoRaton.wlk: \n-- PARSING FAILED --------------------------------------------------\n\nGot the end of the input\n\nExpected one of the following: \n\n'@', 'const', 'method', 'override', 'var', '{', '}', any character/byte, comment, whitespace\n\n    at c:\\Users\\sotoj\\.vscode\\extensions\\uqbar.wollok-lsp-ide-0.5.5\\out\\server\\src\\server.js:2385:13026\n    at Array.map (<anonymous>)\n    at z1n (c:\\Users\\sotoj\\.vscode\\extensions\\uqbar.wollok-lsp-ide-0.5.5\\out\\server\\src\\server.js:2385:12950)\n    at H2.buildEnvironmentFrom (c:\\Users\\sotoj\\.vscode\\extensions\\uqbar.wollok-lsp-ide-0.5.5\\out\\server\\src\\server.js:2430:5254)\n    at H2.updateEnvironmentWith (c:\\Users\\sotoj\\.vscode\\extensions\\uqbar.wollok-lsp-ide-0.5.5\\out\\server\\src\\server.js:2430:4989)\n    at QF (c:\\Users\\sotoj\\.vscode\\extensions\\uqbar.wollok-lsp-ide-0.5.5\\out\\server\\src\\server.js:2430:7383)\n    at V3.invoke (c:\\Users\\sotoj\\.vscode\\extensions\\uqbar.wollok-lsp-ide-0.5.5\\out\\server\\src\\server.js:3:157330)\n    at o.fire (c:\\Users\\sotoj\\.vscode\\extensions\\uqbar.wollok-lsp-ide-0.5.5\\out\\server\\src\\server.js:3:158100)\n    at c:\\Users\\sotoj\\.vscode\\extensions\\uqbar.wollok-lsp-ide-0.5.5\\out\\server\\src\\server.js:37:57871\n    at nd (c:\\Users\\sotoj\\.vscode\\extensions\\uqbar.wollok-lsp-ide-0.5.5\\out\\server\\src\\server.js:8:1561)","timestamp":"2026-09-23T11:44:23.909Z"}
{"level":"error","message":"✘ Failed to rebuild document Failed to parse codigoRaton.wlk: \n-- PARSING FAILED --------------------------------------------------\n\nGot the end of the input\n\nExpected one of the following: \n\n'@', 'const', 'method', 'override', 'var', '{', '}', any character/byte, comment, whitespace\n","stack":"Error: Failed to parse codigoRaton.wlk: \n-- PARSING FAILED --------------------------------------------------\n\nGot the end of the input\n\nExpected one of the following: \n\n'@', 'const', 'method', 'override', 'var', '{', '}', any character/byte, comment, whitespace\n\n    at c:\\Users\\sotoj\\.vscode\\extensions\\uqbar.wollok-lsp-ide-0.5.5\\out\\server\\src\\server.js:2385:13026\n    at Array.map (<anonymous>)\n    at z1n (c:\\Users\\sotoj\\.vscode\\extensions\\uqbar.wollok-lsp-ide-0.5.5\\out\\server\\src\\server.js:2385:12950)\n    at H2.buildEnvironmentFrom (c:\\Users\\sotoj\\.vscode\\extensions\\uqbar.wollok-lsp-ide-0.5.5\\out\\server\\src\\server.js:2430:5254)\n    at H2.updateEnvironmentWith (c:\\Users\\sotoj\\.vscode\\extensions\\uqbar.wollok-lsp-ide-0.5.5\\out\\server\\src\\server.js:2430:4989)\n    at QF (c:\\Users\\sotoj\\.vscode\\extensions\\uqbar.wollok-lsp-ide-0.5.5\\out\\server\\src\\server.js:2430:7383)\n    at V3.invoke (c:\\Users\\sotoj\\.vscode\\extensions\\uqbar.wollok-lsp-ide-0.5.5\\out\\server\\src\\server.js:3:157330)\n    at o.fire (c:\\Users\\sotoj\\.vscode\\extensions\\uqbar.wollok-lsp-ide-0.5.5\\out\\server\\src\\server.js:3:158100)\n    at c:\\Users\\sotoj\\.vscode\\extensions\\uqbar.wollok-lsp-ide-0.5.5\\out\\server\\src\\server.js:37:57871\n    at nd (c:\\Users\\sotoj\\.vscode\\extensions\\uqbar.wollok-lsp-ide-0.5.5\\out\\server\\src\\server.js:8:1561)","timestamp":"2026-09-23T11:44:23.932Z"}
{"level":"error","message":"✘ Failed to rebuild document Failed to parse codigoRaton.wlk: \n-- PARSING FAILED --------------------------------------------------\n\nGot the end of the input\n\nExpected one of the following: \n\n'@', 'const', 'method', 'override', 'var', '{', '}', any character/byte, comment, whitespace\n","stack":"Error: Failed to parse codigoRaton.wlk: \n-- PARSING FAILED --------------------------------------------------\n\nGot the end of the input\n\nExpected one of the following: \n\n'@', 'const', 'method', 'override', 'var', '{', '}', any character/byte, comment, whitespace\n\n    at c:\\Users\\sotoj\\.vscode\\extensions\\uqbar.wollok-lsp-ide-0.5.5\\out\\server\\src\\server.js:2385:13026\n    at Array.map (<anonymous>)\n    at z1n (c:\\Users\\sotoj\\.vscode\\extensions\\uqbar.wollok-lsp-ide-0.5.5\\out\\server\\src\\server.js:2385:12950)\n    at H2.buildEnvironmentFrom (c:\\Users\\sotoj\\.vscode\\extensions\\uqbar.wollok-lsp-ide-0.5.5\\out\\server\\src\\server.js:2430:5254)\n    at H2.updateEnvironmentWith (c:\\Users\\sotoj\\.vscode\\extensions\\uqbar.wollok-lsp-ide-0.5.5\\out\\server\\src\\server.js:2430:4989)\n    at QF (c:\\Users\\sotoj\\.vscode\\extensions\\uqbar.wollok-lsp-ide-0.5.5\\out\\server\\src\\server.js:2430:7383)\n    at V3.invoke (c:\\Users\\sotoj\\.vscode\\extensions\\uqbar.wollok-lsp-ide-0.5.5\\out\\server\\src\\server.js:3:157330)\n    at o.fire (c:\\Users\\sotoj\\.vscode\\extensions\\uqbar.wollok-lsp-ide-0.5.5\\out\\server\\src\\server.js:3:158100)\n    at c:\\Users\\sotoj\\.vscode\\extensions\\uqbar.wollok-lsp-ide-0.5.5\\out\\server\\src\\server.js:37:57871\n    at nd (c:\\Users\\sotoj\\.vscode\\extensions\\uqbar.wollok-lsp-ide-0.5.5\\out\\server\\src\\server.js:8:1561)","timestamp":"2026-09-23T11:44:24.011Z"}
{"level":"error","message":"✘ Failed to rebuild document Failed to parse codigoRaton.wlk: \n-- PARSING FAILED --------------------------------------------------\n\nGot the end of the input\n\nExpected one of the following: \n\n'@', 'const', 'method', 'override', 'var', '{', '}', any character/byte, comment, whitespace\n","stack":"Error: Failed to parse codigoRaton.wlk: \n-- PARSING FAILED --------------------------------------------------\n\nGot the end of the input\n\nExpected one of the following: \n\n'@', 'const', 'method', 'override', 'var', '{', '}', any character/byte, comment, whitespace\n\n    at c:\\Users\\sotoj\\.vscode\\extensions\\uqbar.wollok-lsp-ide-0.5.5\\out\\server\\src\\server.js:2385:13026\n    at Array.map (<anonymous>)\n    at z1n (c:\\Users\\sotoj\\.vscode\\extensions\\uqbar.wollok-lsp-ide-0.5.5\\out\\server\\src\\server.js:2385:12950)\n    at H2.buildEnvironmentFrom (c:\\Users\\sotoj\\.vscode\\extensions\\uqbar.wollok-lsp-ide-0.5.5\\out\\server\\src\\server.js:2430:5254)\n    at H2.updateEnvironmentWith (c:\\Users\\sotoj\\.vscode\\extensions\\uqbar.wollok-lsp-ide-0.5.5\\out\\server\\src\\server.js:2430:4989)\n    at QF (c:\\Users\\sotoj\\.vscode\\extensions\\uqbar.wollok-lsp-ide-0.5.5\\out\\server\\src\\server.js:2430:7383)\n    at V3.invoke (c:\\Users\\sotoj\\.vscode\\extensions\\uqbar.wollok-lsp-ide-0.5.5\\out\\server\\src\\server.js:3:157330)\n    at o.fire (c:\\Users\\sotoj\\.vscode\\extensions\\uqbar.wollok-lsp-ide-0.5.5\\out\\server\\src\\server.js:3:158100)\n    at c:\\Users\\sotoj\\.vscode\\extensions\\uqbar.wollok-lsp-ide-0.5.5\\out\\server\\src\\server.js:37:57871\n    at nd (c:\\Users\\sotoj\\.vscode\\extensions\\uqbar.wollok-lsp-ide-0.5.5\\out\\server\\src\\server.js:8:1561)","timestamp":"2026-09-23T11:44:24.057Z"}
{"level":"error","message":"✘ Failed to rebuild document Failed to parse codigoRaton.wlk: \n-- PARSING FAILED --------------------------------------------------\n\nGot the end of the input\n\nExpected one of the following: \n\n'@', 'const', 'method', 'override', 'var', '{', '}', any character/byte, comment, whitespace\n","stack":"Error: Failed to parse codigoRaton.wlk: \n-- PARSING FAILED --------------------------------------------------\n\nGot the end of the input\n\nExpected one of the following: \n\n'@', 'const', 'method', 'override', 'var', '{', '}', any character/byte, comment, whitespace\n\n    at c:\\Users\\sotoj\\.vscode\\extensions\\uqbar.wollok-lsp-ide-0.5.5\\out\\server\\src\\server.js:2385:13026\n    at Array.map (<anonymous>)\n    at z1n (c:\\Users\\sotoj\\.vscode\\extensions\\uqbar.wollok-lsp-ide-0.5.5\\out\\server\\src\\server.js:2385:12950)\n    at H2.buildEnvironmentFrom (c:\\Users\\sotoj\\.vscode\\extensions\\uqbar.wollok-lsp-ide-0.5.5\\out\\server\\src\\server.js:2430:5254)\n    at H2.updateEnvironmentWith (c:\\Users\\sotoj\\.vscode\\extensions\\uqbar.wollok-lsp-ide-0.5.5\\out\\server\\src\\server.js:2430:4989)\n    at QF (c:\\Users\\sotoj\\.vscode\\extensions\\uqbar.wollok-lsp-ide-0.5.5\\out\\server\\src\\server.js:2430:7383)\n    at V3.invoke (c:\\Users\\sotoj\\.vscode\\extensions\\uqbar.wollok-lsp-ide-0.5.5\\out\\server\\src\\server.js:3:157330)\n    at o.fire (c:\\Users\\sotoj\\.vscode\\extensions\\uqbar.wollok-lsp-ide-0.5.5\\out\\server\\src\\server.js:3:158100)\n    at c:\\Users\\sotoj\\.vscode\\extensions\\uqbar.wollok-lsp-ide-0.5.5\\out\\server\\src\\server.js:37:57871\n    at nd (c:\\Users\\sotoj\\.vscode\\extensions\\uqbar.wollok-lsp-ide-0.5.5\\out\\server\\src\\server.js:8:1561)","timestamp":"2026-09-23T11:44:24.098Z"}
{"level":"error","message":"✘ Failed to rebuild document Failed to parse codigoRaton.wlk: \n-- PARSING FAILED --------------------------------------------------\n\nGot the end of the input\n\nExpected one of the following: \n\n'@', 'const', 'method', 'override', 'var', '{', '}', any character/byte, comment, whitespace\n","stack":"Error: Failed to parse codigoRaton.wlk: \n-- PARSING FAILED --------------------------------------------------\n\nGot the end of the input\n\nExpected one of the following: \n\n'@', 'const', 'method', 'override', 'var', '{', '}', any character/byte, comment, whitespace\n\n    at c:\\Users\\sotoj\\.vscode\\extensions\\uqbar.wollok-lsp-ide-0.5.5\\out\\server\\src\\server.js:2385:13026\n    at Array.map (<anonymous>)\n    at z1n (c:\\Users\\sotoj\\.vscode\\extensions\\uqbar.wollok-lsp-ide-0.5.5\\out\\server\\src\\server.js:2385:12950)\n    at H2.buildEnvironmentFrom (c:\\Users\\sotoj\\.vscode\\extensions\\uqbar.wollok-lsp-ide-0.5.5\\out\\server\\src\\server.js:2430:5254)\n    at H2.updateEnvironmentWith (c:\\Users\\sotoj\\.vscode\\extensions\\uqbar.wollok-lsp-ide-0.5.5\\out\\server\\src\\server.js:2430:4989)\n    at QF (c:\\Users\\sotoj\\.vscode\\extensions\\uqbar.wollok-lsp-ide-0.5.5\\out\\server\\src\\server.js:2430:7383)\n    at V3.invoke (c:\\Users\\sotoj\\.vscode\\extensions\\uqbar.wollok-lsp-ide-0.5.5\\out\\server\\src\\server.js:3:157330)\n    at o.fire (c:\\Users\\sotoj\\.vscode\\extensions\\uqbar.wollok-lsp-ide-0.5.5\\out\\server\\src\\server.js:3:158100)\n    at c:\\Users\\sotoj\\.vscode\\extensions\\uqbar.wollok-lsp-ide-0.5.5\\out\\server\\src\\server.js:37:57871\n    at nd (c:\\Users\\sotoj\\.vscode\\extensions\\uqbar.wollok-lsp-ide-0.5.5\\out\\server\\src\\server.js:8:1561)","timestamp":"2026-09-23T11:44:24.163Z"}
{"level":"error","message":"✘ Failed to rebuild document Failed to parse codigoRaton.wlk: \n-- PARSING FAILED --------------------------------------------------\n\nGot the end of the input\n\nExpected one of the following: \n\n'@', 'const', 'method', 'override', 'var', '{', '}', any character/byte, comment, whitespace\n","stack":"Error: Failed to parse codigoRaton.wlk: \n-- PARSING FAILED --------------------------------------------------\n\nGot the end of the input\n\nExpected one of the following: \n\n'@', 'const', 'method', 'override', 'var', '{', '}', any character/byte, comment, whitespace\n\n    at c:\\Users\\sotoj\\.vscode\\extensions\\uqbar.wollok-lsp-ide-0.5.5\\out\\server\\src\\server.js:2385:13026\n    at Array.map (<anonymous>)\n    at z1n (c:\\Users\\sotoj\\.vscode\\extensions\\uqbar.wollok-lsp-ide-0.5.5\\out\\server\\src\\server.js:2385:12950)\n    at H2.buildEnvironmentFrom (c:\\Users\\sotoj\\.vscode\\extensions\\uqbar.wollok-lsp-ide-0.5.5\\out\\server\\src\\server.js:2430:5254)\n    at H2.updateEnvironmentWith (c:\\Users\\sotoj\\.vscode\\extensions\\uqbar.wollok-lsp-ide-0.5.5\\out\\server\\src\\server.js:2430:4989)\n    at QF (c:\\Users\\sotoj\\.vscode\\extensions\\uqbar.wollok-lsp-ide-0.5.5\\out\\server\\src\\server.js:2430:7383)\n    at V3.invoke (c:\\Users\\sotoj\\.vscode\\extensions\\uqbar.wollok-lsp-ide-0.5.5\\out\\server\\src\\server.js:3:157330)\n    at o.fire (c:\\Users\\sotoj\\.vscode\\extensions\\uqbar.wollok-lsp-ide-0.5.5\\out\\server\\src\\server.js:3:158100)\n    at c:\\Users\\sotoj\\.vscode\\extensions\\uqbar.wollok-lsp-ide-0.5.5\\out\\server\\src\\server.js:37:57871\n    at nd (c:\\Users\\sotoj\\.vscode\\extensions\\uqbar.wollok-lsp-ide-0.5.5\\out\\server\\src\\server.js:8:1561)","timestamp":"2026-09-23T11:44:24.198Z"}
{"level":"error","message":"✘ Failed to rebuild document Failed to parse codigoRaton.wlk: \n-- PARSING FAILED --------------------------------------------------\n\nGot the end of the input\n\nExpected one of the following: \n\n'@', 'const', 'method', 'override', 'var', '{', '}', any character/byte, comment, whitespace\n","stack":"Error: Failed to parse codigoRaton.wlk: \n-- PARSING FAILED --------------------------------------------------\n\nGot the end of the input\n\nExpected one of the following: \n\n'@', 'const', 'method', 'override', 'var', '{', '}', any character/byte, comment, whitespace\n\n    at c:\\Users\\sotoj\\.vscode\\extensions\\uqbar.wollok-lsp-ide-0.5.5\\out\\server\\src\\server.js:2385:13026\n    at Array.map (<anonymous>)\n    at z1n (c:\\Users\\sotoj\\.vscode\\extensions\\uqbar.wollok-lsp-ide-0.5.5\\out\\server\\src\\server.js:2385:12950)\n    at H2.buildEnvironmentFrom (c:\\Users\\sotoj\\.vscode\\extensions\\uqbar.wollok-lsp-ide-0.5.5\\out\\server\\src\\server.js:2430:5254)\n    at H2.updateEnvironmentWith (c:\\Users\\sotoj\\.vscode\\extensions\\uqbar.wollok-lsp-ide-0.5.5\\out\\server\\src\\server.js:2430:4989)\n    at QF (c:\\Users\\sotoj\\.vscode\\extensions\\uqbar.wollok-lsp-ide-0.5.5\\out\\server\\src\\server.js:2430:7383)\n    at V3.invoke (c:\\Users\\sotoj\\.vscode\\extensions\\uqbar.wollok-lsp-ide-0.5.5\\out\\server\\src\\server.js:3:157330)\n    at o.fire (c:\\Users\\sotoj\\.vscode\\extensions\\uqbar.wollok-lsp-ide-0.5.5\\out\\server\\src\\server.js:3:158100)\n    at c:\\Users\\sotoj\\.vscode\\extensions\\uqbar.wollok-lsp-ide-0.5.5\\out\\server\\src\\server.js:37:57871\n    at nd (c:\\Users\\sotoj\\.vscode\\extensions\\uqbar.wollok-lsp-ide-0.5.5\\out\\server\\src\\server.js:8:1561)","timestamp":"2026-09-23T11:44:24.233Z"}
{"level":"error","message":"✘ Failed to rebuild document Failed to parse codigoRaton.wlk: \n-- PARSING FAILED --------------------------------------------------\n\nGot the end of the input\n\nExpected one of the following: \n\n'@', 'const', 'method', 'override', 'var', '{', '}', any character/byte, comment, whitespace\n","stack":"Error: Failed to parse codigoRaton.wlk: \n-- PARSING FAILED --------------------------------------------------\n\nGot the end of the input\n\nExpected one of the following: \n\n'@', 'const', 'method', 'override', 'var', '{', '}', any character/byte, comment, whitespace\n\n    at c:\\Users\\sotoj\\.vscode\\extensions\\uqbar.wollok-lsp-ide-0.5.5\\out\\server\\src\\server.js:2385:13026\n    at Array.map (<anonymous>)\n    at z1n (c:\\Users\\sotoj\\.vscode\\extensions\\uqbar.wollok-lsp-ide-0.5.5\\out\\server\\src\\server.js:2385:12950)\n    at H2.buildEnvironmentFrom (c:\\Users\\sotoj\\.vscode\\extensions\\uqbar.wollok-lsp-ide-0.5.5\\out\\server\\src\\server.js:2430:5254)\n    at H2.updateEnvironmentWith (c:\\Users\\sotoj\\.vscode\\extensions\\uqbar.wollok-lsp-ide-0.5.5\\out\\server\\src\\server.js:2430:4989)\n    at QF (c:\\Users\\sotoj\\.vscode\\extensions\\uqbar.wollok-lsp-ide-0.5.5\\out\\server\\src\\server.js:2430:7383)\n    at V3.invoke (c:\\Users\\sotoj\\.vscode\\extensions\\uqbar.wollok-lsp-ide-0.5.5\\out\\server\\src\\server.js:3:157330)\n    at o.fire (c:\\Users\\sotoj\\.vscode\\extensions\\uqbar.wollok-lsp-ide-0.5.5\\out\\server\\src\\server.js:3:158100)\n    at c:\\Users\\sotoj\\.vscode\\extensions\\uqbar.wollok-lsp-ide-0.5.5\\out\\server\\src\\server.js:37:57871\n    at nd (c:\\Users\\sotoj\\.vscode\\extensions\\uqbar.wollok-lsp-ide-0.5.5\\out\\server\\src\\server.js:8:1561)","timestamp":"2026-09-23T11:44:24.295Z"}
{"level":"error","message":"✘ Failed to rebuild document Failed to parse codigoRaton.wlk: \n-- PARSING FAILED --------------------------------------------------\n\nGot the end of the input\n\nExpected one of the following: \n\n'@', 'const', 'method', 'override', 'var', '{', '}', any character/byte, comment, whitespace\n","stack":"Error: Failed to parse codigoRaton.wlk: \n-- PARSING FAILED --------------------------------------------------\n\nGot the end of the input\n\nExpected one of the following: \n\n'@', 'const', 'method', 'override', 'var', '{', '}', any character/byte, comment, whitespace\n\n    at c:\\Users\\sotoj\\.vscode\\extensions\\uqbar.wollok-lsp-ide-0.5.5\\out\\server\\src\\server.js:2385:13026\n    at Array.map (<anonymous>)\n    at z1n (c:\\Users\\sotoj\\.vscode\\extensions\\uqbar.wollok-lsp-ide-0.5.5\\out\\server\\src\\server.js:2385:12950)\n    at H2.buildEnvironmentFrom (c:\\Users\\sotoj\\.vscode\\extensions\\uqbar.wollok-lsp-ide-0.5.5\\out\\server\\src\\server.js:2430:5254)\n    at H2.updateEnvironmentWith (c:\\Users\\sotoj\\.vscode\\extensions\\uqbar.wollok-lsp-ide-0.5.5\\out\\server\\src\\server.js:2430:4989)\n    at QF (c:\\Users\\sotoj\\.vscode\\extensions\\uqbar.wollok-lsp-ide-0.5.5\\out\\server\\src\\server.js:2430:7383)\n    at V3.invoke (c:\\Users\\sotoj\\.vscode\\extensions\\uqbar.wollok-lsp-ide-0.5.5\\out\\server\\src\\server.js:3:157330)\n    at o.fire (c:\\Users\\sotoj\\.vscode\\extensions\\uqbar.wollok-lsp-ide-0.5.5\\out\\server\\src\\server.js:3:158100)\n    at c:\\Users\\sotoj\\.vscode\\extensions\\uqbar.wollok-lsp-ide-0.5.5\\out\\server\\src\\server.js:37:57871\n    at nd (c:\\Users\\sotoj\\.vscode\\extensions\\uqbar.wollok-lsp-ide-0.5.5\\out\\server\\src\\server.js:8:1561)","timestamp":"2026-09-23T11:44:24.315Z"}
{"level":"error","message":"✘ Failed to rebuild document Failed to parse codigoRaton.wlk: \n-- PARSING FAILED --------------------------------------------------\n\nGot the end of the input\n\nExpected one of the following: \n\n'@', 'const', 'method', 'override', 'var', '{', '}', any character/byte, comment, whitespace\n","stack":"Error: Failed to parse codigoRaton.wlk: \n-- PARSING FAILED --------------------------------------------------\n\nGot the end of the input\n\nExpected one of the following: \n\n'@', 'const', 'method', 'override', 'var', '{', '}', any character/byte, comment, whitespace\n\n    at c:\\Users\\sotoj\\.vscode\\extensions\\uqbar.wollok-lsp-ide-0.5.5\\out\\server\\src\\server.js:2385:13026\n    at Array.map (<anonymous>)\n    at z1n (c:\\Users\\sotoj\\.vscode\\extensions\\uqbar.wollok-lsp-ide-0.5.5\\out\\server\\src\\server.js:2385:12950)\n    at H2.buildEnvironmentFrom (c:\\Users\\sotoj\\.vscode\\extensions\\uqbar.wollok-lsp-ide-0.5.5\\out\\server\\src\\server.js:2430:5254)\n    at H2.updateEnvironmentWith (c:\\Users\\sotoj\\.vscode\\extensions\\uqbar.wollok-lsp-ide-0.5.5\\out\\server\\src\\server.js:2430:4989)\n    at QF (c:\\Users\\sotoj\\.vscode\\extensions\\uqbar.wollok-lsp-ide-0.5.5\\out\\server\\src\\server.js:2430:7383)\n    at V3.invoke (c:\\Users\\sotoj\\.vscode\\extensions\\uqbar.wollok-lsp-ide-0.5.5\\out\\server\\src\\server.js:3:157330)\n    at o.fire (c:\\Users\\sotoj\\.vscode\\extensions\\uqbar.wollok-lsp-ide-0.5.5\\out\\server\\src\\server.js:3:158100)\n    at c:\\Users\\sotoj\\.vscode\\extensions\\uqbar.wollok-lsp-ide-0.5.5\\out\\server\\src\\server.js:37:57871\n    at nd (c:\\Users\\sotoj\\.vscode\\extensions\\uqbar.wollok-lsp-ide-0.5.5\\out\\server\\src\\server.js:8:1561)","timestamp":"2026-09-23T11:44:24.370Z"}
{"level":"error","message":"✘ Failed to rebuild document Failed to parse codigoRaton.wlk: \n-- PARSING FAILED --------------------------------------------------\n\nGot the end of the input\n\nExpected one of the following: \n\n'@', 'const', 'method', 'override', 'var', '{', '}', any character/byte, comment, whitespace\n","stack":"Error: Failed to parse codigoRaton.wlk: \n-- PARSING FAILED --------------------------------------------------\n\nGot the end of the input\n\nExpected one of the following: \n\n'@', 'const', 'method', 'override', 'var', '{', '}', any character/byte, comment, whitespace\n\n    at c:\\Users\\sotoj\\.vscode\\extensions\\uqbar.wollok-lsp-ide-0.5.5\\out\\server\\src\\server.js:2385:13026\n    at Array.map (<anonymous>)\n    at z1n (c:\\Users\\sotoj\\.vscode\\extensions\\uqbar.wollok-lsp-ide-0.5.5\\out\\server\\src\\server.js:2385:12950)\n    at H2.buildEnvironmentFrom (c:\\Users\\sotoj\\.vscode\\extensions\\uqbar.wollok-lsp-ide-0.5.5\\out\\server\\src\\server.js:2430:5254)\n    at H2.updateEnvironmentWith (c:\\Users\\sotoj\\.vscode\\extensions\\uqbar.wollok-lsp-ide-0.5.5\\out\\server\\src\\server.js:2430:4989)\n    at QF (c:\\Users\\sotoj\\.vscode\\extensions\\uqbar.wollok-lsp-ide-0.5.5\\out\\server\\src\\server.js:2430:7383)\n    at V3.invoke (c:\\Users\\sotoj\\.vscode\\extensions\\uqbar.wollok-lsp-ide-0.5.5\\out\\server\\src\\server.js:3:157330)\n    at o.fire (c:\\Users\\sotoj\\.vscode\\extensions\\uqbar.wollok-lsp-ide-0.5.5\\out\\server\\src\\server.js:3:158100)\n    at c:\\Users\\sotoj\\.vscode\\extensions\\uqbar.wollok-lsp-ide-0.5.5\\out\\server\\src\\server.js:37:57871\n    at nd (c:\\Users\\sotoj\\.vscode\\extensions\\uqbar.wollok-lsp-ide-0.5.5\\out\\server\\src\\server.js:8:1561)","timestamp":"2026-09-23T11:44:24.391Z"}
{"level":"error","message":"✘ Failed to rebuild document Failed to parse codigoRaton.wlk: \n-- PARSING FAILED --------------------------------------------------\n\nGot the end of the input\n\nExpected one of the following: \n\n'@', 'const', 'method', 'override', 'var', '{', '}', any character/byte, comment, whitespace\n","stack":"Error: Failed to parse codigoRaton.wlk: \n-- PARSING FAILED --------------------------------------------------\n\nGot the end of the input\n\nExpected one of the following: \n\n'@', 'const', 'method', 'override', 'var', '{', '}', any character/byte, comment, whitespace\n\n    at c:\\Users\\sotoj\\.vscode\\extensions\\uqbar.wollok-lsp-ide-0.5.5\\out\\server\\src\\server.js:2385:13026\n    at Array.map (<anonymous>)\n    at z1n (c:\\Users\\sotoj\\.vscode\\extensions\\uqbar.wollok-lsp-ide-0.5.5\\out\\server\\src\\server.js:2385:12950)\n    at H2.buildEnvironmentFrom (c:\\Users\\sotoj\\.vscode\\extensions\\uqbar.wollok-lsp-ide-0.5.5\\out\\server\\src\\server.js:2430:5254)\n    at H2.updateEnvironmentWith (c:\\Users\\sotoj\\.vscode\\extensions\\uqbar.wollok-lsp-ide-0.5.5\\out\\server\\src\\server.js:2430:4989)\n    at QF (c:\\Users\\sotoj\\.vscode\\extensions\\uqbar.wollok-lsp-ide-0.5.5\\out\\server\\src\\server.js:2430:7383)\n    at V3.invoke (c:\\Users\\sotoj\\.vscode\\extensions\\uqbar.wollok-lsp-ide-0.5.5\\out\\server\\src\\server.js:3:157330)\n    at o.fire (c:\\Users\\sotoj\\.vscode\\extensions\\uqbar.wollok-lsp-ide-0.5.5\\out\\server\\src\\server.js:3:158100)\n    at c:\\Users\\sotoj\\.vscode\\extensions\\uqbar.wollok-lsp-ide-0.5.5\\out\\server\\src\\server.js:37:57871\n    at nd (c:\\Users\\sotoj\\.vscode\\extensions\\uqbar.wollok-lsp-ide-0.5.5\\out\\server\\src\\server.js:8:1561)","timestamp":"2026-09-23T11:44:24.431Z"}
{"level":"error","message":"✘ Failed to rebuild document Failed to parse codigoRaton.wlk: \n-- PARSING FAILED --------------------------------------------------\n\nGot the end of the input\n\nExpected one of the following: \n\n'@', 'const', 'method', 'override', 'var', '{', '}', any character/byte, comment, whitespace\n","stack":"Error: Failed to parse codigoRaton.wlk: \n-- PARSING FAILED --------------------------------------------------\n\nGot the end of the input\n\nExpected one of the following: \n\n'@', 'const', 'method', 'override', 'var', '{', '}', any character/byte, comment, whitespace\n\n    at c:\\Users\\sotoj\\.vscode\\extensions\\uqbar.wollok-lsp-ide-0.5.5\\out\\server\\src\\server.js:2385:13026\n    at Array.map (<anonymous>)\n    at z1n (c:\\Users\\sotoj\\.vscode\\extensions\\uqbar.wollok-lsp-ide-0.5.5\\out\\server\\src\\server.js:2385:12950)\n    at H2.buildEnvironmentFrom (c:\\Users\\sotoj\\.vscode\\extensions\\uqbar.wollok-lsp-ide-0.5.5\\out\\server\\src\\server.js:2430:5254)\n    at H2.updateEnvironmentWith (c:\\Users\\sotoj\\.vscode\\extensions\\uqbar.wollok-lsp-ide-0.5.5\\out\\server\\src\\server.js:2430:4989)\n    at QF (c:\\Users\\sotoj\\.vscode\\extensions\\uqbar.wollok-lsp-ide-0.5.5\\out\\server\\src\\server.js:2430:7383)\n    at V3.invoke (c:\\Users\\sotoj\\.vscode\\extensions\\uqbar.wollok-lsp-ide-0.5.5\\out\\server\\src\\server.js:3:157330)\n    at o.fire (c:\\Users\\sotoj\\.vscode\\extensions\\uqbar.wollok-lsp-ide-0.5.5\\out\\server\\src\\server.js:3:158100)\n    at c:\\Users\\sotoj\\.vscode\\extensions\\uqbar.wollok-lsp-ide-0.5.5\\out\\server\\src\\server.js:37:57871\n    at nd (c:\\Users\\sotoj\\.vscode\\extensions\\uqbar.wollok-lsp-ide-0.5.5\\out\\server\\src\\server.js:8:1561)","timestamp":"2026-09-23T11:44:24.531Z"}
{"level":"info","message":"⌛ Building environment","timeElapsed":342,"timestamp":"2026-09-23T11:44:24.889Z"}
{"level":"info","message":"⌛ Building environment","timeElapsed":299,"timestamp":"2026-09-23T11:44:25.193Z"}
{"level":"info","message":"⌛ Building environment","timeElapsed":218,"timestamp":"2026-09-23T11:44:25.476Z"}
{"level":"info","message":"⌛ Building environment","timeElapsed":286,"timestamp":"2026-09-23T11:44:25.772Z"}
{"level":"info","message":"⌛ Building environment","timeElapsed":188,"timestamp":"2026-09-23T11:44:26.007Z"}
{"level":"info","message":"⌛ Building environment","timeElapsed":496,"timestamp":"2026-09-23T11:44:26.595Z"}
{"level":"info","message":"⌛ Building environment","timeElapsed":177,"timestamp":"2026-09-23T11:44:26.810Z"}
{"level":"info","message":"⌛ Building environment","timeElapsed":1144,"timestamp":"2026-09-23T11:44:27.979Z"}
{"level":"info","message":"⌛ Building environment","timeElapsed":546,"timestamp":"2026-09-23T11:44:28.796Z"}
{"level":"info","message":"⌛ Building environment","timeElapsed":448,"timestamp":"2026-09-23T11:44:29.248Z"}
{"level":"info","message":"⌛ Building environment","timeElapsed":248,"timestamp":"2026-09-23T11:44:29.515Z"}
{"level":"info","message":"⌛ Building environment","timeElapsed":281,"timestamp":"2026-09-23T11:44:29.973Z"}
{"level":"error","message":"✘ Completions for node Return (undefined - codigoRaton.wlk) failed: Error: [Return]{4bd5ae} at codigoRaton.wlk:-- exhausted all cases without a match [Return]{4bd5ae} at codigoRaton.wlk:-- exhausted all cases without a match","stack":"Error: [Return]{4bd5ae} at codigoRaton.wlk:-- exhausted all cases without a match\n    at c:\\Users\\sotoj\\.vscode\\extensions\\uqbar.wollok-lsp-ide-0.5.5\\out\\server\\src\\server.js:38:6142\n    at L2 (c:\\Users\\sotoj\\.vscode\\extensions\\uqbar.wollok-lsp-ide-0.5.5\\out\\server\\src\\server.js:2421:42)\n    at Jh (c:\\Users\\sotoj\\.vscode\\extensions\\uqbar.wollok-lsp-ide-0.5.5\\out\\server\\src\\server.js:2421:1092)\n    at w5n (c:\\Users\\sotoj\\.vscode\\extensions\\uqbar.wollok-lsp-ide-0.5.5\\out\\server\\src\\server.js:2421:1248)\n    at c:\\Users\\sotoj\\.vscode\\extensions\\uqbar.wollok-lsp-ide-0.5.5\\out\\server\\src\\server.js:38:6131\n    at L2 (c:\\Users\\sotoj\\.vscode\\extensions\\uqbar.wollok-lsp-ide-0.5.5\\out\\server\\src\\server.js:2421:42)\n    at c:\\Users\\sotoj\\.vscode\\extensions\\uqbar.wollok-lsp-ide-0.5.5\\out\\server\\src\\server.js:2421:2988\n    at c:\\Users\\sotoj\\.vscode\\extensions\\uqbar.wollok-lsp-ide-0.5.5\\out\\server\\src\\server.js:2430:8440\n    at c:\\Users\\sotoj\\.vscode\\extensions\\uqbar.wollok-lsp-ide-0.5.5\\out\\server\\src\\server.js:37:74872\n    at Ke (c:\\Users\\sotoj\\.vscode\\extensions\\uqbar.wollok-lsp-ide-0.5.5\\out\\server\\src\\server.js:7:8527)","timestamp":"2026-09-23T11:44:30.346Z"}
{"level":"info","message":"⌛ Autocomplete - Reference","timeElapsed":360,"timestamp":"2026-09-23T11:44:30.353Z"}
{"level":"info","message":"⌛ Building environment","timeElapsed":555,"timestamp":"2026-09-23T11:44:30.910Z"}
{"level":"info","message":"⌛ Building environment","timeElapsed":381,"timestamp":"2026-09-23T11:44:31.294Z"}
{"level":"info","message":"⌛ Building environment","timeElapsed":234,"timestamp":"2026-09-23T11:44:31.565Z"}
{"level":"info","message":"⌛ Building environment","timeElapsed":773,"timestamp":"2026-09-23T11:44:32.799Z"}
{"level":"info","message":"⌛ Building environment","timeElapsed":700,"timestamp":"2026-09-23T11:44:33.576Z"}
{"level":"info","message":"⌛ Building environment","timeElapsed":334,"timestamp":"2026-09-23T11:44:33.921Z"}
{"level":"error","message":"✘ Completions for node Return (undefined - codigoRaton.wlk) failed: Error: [Return]{3661c7} at codigoRaton.wlk:-- exhausted all cases without a match [Return]{3661c7} at codigoRaton.wlk:-- exhausted all cases without a match","stack":"Error: [Return]{3661c7} at codigoRaton.wlk:-- exhausted all cases without a match\n    at c:\\Users\\sotoj\\.vscode\\extensions\\uqbar.wollok-lsp-ide-0.5.5\\out\\server\\src\\server.js:38:6142\n    at L2 (c:\\Users\\sotoj\\.vscode\\extensions\\uqbar.wollok-lsp-ide-0.5.5\\out\\server\\src\\server.js:2421:42)\n    at Jh (c:\\Users\\sotoj\\.vscode\\extensions\\uqbar.wollok-lsp-ide-0.5.5\\out\\server\\src\\server.js:2421:1092)\n    at w5n (c:\\Users\\sotoj\\.vscode\\extensions\\uqbar.wollok-lsp-ide-0.5.5\\out\\server\\src\\server.js:2421:1248)\n    at c:\\Users\\sotoj\\.vscode\\extensions\\uqbar.wollok-lsp-ide-0.5.5\\out\\server\\src\\server.js:38:6131\n    at L2 (c:\\Users\\sotoj\\.vscode\\extensions\\uqbar.wollok-lsp-ide-0.5.5\\out\\server\\src\\server.js:2421:42)\n    at c:\\Users\\sotoj\\.vscode\\extensions\\uqbar.wollok-lsp-ide-0.5.5\\out\\server\\src\\server.js:2421:2988\n    at c:\\Users\\sotoj\\.vscode\\extensions\\uqbar.wollok-lsp-ide-0.5.5\\out\\server\\src\\server.js:2430:8440\n    at c:\\Users\\sotoj\\.vscode\\extensions\\uqbar.wollok-lsp-ide-0.5.5\\out\\server\\src\\server.js:37:74872\n    at Ke (c:\\Users\\sotoj\\.vscode\\extensions\\uqbar.wollok-lsp-ide-0.5.5\\out\\server\\src\\server.js:7:8527)","timestamp":"2026-09-23T11:44:34.132Z"}
{"level":"info","message":"⌛ Autocomplete - Reference","timeElapsed":122,"timestamp":"2026-09-23T11:44:34.142Z"}
{"level":"info","message":"⌛ Building environment","timeElapsed":258,"timestamp":"2026-09-23T11:44:34.403Z"}
{"level":"info","message":"⌛ Building environment","timeElapsed":436,"timestamp":"2026-09-23T11:44:34.842Z"}
{"level":"info","message":"⌛ Validating codigoRaton.wlk","timeElapsed":334,"timestamp":"2026-09-23T11:44:35.178Z"}
{"level":"info","message":"⌛ Building environment","timeElapsed":606,"timestamp":"2026-09-23T11:44:35.789Z"}
{"level":"info","message":"⌛ Validating codigoRaton.wlk","timeElapsed":615,"timestamp":"2026-09-23T11:44:36.434Z"}
{"level":"info","message":"⌛ Building environment","timeElapsed":1176,"timestamp":"2026-09-23T11:44:37.770Z"}
{"level":"info","message":"⌛ Autocomplete - Body","timeElapsed":152,"timestamp":"2026-09-23T11:44:37.926Z"}
{"level":"info","message":"⌛ Validating codigoRaton.wlk","timeElapsed":630,"timestamp":"2026-09-23T11:44:38.558Z"}
{"level":"info","message":"⌛ Validating codigoRaton.wlk","timeElapsed":402,"timestamp":"2026-09-23T11:44:38.976Z"}
{"level":"info","message":"⌛ Validating codigoRaton.wlk","timeElapsed":413,"timestamp":"2026-09-23T11:44:39.389Z"}
{"level":"info","message":"⌛ Building environment","timeElapsed":238,"timestamp":"2026-09-23T11:44:39.642Z"}
{"level":"info","message":"⌛ Building environment","timeElapsed":452,"timestamp":"2026-09-23T11:44:40.121Z"}
{"level":"info","message":"⌛ Validating codigoRaton.wlk","timeElapsed":513,"timestamp":"2026-09-23T11:44:40.646Z"}
{"level":"info","message":"⌛ Validating codigoRaton.wlk","timeElapsed":360,"timestamp":"2026-09-23T11:44:41.023Z"}
{"level":"info","message":"⌛ Building environment","timeElapsed":383,"timestamp":"2026-09-23T11:44:41.406Z"}
{"level":"info","message":"⌛ Building environment","timeElapsed":287,"timestamp":"2026-09-23T11:44:41.724Z"}
{"level":"info","message":"⌛ Building environment","timeElapsed":810,"timestamp":"2026-09-23T11:44:42.578Z"}
{"level":"info","message":"⌛ Building environment","timeElapsed":327,"timestamp":"2026-09-23T11:44:42.908Z"}
{"level":"info","message":"⌛ Building environment","timeElapsed":286,"timestamp":"2026-09-23T11:44:43.249Z"}
{"level":"info","message":"⌛ Validating codigoRaton.wlk","timeElapsed":509,"timestamp":"2026-09-23T11:44:43.815Z"}
{"level":"info","message":"⌛ Building environment","timeElapsed":770,"timestamp":"2026-09-23T11:44:44.585Z"}
{"level":"info","message":"⌛ Building environment","timeElapsed":2177,"timestamp":"2026-09-23T11:44:46.777Z"}
{"level":"info","message":"⌛ Validating codigoRaton.wlk","timeElapsed":1447,"timestamp":"2026-09-23T11:44:48.246Z"}
{"level":"info","message":"⌛ Building environment","timeElapsed":586,"timestamp":"2026-09-23T11:44:48.891Z"}
{"level":"info","message":"⌛ Building environment","timeElapsed":389,"timestamp":"2026-09-23T11:44:49.285Z"}
{"level":"info","message":"⌛ Validating codigoRaton.wlk","timeElapsed":241,"timestamp":"2026-09-23T11:44:49.590Z"}
{"level":"info","message":"⌛ Building environment","timeElapsed":1224,"timestamp":"2026-09-23T11:44:51.622Z"}
{"level":"info","message":"⌛ Validating codigoRaton.wlk","timeElapsed":371,"timestamp":"2026-09-23T11:44:52.003Z"}
{"level":"info","message":"⌛ Building environment","timeElapsed":380,"timestamp":"2026-09-23T11:44:52.384Z"}
{"level":"info","message":"⌛ Validating codigoRaton.wlk","timeElapsed":385,"timestamp":"2026-09-23T11:44:52.869Z"}
{"level":"info","message":"⌛ Building environment","timeElapsed":468,"timestamp":"2026-09-23T11:44:53.343Z"}
{"level":"info","message":"⌛ Building environment","timeElapsed":285,"timestamp":"2026-09-23T11:44:53.636Z"}
{"level":"info","message":"⌛ Validating codigoRaton.wlk","timeElapsed":453,"timestamp":"2026-09-23T11:44:54.119Z"}
{"level":"info","message":"⌛ Validating codigoRaton.wlk","timeElapsed":845,"timestamp":"2026-09-23T11:44:54.965Z"}
{"level":"info","message":"⌛ Validating codigoRaton.wlk","timeElapsed":698,"timestamp":"2026-09-23T11:44:55.668Z"}
{"level":"info","message":"⌛ Validating codigoRaton.wlk","timeElapsed":530,"timestamp":"2026-09-23T11:44:56.209Z"}
{"level":"info","message":"⌛ Validating codigoRaton.wlk","timeElapsed":391,"timestamp":"2026-09-23T11:44:56.609Z"}
{"level":"info","message":"⌛ Validating codigoRaton.wlk","timeElapsed":423,"timestamp":"2026-09-23T11:44:57.035Z"}
{"level":"info","message":"⌛ Validating codigoRaton.wlk","timeElapsed":784,"timestamp":"2026-09-23T11:44:57.823Z"}
{"level":"info","message":"⌛ Validating codigoRaton.wlk","timeElapsed":311,"timestamp":"2026-09-23T11:44:58.138Z"}
{"level":"info","message":"⌛ Building environment","timeElapsed":427,"timestamp":"2026-09-23T11:44:58.576Z"}
{"level":"info","message":"⌛ Validating codigoRaton.wlk","timeElapsed":451,"timestamp":"2026-09-23T11:44:59.030Z"}
{"level":"error","message":"✘ Completions for node Send ([9:34, 9:54] - codigoRaton.wlk) failed: Error: [Send]{ef8cc8} at codigoRaton.wlk:9 exhausted all cases without a match [Send]{ef8cc8} at codigoRaton.wlk:9 exhausted all cases without a match","stack":"Error: [Send]{ef8cc8} at codigoRaton.wlk:9 exhausted all cases without a match\n    at c:\\Users\\sotoj\\.vscode\\extensions\\uqbar.wollok-lsp-ide-0.5.5\\out\\server\\src\\server.js:38:6142\n    at L2 (c:\\Users\\sotoj\\.vscode\\extensions\\uqbar.wollok-lsp-ide-0.5.5\\out\\server\\src\\server.js:2421:42)\n    at Jh (c:\\Users\\sotoj\\.vscode\\extensions\\uqbar.wollok-lsp-ide-0.5.5\\out\\server\\src\\server.js:2421:1092)\n    at w5n (c:\\Users\\sotoj\\.vscode\\extensions\\uqbar.wollok-lsp-ide-0.5.5\\out\\server\\src\\server.js:2421:1248)\n    at c:\\Users\\sotoj\\.vscode\\extensions\\uqbar.wollok-lsp-ide-0.5.5\\out\\server\\src\\server.js:38:6131\n    at L2 (c:\\Users\\sotoj\\.vscode\\extensions\\uqbar.wollok-lsp-ide-0.5.5\\out\\server\\src\\server.js:2421:42)\n    at c:\\Users\\sotoj\\.vscode\\extensions\\uqbar.wollok-lsp-ide-0.5.5\\out\\server\\src\\server.js:2421:2988\n    at c:\\Users\\sotoj\\.vscode\\extensions\\uqbar.wollok-lsp-ide-0.5.5\\out\\server\\src\\server.js:2430:8440\n    at c:\\Users\\sotoj\\.vscode\\extensions\\uqbar.wollok-lsp-ide-0.5.5\\out\\server\\src\\server.js:37:74872\n    at Ke (c:\\Users\\sotoj\\.vscode\\extensions\\uqbar.wollok-lsp-ide-0.5.5\\out\\server\\src\\server.js:7:8527)","timestamp":"2026-09-23T11:44:59.176Z"}
{"level":"error","message":"✘ Completions for node Return (undefined - codigoRaton.wlk) failed: Error: [Return]{d11379} at codigoRaton.wlk:-- exhausted all cases without a match [Return]{d11379} at codigoRaton.wlk:-- exhausted all cases without a match","stack":"Error: [Return]{d11379} at codigoRaton.wlk:-- exhausted all cases without a match\n    at c:\\Users\\sotoj\\.vscode\\extensions\\uqbar.wollok-lsp-ide-0.5.5\\out\\server\\src\\server.js:38:6142\n    at L2 (c:\\Users\\sotoj\\.vscode\\extensions\\uqbar.wollok-lsp-ide-0.5.5\\out\\server\\src\\server.js:2421:42)\n    at Jh (c:\\Users\\sotoj\\.vscode\\extensions\\uqbar.wollok-lsp-ide-0.5.5\\out\\server\\src\\server.js:2421:1092)\n    at L2 (c:\\Users\\sotoj\\.vscode\\extensions\\uqbar.wollok-lsp-ide-0.5.5\\out\\server\\src\\server.js:2421:544)\n    at Jh (c:\\Users\\sotoj\\.vscode\\extensions\\uqbar.wollok-lsp-ide-0.5.5\\out\\server\\src\\server.js:2421:1092)\n    at w5n (c:\\Users\\sotoj\\.vscode\\extensions\\uqbar.wollok-lsp-ide-0.5.5\\out\\server\\src\\server.js:2421:1248)\n    at c:\\Users\\sotoj\\.vscode\\extensions\\uqbar.wollok-lsp-ide-0.5.5\\out\\server\\src\\server.js:38:6131\n    at L2 (c:\\Users\\sotoj\\.vscode\\extensions\\uqbar.wollok-lsp-ide-0.5.5\\out\\server\\src\\server.js:2421:42)\n    at c:\\Users\\sotoj\\.vscode\\extensions\\uqbar.wollok-lsp-ide-0.5.5\\out\\server\\src\\server.js:2421:2988\n    at c:\\Users\\sotoj\\.vscode\\extensions\\uqbar.wollok-lsp-ide-0.5.5\\out\\server\\src\\server.js:2430:8440","timestamp":"2026-09-23T11:44:59.176Z"}
{"level":"error","message":"✘ Completions for node Send ([9:34, 9:54] - codigoRaton.wlk) failed: Error: [Send]{ef8cc8} at codigoRaton.wlk:9 exhausted all cases without a match [Send]{ef8cc8} at codigoRaton.wlk:9 exhausted all cases without a match","stack":"Error: [Send]{ef8cc8} at codigoRaton.wlk:9 exhausted all cases without a match\n    at c:\\Users\\sotoj\\.vscode\\extensions\\uqbar.wollok-lsp-ide-0.5.5\\out\\server\\src\\server.js:38:6142\n    at L2 (c:\\Users\\sotoj\\.vscode\\extensions\\uqbar.wollok-lsp-ide-0.5.5\\out\\server\\src\\server.js:2421:42)\n    at Jh (c:\\Users\\sotoj\\.vscode\\extensions\\uqbar.wollok-lsp-ide-0.5.5\\out\\server\\src\\server.js:2421:1092)\n    at w5n (c:\\Users\\sotoj\\.vscode\\extensions\\uqbar.wollok-lsp-ide-0.5.5\\out\\server\\src\\server.js:2421:1248)\n    at c:\\Users\\sotoj\\.vscode\\extensions\\uqbar.wollok-lsp-ide-0.5.5\\out\\server\\src\\server.js:38:6131\n    at L2 (c:\\Users\\sotoj\\.vscode\\extensions\\uqbar.wollok-lsp-ide-0.5.5\\out\\server\\src\\server.js:2421:42)\n    at c:\\Users\\sotoj\\.vscode\\extensions\\uqbar.wollok-lsp-ide-0.5.5\\out\\server\\src\\server.js:2421:2988\n    at c:\\Users\\sotoj\\.vscode\\extensions\\uqbar.wollok-lsp-ide-0.5.5\\out\\server\\src\\server.js:2430:8440\n    at c:\\Users\\sotoj\\.vscode\\extensions\\uqbar.wollok-lsp-ide-0.5.5\\out\\server\\src\\server.js:37:74872\n    at Ke (c:\\Users\\sotoj\\.vscode\\extensions\\uqbar.wollok-lsp-ide-0.5.5\\out\\server\\src\\server.js:7:8527)","timestamp":"2026-09-23T11:44:59.228Z"}
{"level":"error","message":"✘ Completions for node Return (undefined - codigoRaton.wlk) failed: Error: [Return]{d11379} at codigoRaton.wlk:-- exhausted all cases without a match [Return]{d11379} at codigoRaton.wlk:-- exhausted all cases without a match","stack":"Error: [Return]{d11379} at codigoRaton.wlk:-- exhausted all cases without a match\n    at c:\\Users\\sotoj\\.vscode\\extensions\\uqbar.wollok-lsp-ide-0.5.5\\out\\server\\src\\server.js:38:6142\n    at L2 (c:\\Users\\sotoj\\.vscode\\extensions\\uqbar.wollok-lsp-ide-0.5.5\\out\\server\\src\\server.js:2421:42)\n    at Jh (c:\\Users\\sotoj\\.vscode\\extensions\\uqbar.wollok-lsp-ide-0.5.5\\out\\server\\src\\server.js:2421:1092)\n    at L2 (c:\\Users\\sotoj\\.vscode\\extensions\\uqbar.wollok-lsp-ide-0.5.5\\out\\server\\src\\server.js:2421:544)\n    at Jh (c:\\Users\\sotoj\\.vscode\\extensions\\uqbar.wollok-lsp-ide-0.5.5\\out\\server\\src\\server.js:2421:1092)\n    at w5n (c:\\Users\\sotoj\\.vscode\\extensions\\uqbar.wollok-lsp-ide-0.5.5\\out\\server\\src\\server.js:2421:1248)\n    at c:\\Users\\sotoj\\.vscode\\extensions\\uqbar.wollok-lsp-ide-0.5.5\\out\\server\\src\\server.js:38:6131\n    at L2 (c:\\Users\\sotoj\\.vscode\\extensions\\uqbar.wollok-lsp-ide-0.5.5\\out\\server\\src\\server.js:2421:42)\n    at c:\\Users\\sotoj\\.vscode\\extensions\\uqbar.wollok-lsp-ide-0.5.5\\out\\server\\src\\server.js:2421:2988\n    at c:\\Users\\sotoj\\.vscode\\extensions\\uqbar.wollok-lsp-ide-0.5.5\\out\\server\\src\\server.js:2430:8440","timestamp":"2026-09-23T11:44:59.229Z"}
{"level":"error","message":"✘ Completions for node Send ([9:34, 9:54] - codigoRaton.wlk) failed: Error: [Send]{ef8cc8} at codigoRaton.wlk:9 exhausted all cases without a match [Send]{ef8cc8} at codigoRaton.wlk:9 exhausted all cases without a match","stack":"Error: [Send]{ef8cc8} at codigoRaton.wlk:9 exhausted all cases without a match\n    at c:\\Users\\sotoj\\.vscode\\extensions\\uqbar.wollok-lsp-ide-0.5.5\\out\\server\\src\\server.js:38:6142\n    at L2 (c:\\Users\\sotoj\\.vscode\\extensions\\uqbar.wollok-lsp-ide-0.5.5\\out\\server\\src\\server.js:2421:42)\n    at Jh (c:\\Users\\sotoj\\.vscode\\extensions\\uqbar.wollok-lsp-ide-0.5.5\\out\\server\\src\\server.js:2421:1092)\n    at w5n (c:\\Users\\sotoj\\.vscode\\extensions\\uqbar.wollok-lsp-ide-0.5.5\\out\\server\\src\\server.js:2421:1248)\n    at c:\\Users\\sotoj\\.vscode\\extensions\\uqbar.wollok-lsp-ide-0.5.5\\out\\server\\src\\server.js:38:6131\n    at L2 (c:\\Users\\sotoj\\.vscode\\extensions\\uqbar.wollok-lsp-ide-0.5.5\\out\\server\\src\\server.js:2421:42)\n    at c:\\Users\\sotoj\\.vscode\\extensions\\uqbar.wollok-lsp-ide-0.5.5\\out\\server\\src\\server.js:2421:2988\n    at c:\\Users\\sotoj\\.vscode\\extensions\\uqbar.wollok-lsp-ide-0.5.5\\out\\server\\src\\server.js:2430:8440\n    at c:\\Users\\sotoj\\.vscode\\extensions\\uqbar.wollok-lsp-ide-0.5.5\\out\\server\\src\\server.js:37:74872\n    at Ke (c:\\Users\\sotoj\\.vscode\\extensions\\uqbar.wollok-lsp-ide-0.5.5\\out\\server\\src\\server.js:7:8527)","timestamp":"2026-09-23T11:44:59.297Z"}
{"level":"error","message":"✘ Completions for node Return (undefined - codigoRaton.wlk) failed: Error: [Return]{d11379} at codigoRaton.wlk:-- exhausted all cases without a match [Return]{d11379} at codigoRaton.wlk:-- exhausted all cases without a match","stack":"Error: [Return]{d11379} at codigoRaton.wlk:-- exhausted all cases without a match\n    at c:\\Users\\sotoj\\.vscode\\extensions\\uqbar.wollok-lsp-ide-0.5.5\\out\\server\\src\\server.js:38:6142\n    at L2 (c:\\Users\\sotoj\\.vscode\\extensions\\uqbar.wollok-lsp-ide-0.5.5\\out\\server\\src\\server.js:2421:42)\n    at Jh (c:\\Users\\sotoj\\.vscode\\extensions\\uqbar.wollok-lsp-ide-0.5.5\\out\\server\\src\\server.js:2421:1092)\n    at L2 (c:\\Users\\sotoj\\.vscode\\extensions\\uqbar.wollok-lsp-ide-0.5.5\\out\\server\\src\\server.js:2421:544)\n    at Jh (c:\\Users\\sotoj\\.vscode\\extensions\\uqbar.wollok-lsp-ide-0.5.5\\out\\server\\src\\server.js:2421:1092)\n    at w5n (c:\\Users\\sotoj\\.vscode\\extensions\\uqbar.wollok-lsp-ide-0.5.5\\out\\server\\src\\server.js:2421:1248)\n    at c:\\Users\\sotoj\\.vscode\\extensions\\uqbar.wollok-lsp-ide-0.5.5\\out\\server\\src\\server.js:38:6131\n    at L2 (c:\\Users\\sotoj\\.vscode\\extensions\\uqbar.wollok-lsp-ide-0.5.5\\out\\server\\src\\server.js:2421:42)\n    at c:\\Users\\sotoj\\.vscode\\extensions\\uqbar.wollok-lsp-ide-0.5.5\\out\\server\\src\\server.js:2421:2988\n    at c:\\Users\\sotoj\\.vscode\\extensions\\uqbar.wollok-lsp-ide-0.5.5\\out\\server\\src\\server.js:2430:8440","timestamp":"2026-09-23T11:44:59.297Z"}
{"level":"error","message":"✘ Completions for node Send ([9:34, 9:54] - codigoRaton.wlk) failed: Error: [Send]{ef8cc8} at codigoRaton.wlk:9 exhausted all cases without a match [Send]{ef8cc8} at codigoRaton.wlk:9 exhausted all cases without a match","stack":"Error: [Send]{ef8cc8} at codigoRaton.wlk:9 exhausted all cases without a match\n    at c:\\Users\\sotoj\\.vscode\\extensions\\uqbar.wollok-lsp-ide-0.5.5\\out\\server\\src\\server.js:38:6142\n    at L2 (c:\\Users\\sotoj\\.vscode\\extensions\\uqbar.wollok-lsp-ide-0.5.5\\out\\server\\src\\server.js:2421:42)\n    at Jh (c:\\Users\\sotoj\\.vscode\\extensions\\uqbar.wollok-lsp-ide-0.5.5\\out\\server\\src\\server.js:2421:1092)\n    at w5n (c:\\Users\\sotoj\\.vscode\\extensions\\uqbar.wollok-lsp-ide-0.5.5\\out\\server\\src\\server.js:2421:1248)\n    at c:\\Users\\sotoj\\.vscode\\extensions\\uqbar.wollok-lsp-ide-0.5.5\\out\\server\\src\\server.js:38:6131\n    at L2 (c:\\Users\\sotoj\\.vscode\\extensions\\uqbar.wollok-lsp-ide-0.5.5\\out\\server\\src\\server.js:2421:42)\n    at c:\\Users\\sotoj\\.vscode\\extensions\\uqbar.wollok-lsp-ide-0.5.5\\out\\server\\src\\server.js:2421:2988\n    at c:\\Users\\sotoj\\.vscode\\extensions\\uqbar.wollok-lsp-ide-0.5.5\\out\\server\\src\\server.js:2430:8440\n    at c:\\Users\\sotoj\\.vscode\\extensions\\uqbar.wollok-lsp-ide-0.5.5\\out\\server\\src\\server.js:37:74872\n    at Ke (c:\\Users\\sotoj\\.vscode\\extensions\\uqbar.wollok-lsp-ide-0.5.5\\out\\server\\src\\server.js:7:8527)","timestamp":"2026-09-23T11:44:59.370Z"}
{"level":"error","message":"✘ Completions for node Return (undefined - codigoRaton.wlk) failed: Error: [Return]{d11379} at codigoRaton.wlk:-- exhausted all cases without a match [Return]{d11379} at codigoRaton.wlk:-- exhausted all cases without a match","stack":"Error: [Return]{d11379} at codigoRaton.wlk:-- exhausted all cases without a match\n    at c:\\Users\\sotoj\\.vscode\\extensions\\uqbar.wollok-lsp-ide-0.5.5\\out\\server\\src\\server.js:38:6142\n    at L2 (c:\\Users\\sotoj\\.vscode\\extensions\\uqbar.wollok-lsp-ide-0.5.5\\out\\server\\src\\server.js:2421:42)\n    at Jh (c:\\Users\\sotoj\\.vscode\\extensions\\uqbar.wollok-lsp-ide-0.5.5\\out\\server\\src\\server.js:2421:1092)\n    at L2 (c:\\Users\\sotoj\\.vscode\\extensions\\uqbar.wollok-lsp-ide-0.5.5\\out\\server\\src\\server.js:2421:544)\n    at Jh (c:\\Users\\sotoj\\.vscode\\extensions\\uqbar.wollok-lsp-ide-0.5.5\\out\\server\\src\\server.js:2421:1092)\n    at w5n (c:\\Users\\sotoj\\.vscode\\extensions\\uqbar.wollok-lsp-ide-0.5.5\\out\\server\\src\\server.js:2421:1248)\n    at c:\\Users\\sotoj\\.vscode\\extensions\\uqbar.wollok-lsp-ide-0.5.5\\out\\server\\src\\server.js:38:6131\n    at L2 (c:\\Users\\sotoj\\.vscode\\extensions\\uqbar.wollok-lsp-ide-0.5.5\\out\\server\\src\\server.js:2421:42)\n    at c:\\Users\\sotoj\\.vscode\\extensions\\uqbar.wollok-lsp-ide-0.5.5\\out\\server\\src\\server.js:2421:2988\n    at c:\\Users\\sotoj\\.vscode\\extensions\\uqbar.wollok-lsp-ide-0.5.5\\out\\server\\src\\server.js:2430:8440","timestamp":"2026-09-23T11:44:59.371Z"}
{"level":"info","message":"⌛ Validating codigoRaton.wlk","timeElapsed":237,"timestamp":"2026-09-23T11:44:59.615Z"}
{"level":"info","message":"⌛ Validating codigoRaton.wlk","timeElapsed":340,"timestamp":"2026-09-23T11:44:59.982Z"}
{"level":"info","message":"⌛ Validating codigoRaton.wlk","timeElapsed":386,"timestamp":"2026-09-23T11:45:00.404Z"}
{"level":"info","message":"⌛ Validating codigoRaton.wlk","timeElapsed":469,"timestamp":"2026-09-23T11:45:00.882Z"}
{"level":"info","message":"⌛ Validating codigoRaton.wlk","timeElapsed":653,"timestamp":"2026-09-23T11:45:01.537Z"}
{"level":"info","message":"⌛ Building environment","timeElapsed":445,"timestamp":"2026-09-23T11:45:02.000Z"}
{"level":"info","message":"⌛ Validating codigoRaton.wlk","timeElapsed":335,"timestamp":"2026-09-23T11:45:02.413Z"}
{"level":"info","message":"⌛ Validating codigoRaton.wlk","timeElapsed":391,"timestamp":"2026-09-23T11:45:02.806Z"}
{"level":"info","message":"⌛ Validating codigoRaton.wlk","timeElapsed":420,"timestamp":"2026-09-23T11:45:03.227Z"}
{"level":"info","message":"⌛ Building environment","timeElapsed":338,"timestamp":"2026-09-23T11:45:03.570Z"}
{"level":"error","message":"✘ Completions for node Send ([9:26, 9:57] - codigoRaton.wlk) failed: Error: [Send]{f7c970} at codigoRaton.wlk:9 exhausted all cases without a match [Send]{f7c970} at codigoRaton.wlk:9 exhausted all cases without a match","stack":"Error: [Send]{f7c970} at codigoRaton.wlk:9 exhausted all cases without a match\n    at c:\\Users\\sotoj\\.vscode\\extensions\\uqbar.wollok-lsp-ide-0.5.5\\out\\server\\src\\server.js:38:6142\n    at L2 (c:\\Users\\sotoj\\.vscode\\extensions\\uqbar.wollok-lsp-ide-0.5.5\\out\\server\\src\\server.js:2421:42)\n    at c:\\Users\\sotoj\\.vscode\\extensions\\uqbar.wollok-lsp-ide-0.5.5\\out\\server\\src\\server.js:2421:2988\n    at c:\\Users\\sotoj\\.vscode\\extensions\\uqbar.wollok-lsp-ide-0.5.5\\out\\server\\src\\server.js:2430:8440\n    at c:\\Users\\sotoj\\.vscode\\extensions\\uqbar.wollok-lsp-ide-0.5.5\\out\\server\\src\\server.js:37:74872\n    at Ke (c:\\Users\\sotoj\\.vscode\\extensions\\uqbar.wollok-lsp-ide-0.5.5\\out\\server\\src\\server.js:7:8527)\n    at It (c:\\Users\\sotoj\\.vscode\\extensions\\uqbar.wollok-lsp-ide-0.5.5\\out\\server\\src\\server.js:7:6189)\n    at et (c:\\Users\\sotoj\\.vscode\\extensions\\uqbar.wollok-lsp-ide-0.5.5\\out\\server\\src\\server.js:7:6378)\n    at Immediate._onImmediate (c:\\Users\\sotoj\\.vscode\\extensions\\uqbar.wollok-lsp-ide-0.5.5\\out\\server\\src\\server.js:7:6142)\n    at process.processImmediate (node:internal/timers:504:21)","timestamp":"2026-09-23T11:45:03.656Z"}
{"level":"error","message":"✘ Completions for node Send ([9:9, 9:58] - codigoRaton.wlk) failed: Error: [Send]{b5dc67} at codigoRaton.wlk:9 exhausted all cases without a match [Send]{b5dc67} at codigoRaton.wlk:9 exhausted all cases without a match","stack":"Error: [Send]{b5dc67} at codigoRaton.wlk:9 exhausted all cases without a match\n    at c:\\Users\\sotoj\\.vscode\\extensions\\uqbar.wollok-lsp-ide-0.5.5\\out\\server\\src\\server.js:38:6142\n    at L2 (c:\\Users\\sotoj\\.vscode\\extensions\\uqbar.wollok-lsp-ide-0.5.5\\out\\server\\src\\server.js:2421:42)\n    at Jh (c:\\Users\\sotoj\\.vscode\\extensions\\uqbar.wollok-lsp-ide-0.5.5\\out\\server\\src\\server.js:2421:1092)\n    at L2 (c:\\Users\\sotoj\\.vscode\\extensions\\uqbar.wollok-lsp-ide-0.5.5\\out\\server\\src\\server.js:2421:544)\n    at c:\\Users\\sotoj\\.vscode\\extensions\\uqbar.wollok-lsp-ide-0.5.5\\out\\server\\src\\server.js:2421:2988\n    at c:\\Users\\sotoj\\.vscode\\extensions\\uqbar.wollok-lsp-ide-0.5.5\\out\\server\\src\\server.js:2430:8440\n    at c:\\Users\\sotoj\\.vscode\\extensions\\uqbar.wollok-lsp-ide-0.5.5\\out\\server\\src\\server.js:37:74872\n    at Ke (c:\\Users\\sotoj\\.vscode\\extensions\\uqbar.wollok-lsp-ide-0.5.5\\out\\server\\src\\server.js:7:8527)\n    at It (c:\\Users\\sotoj\\.vscode\\extensions\\uqbar.wollok-lsp-ide-0.5.5\\out\\server\\src\\server.js:7:6189)\n    at et (c:\\Users\\sotoj\\.vscode\\extensions\\uqbar.wollok-lsp-ide-0.5.5\\out\\server\\src\\server.js:7:6378)","timestamp":"2026-09-23T11:45:03.657Z"}
{"level":"info","message":"⌛ Building environment","timeElapsed":193,"timestamp":"2026-09-23T11:45:03.875Z"}
{"level":"info","message":"⌛ Building environment","timeElapsed":249,"timestamp":"2026-09-23T11:45:04.138Z"}
{"level":"info","message":"⌛ Validating codigoRaton.wlk","timeElapsed":277,"timestamp":"2026-09-23T11:45:04.448Z"}
{"level":"info","message":"⌛ Building environment","timeElapsed":234,"timestamp":"2026-09-23T11:45:04.684Z"}
{"level":"info","message":"⌛ Building environment","timeElapsed":174,"timestamp":"2026-09-23T11:45:04.886Z"}
{"level":"info","message":"⌛ Building environment","timeElapsed":312,"timestamp":"2026-09-23T11:45:05.228Z"}
{"level":"info","message":"⌛ Validating codigoRaton.wlk","timeElapsed":352,"timestamp":"2026-09-23T11:45:05.622Z"}
{"level":"info","message":"⌛ Validating codigoRaton.wlk","timeElapsed":251,"timestamp":"2026-09-23T11:45:05.874Z"}
{"level":"info","message":"⌛ Validating codigoRaton.wlk","timeElapsed":275,"timestamp":"2026-09-23T11:45:06.149Z"}
{"level":"info","message":"⌛ Building environment","timeElapsed":175,"timestamp":"2026-09-23T11:45:06.326Z"}
{"level":"info","message":"⌛ Building environment","timeElapsed":222,"timestamp":"2026-09-23T11:45:06.563Z"}
{"level":"info","message":"⌛ Validating codigoRaton.wlk","timeElapsed":246,"timestamp":"2026-09-23T11:45:06.826Z"}
{"level":"info","message":"⌛ Validating codigoRaton.wlk","timeElapsed":335,"timestamp":"2026-09-23T11:45:07.171Z"}
{"level":"info","message":"⌛ Validating codigoRaton.wlk","timeElapsed":195,"timestamp":"2026-09-23T11:45:07.426Z"}
{"level":"info","message":"⌛ Validating codigoRaton.wlk","timeElapsed":263,"timestamp":"2026-09-23T11:45:07.689Z"}
{"level":"info","message":"⌛ Building environment","timeElapsed":317,"timestamp":"2026-09-23T11:45:08.104Z"}
{"level":"info","message":"⌛ Building environment","timeElapsed":209,"timestamp":"2026-09-23T11:45:08.470Z"}
{"level":"info","message":"⌛ Validating codigoRaton.wlk","timeElapsed":411,"timestamp":"2026-09-23T11:45:08.907Z"}
{"level":"info","message":"⌛ Validating codigoRaton.wlk","timeElapsed":513,"timestamp":"2026-09-23T11:45:09.493Z"}
{"level":"info","message":"⌛ Validating codigoRaton.wlk","timeElapsed":265,"timestamp":"2026-09-23T11:45:09.779Z"}
{"level":"info","message":"⌛ Validating codigoRaton.wlk","timeElapsed":299,"timestamp":"2026-09-23T11:45:10.082Z"}
{"level":"info","message":"⌛ Validating codigoRaton.wlk","timeElapsed":394,"timestamp":"2026-09-23T11:45:10.491Z"}
{"level":"info","message":"⌛ Validating codigoRaton.wlk","timeElapsed":314,"timestamp":"2026-09-23T11:45:10.814Z"}
{"level":"info","message":"⌛ Validating codigoRaton.wlk","timeElapsed":491,"timestamp":"2026-09-23T11:45:11.316Z"}
{"level":"info","message":"⌛ Validating codigoRaton.wlk","timeElapsed":286,"timestamp":"2026-09-23T11:45:11.633Z"}
{"level":"info","message":"⌛ Validating codigoRaton.wlk","timeElapsed":292,"timestamp":"2026-09-23T11:45:11.929Z"}
{"level":"info","message":"⌛ Validating codigoRaton.wlk","timeElapsed":327,"timestamp":"2026-09-23T11:45:12.265Z"}
{"level":"info","message":"⌛ Validating codigoRaton.wlk","timeElapsed":309,"timestamp":"2026-09-23T11:45:12.603Z"}
{"level":"info","message":"⌛ Validating codigoRaton.wlk","timeElapsed":370,"timestamp":"2026-09-23T11:45:12.980Z"}
{"level":"info","message":"⌛ Building environment","timeElapsed":471,"timestamp":"2026-09-23T11:45:44.781Z"}
{"level":"info","message":"⌛ Building environment","timeElapsed":384,"timestamp":"2026-09-23T11:45:45.235Z"}
{"level":"info","message":"⌛ Autocomplete - Class","timeElapsed":141,"timestamp":"2026-09-23T11:45:45.647Z"}
{"level":"info","message":"⌛ Validating codigoRaton.wlk","timeElapsed":427,"timestamp":"2026-09-23T11:45:46.078Z"}
{"level":"info","message":"⌛ Validating codigoRaton.wlk","timeElapsed":393,"timestamp":"2026-09-23T11:45:46.498Z"}
{"level":"info","message":"⌛ Building environment","timeElapsed":518,"timestamp":"2026-09-23T11:45:52.075Z"}
{"level":"info","message":"⌛ Building environment","timeElapsed":450,"timestamp":"2026-09-23T11:45:52.574Z"}
{"level":"info","message":"⌛ Validating codigoRaton.wlk","timeElapsed":551,"timestamp":"2026-09-23T11:45:53.154Z"}
{"level":"info","message":"⌛ Validating codigoRaton.wlk","timeElapsed":490,"timestamp":"2026-09-23T11:45:53.645Z"}
{"level":"info","message":"⌛ Building environment","timeElapsed":455,"timestamp":"2026-09-23T11:45:56.977Z"}
{"level":"info","message":"⌛ Autocomplete - Class","timeElapsed":205,"timestamp":"2026-09-23T11:45:57.183Z"}
{"level":"info","message":"⌛ Building environment","timeElapsed":483,"timestamp":"2026-09-23T11:45:57.668Z"}
{"level":"info","message":"⌛ Building environment","timeElapsed":707,"timestamp":"2026-09-23T11:45:58.424Z"}
{"level":"info","message":"⌛ Validating codigoRaton.wlk","timeElapsed":1184,"timestamp":"2026-09-23T11:45:59.629Z"}
{"level":"info","message":"⌛ Building environment","timeElapsed":471,"timestamp":"2026-09-23T11:46:00.298Z"}
{"level":"info","message":"⌛ Building environment","timeElapsed":469,"timestamp":"2026-09-23T11:46:00.769Z"}
{"level":"info","message":"⌛ Validating codigoRaton.wlk","timeElapsed":759,"timestamp":"2026-09-23T11:46:01.572Z"}
{"level":"error","message":"✘ Failed to rebuild document Failed to parse codigoRaton.wlk: \n-- PARSING FAILED --------------------------------------------------\n\n  22 | \n  23 | \n> 24 | }\n     | ^\n\nExpected one of the following: \n\n'!=', '!==', '%', '&&', '*', '**', '+', '-', '->', '..', '..<', '/', '<', '<<', '<<<', '<=', '<=>', '<>', '==', '===', '>', '>..', '>=', '>>', '>>>', '?:', 'and', 'invert', 'negate', 'or', 'plus', '||', identifier, whitespace\n","stack":"Error: Failed to parse codigoRaton.wlk: \n-- PARSING FAILED --------------------------------------------------\n\n  22 | \n  23 | \n> 24 | }\n     | ^\n\nExpected one of the following: \n\n'!=', '!==', '%', '&&', '*', '**', '+', '-', '->', '..', '..<', '/', '<', '<<', '<<<', '<=', '<=>', '<>', '==', '===', '>', '>..', '>=', '>>', '>>>', '?:', 'and', 'invert', 'negate', 'or', 'plus', '||', identifier, whitespace\n\n    at c:\\Users\\sotoj\\.vscode\\extensions\\uqbar.wollok-lsp-ide-0.5.5\\out\\server\\src\\server.js:2385:13026\n    at Array.map (<anonymous>)\n    at z1n (c:\\Users\\sotoj\\.vscode\\extensions\\uqbar.wollok-lsp-ide-0.5.5\\out\\server\\src\\server.js:2385:12950)\n    at H2.buildEnvironmentFrom (c:\\Users\\sotoj\\.vscode\\extensions\\uqbar.wollok-lsp-ide-0.5.5\\out\\server\\src\\server.js:2430:5254)\n    at H2.updateEnvironmentWith (c:\\Users\\sotoj\\.vscode\\extensions\\uqbar.wollok-lsp-ide-0.5.5\\out\\server\\src\\server.js:2430:4989)\n    at QF (c:\\Users\\sotoj\\.vscode\\extensions\\uqbar.wollok-lsp-ide-0.5.5\\out\\server\\src\\server.js:2430:7383)\n    at V3.invoke (c:\\Users\\sotoj\\.vscode\\extensions\\uqbar.wollok-lsp-ide-0.5.5\\out\\server\\src\\server.js:3:157330)\n    at o.fire (c:\\Users\\sotoj\\.vscode\\extensions\\uqbar.wollok-lsp-ide-0.5.5\\out\\server\\src\\server.js:3:158100)\n    at c:\\Users\\sotoj\\.vscode\\extensions\\uqbar.wollok-lsp-ide-0.5.5\\out\\server\\src\\server.js:37:57871\n    at nd (c:\\Users\\sotoj\\.vscode\\extensions\\uqbar.wollok-lsp-ide-0.5.5\\out\\server\\src\\server.js:8:1561)","timestamp":"2026-09-23T11:46:01.643Z"}
{"level":"error","message":"✘ Failed to rebuild document Failed to parse codigoRaton.wlk: \n-- PARSING FAILED --------------------------------------------------\n\n  22 | \n  23 | \n> 24 | }\n     | ^\n\nExpected one of the following: \n\n'!=', '!==', '%', '&&', '*', '**', '+', '-', '->', '..', '..<', '/', '<', '<<', '<<<', '<=', '<=>', '<>', '==', '===', '>', '>..', '>=', '>>', '>>>', '?:', 'and', 'invert', 'negate', 'or', 'plus', '||', identifier, whitespace\n","stack":"Error: Failed to parse codigoRaton.wlk: \n-- PARSING FAILED --------------------------------------------------\n\n  22 | \n  23 | \n> 24 | }\n     | ^\n\nExpected one of the following: \n\n'!=', '!==', '%', '&&', '*', '**', '+', '-', '->', '..', '..<', '/', '<', '<<', '<<<', '<=', '<=>', '<>', '==', '===', '>', '>..', '>=', '>>', '>>>', '?:', 'and', 'invert', 'negate', 'or', 'plus', '||', identifier, whitespace\n\n    at c:\\Users\\sotoj\\.vscode\\extensions\\uqbar.wollok-lsp-ide-0.5.5\\out\\server\\src\\server.js:2385:13026\n    at Array.map (<anonymous>)\n    at z1n (c:\\Users\\sotoj\\.vscode\\extensions\\uqbar.wollok-lsp-ide-0.5.5\\out\\server\\src\\server.js:2385:12950)\n    at H2.buildEnvironmentFrom (c:\\Users\\sotoj\\.vscode\\extensions\\uqbar.wollok-lsp-ide-0.5.5\\out\\server\\src\\server.js:2430:5254)\n    at H2.updateEnvironmentWith (c:\\Users\\sotoj\\.vscode\\extensions\\uqbar.wollok-lsp-ide-0.5.5\\out\\server\\src\\server.js:2430:4989)\n    at QF (c:\\Users\\sotoj\\.vscode\\extensions\\uqbar.wollok-lsp-ide-0.5.5\\out\\server\\src\\server.js:2430:7383)\n    at V3.invoke (c:\\Users\\sotoj\\.vscode\\extensions\\uqbar.wollok-lsp-ide-0.5.5\\out\\server\\src\\server.js:3:157330)\n    at o.fire (c:\\Users\\sotoj\\.vscode\\extensions\\uqbar.wollok-lsp-ide-0.5.5\\out\\server\\src\\server.js:3:158100)\n    at c:\\Users\\sotoj\\.vscode\\extensions\\uqbar.wollok-lsp-ide-0.5.5\\out\\server\\src\\server.js:37:57871\n    at nd (c:\\Users\\sotoj\\.vscode\\extensions\\uqbar.wollok-lsp-ide-0.5.5\\out\\server\\src\\server.js:8:1561)","timestamp":"2026-09-23T11:46:01.780Z"}
{"level":"info","message":"⌛ Validating codigoRaton.wlk","timeElapsed":471,"timestamp":"2026-09-23T11:46:02.257Z"}
{"level":"info","message":"⌛ Building environment","timeElapsed":267,"timestamp":"2026-09-23T11:46:02.527Z"}
{"level":"info","message":"⌛ Building environment","timeElapsed":209,"timestamp":"2026-09-23T11:46:02.740Z"}
{"level":"info","message":"⌛ Building environment","timeElapsed":234,"timestamp":"2026-09-23T11:46:03.051Z"}
{"level":"info","message":"⌛ Building environment","timeElapsed":247,"timestamp":"2026-09-23T11:46:03.552Z"}
{"level":"info","message":"⌛ Building environment","timeElapsed":221,"timestamp":"2026-09-23T11:46:03.783Z"}
{"level":"info","message":"⌛ Building environment","timeElapsed":278,"timestamp":"2026-09-23T11:46:04.067Z"}
{"level":"info","message":"⌛ Building environment","timeElapsed":299,"timestamp":"2026-09-23T11:46:04.372Z"}
{"level":"info","message":"⌛ Validating codigoRaton.wlk","timeElapsed":289,"timestamp":"2026-09-23T11:46:04.685Z"}
{"level":"info","message":"⌛ Building environment","timeElapsed":177,"timestamp":"2026-09-23T11:46:04.871Z"}
{"level":"info","message":"⌛ Validating codigoRaton.wlk","timeElapsed":281,"timestamp":"2026-09-23T11:46:05.153Z"}
{"level":"info","message":"⌛ Building environment","timeElapsed":289,"timestamp":"2026-09-23T11:46:05.461Z"}
{"level":"info","message":"⌛ Building environment","timeElapsed":251,"timestamp":"2026-09-23T11:46:05.719Z"}
{"level":"info","message":"⌛ Building environment","timeElapsed":357,"timestamp":"2026-09-23T11:46:06.087Z"}
{"level":"info","message":"⌛ Building environment","timeElapsed":279,"timestamp":"2026-09-23T11:46:06.405Z"}
{"level":"info","message":"⌛ Building environment","timeElapsed":223,"timestamp":"2026-09-23T11:46:06.643Z"}
{"level":"info","message":"⌛ Validating codigoRaton.wlk","timeElapsed":250,"timestamp":"2026-09-23T11:46:06.910Z"}
{"level":"info","message":"⌛ Validating codigoRaton.wlk","timeElapsed":274,"timestamp":"2026-09-23T11:46:07.187Z"}
{"level":"info","message":"⌛ Validating codigoRaton.wlk","timeElapsed":226,"timestamp":"2026-09-23T11:46:07.413Z"}
{"level":"info","message":"⌛ Validating codigoRaton.wlk","timeElapsed":219,"timestamp":"2026-09-23T11:46:07.633Z"}
{"level":"info","message":"⌛ Validating codigoRaton.wlk","timeElapsed":309,"timestamp":"2026-09-23T11:46:07.946Z"}
{"level":"info","message":"⌛ Building environment","timeElapsed":180,"timestamp":"2026-09-23T11:46:08.130Z"}
{"level":"info","message":"⌛ Building environment","timeElapsed":264,"timestamp":"2026-09-23T11:46:08.395Z"}
{"level":"info","message":"⌛ Validating codigoRaton.wlk","timeElapsed":298,"timestamp":"2026-09-23T11:46:08.695Z"}
{"level":"info","message":"⌛ Validating codigoRaton.wlk","timeElapsed":415,"timestamp":"2026-09-23T11:46:09.350Z"}
{"level":"info","message":"⌛ Validating codigoRaton.wlk","timeElapsed":399,"timestamp":"2026-09-23T11:46:09.753Z"}
{"level":"info","message":"⌛ Validating codigoRaton.wlk","timeElapsed":1254,"timestamp":"2026-09-23T11:46:11.025Z"}
{"level":"info","message":"⌛ Building environment","timeElapsed":359,"timestamp":"2026-09-23T11:46:11.401Z"}
{"level":"info","message":"⌛ Validating codigoRaton.wlk","timeElapsed":524,"timestamp":"2026-09-23T11:46:11.927Z"}
{"level":"info","message":"⌛ Building environment","timeElapsed":340,"timestamp":"2026-09-23T11:46:12.281Z"}
{"level":"info","message":"⌛ Validating codigoRaton.wlk","timeElapsed":397,"timestamp":"2026-09-23T11:46:12.680Z"}
{"level":"info","message":"⌛ Building environment","timeElapsed":345,"timestamp":"2026-09-23T11:46:13.051Z"}
{"level":"info","message":"⌛ Validating codigoRaton.wlk","timeElapsed":683,"timestamp":"2026-09-23T11:46:13.751Z"}
{"level":"info","message":"⌛ Validating codigoRaton.wlk","timeElapsed":386,"timestamp":"2026-09-23T11:46:14.141Z"}
{"level":"info","message":"⌛ Validating codigoRaton.wlk","timeElapsed":359,"timestamp":"2026-09-23T11:46:14.513Z"}
{"level":"info","message":"⌛ Validating codigoRaton.wlk","timeElapsed":246,"timestamp":"2026-09-23T11:46:14.765Z"}
{"level":"info","message":"⌛ Validating codigoRaton.wlk","timeElapsed":336,"timestamp":"2026-09-23T11:46:15.103Z"}
{"level":"info","message":"⌛ Building environment","timeElapsed":348,"timestamp":"2026-09-23T11:46:15.453Z"}
{"level":"info","message":"⌛ Building environment","timeElapsed":384,"timestamp":"2026-09-23T11:46:15.862Z"}
{"level":"info","message":"⌛ Validating codigoRaton.wlk","timeElapsed":533,"timestamp":"2026-09-23T11:46:16.413Z"}
{"level":"info","message":"⌛ Building environment","timeElapsed":371,"timestamp":"2026-09-23T11:46:16.787Z"}
{"level":"info","message":"⌛ Building environment","timeElapsed":206,"timestamp":"2026-09-23T11:46:17.001Z"}
{"level":"info","message":"⌛ Building environment","timeElapsed":274,"timestamp":"2026-09-23T11:46:17.292Z"}
{"level":"info","message":"⌛ Validating codigoRaton.wlk","timeElapsed":475,"timestamp":"2026-09-23T11:46:17.768Z"}
{"level":"info","message":"⌛ Building environment","timeElapsed":230,"timestamp":"2026-09-23T11:46:18.002Z"}
{"level":"info","message":"⌛ Building environment","timeElapsed":1231,"timestamp":"2026-09-23T11:46:19.299Z"}
{"level":"info","message":"⌛ Building environment","timeElapsed":620,"timestamp":"2026-09-23T11:46:19.947Z"}
{"level":"info","message":"⌛ Building environment","timeElapsed":400,"timestamp":"2026-09-23T11:46:20.358Z"}
{"level":"info","message":"⌛ Validating codigoRaton.wlk","timeElapsed":355,"timestamp":"2026-09-23T11:46:20.757Z"}
{"level":"info","message":"⌛ Building environment","timeElapsed":733,"timestamp":"2026-09-23T11:46:21.543Z"}
{"level":"info","message":"⌛ Building environment","timeElapsed":293,"timestamp":"2026-09-23T11:46:21.840Z"}
{"level":"info","message":"⌛ Validating codigoRaton.wlk","timeElapsed":370,"timestamp":"2026-09-23T11:46:22.210Z"}
{"level":"info","message":"⌛ Building environment","timeElapsed":275,"timestamp":"2026-09-23T11:46:22.491Z"}
{"level":"info","message":"⌛ Building environment","timeElapsed":295,"timestamp":"2026-09-23T11:46:22.796Z"}
{"level":"info","message":"⌛ Building environment","timeElapsed":241,"timestamp":"2026-09-23T11:46:23.066Z"}
{"level":"info","message":"⌛ Validating codigoRaton.wlk","timeElapsed":403,"timestamp":"2026-09-23T11:46:23.547Z"}
{"level":"info","message":"⌛ Validating codigoRaton.wlk","timeElapsed":406,"timestamp":"2026-09-23T11:46:23.955Z"}
{"level":"info","message":"⌛ Validating codigoRaton.wlk","timeElapsed":284,"timestamp":"2026-09-23T11:46:24.242Z"}
{"level":"info","message":"⌛ Building environment","timeElapsed":250,"timestamp":"2026-09-23T11:46:24.514Z"}
{"level":"info","message":"⌛ Validating codigoRaton.wlk","timeElapsed":371,"timestamp":"2026-09-23T11:46:24.917Z"}
{"level":"info","message":"⌛ Building environment","timeElapsed":259,"timestamp":"2026-09-23T11:46:25.181Z"}
{"level":"info","message":"⌛ Building environment","timeElapsed":146,"timestamp":"2026-09-23T11:46:25.349Z"}
{"level":"info","message":"⌛ Building environment","timeElapsed":148,"timestamp":"2026-09-23T11:46:25.512Z"}
{"level":"info","message":"⌛ Building environment","timeElapsed":519,"timestamp":"2026-09-23T11:46:26.036Z"}
{"level":"info","message":"⌛ Validating codigoRaton.wlk","timeElapsed":308,"timestamp":"2026-09-23T11:46:26.375Z"}
{"level":"info","message":"⌛ Building environment","timeElapsed":122,"timestamp":"2026-09-23T11:46:26.497Z"}
{"level":"info","message":"⌛ Building environment","timeElapsed":207,"timestamp":"2026-09-23T11:46:26.710Z"}
{"level":"info","message":"⌛ Building environment","timeElapsed":362,"timestamp":"2026-09-23T11:46:27.082Z"}
{"level":"info","message":"⌛ Validating codigoRaton.wlk","timeElapsed":379,"timestamp":"2026-09-23T11:46:27.523Z"}
{"level":"info","message":"⌛ Validating codigoRaton.wlk","timeElapsed":396,"timestamp":"2026-09-23T11:46:27.924Z"}
{"level":"info","message":"⌛ Validating codigoRaton.wlk","timeElapsed":297,"timestamp":"2026-09-23T11:46:28.241Z"}
{"level":"info","message":"⌛ Validating codigoRaton.wlk","timeElapsed":368,"timestamp":"2026-09-23T11:46:28.674Z"}
{"level":"info","message":"⌛ Validating codigoRaton.wlk","timeElapsed":305,"timestamp":"2026-09-23T11:46:28.988Z"}
{"level":"info","message":"⌛ Validating codigoRaton.wlk","timeElapsed":263,"timestamp":"2026-09-23T11:46:29.263Z"}
{"level":"info","message":"⌛ Validating codigoRaton.wlk","timeElapsed":234,"timestamp":"2026-09-23T11:46:29.500Z"}
{"level":"info","message":"⌛ Validating codigoRaton.wlk","timeElapsed":317,"timestamp":"2026-09-23T11:46:29.820Z"}
{"level":"info","message":"⌛ Validating codigoRaton.wlk","timeElapsed":516,"timestamp":"2026-09-23T11:46:30.349Z"}
{"level":"info","message":"⌛ Validating codigoRaton.wlk","timeElapsed":379,"timestamp":"2026-09-23T11:46:30.731Z"}
{"level":"info","message":"⌛ Validating codigoRaton.wlk","timeElapsed":350,"timestamp":"2026-09-23T11:46:31.087Z"}
{"level":"info","message":"⌛ Validating codigoRaton.wlk","timeElapsed":315,"timestamp":"2026-09-23T11:46:31.405Z"}
{"level":"info","message":"⌛ Validating codigoRaton.wlk","timeElapsed":473,"timestamp":"2026-09-23T11:46:31.883Z"}
{"level":"info","message":"⌛ Validating codigoRaton.wlk","timeElapsed":393,"timestamp":"2026-09-23T11:46:32.283Z"}
{"level":"info","message":"⌛ Validating codigoRaton.wlk","timeElapsed":456,"timestamp":"2026-09-23T11:46:32.872Z"}
{"level":"info","message":"⌛ Building environment","timeElapsed":456,"timestamp":"2026-09-23T11:46:33.384Z"}
{"level":"info","message":"⌛ Building environment","timeElapsed":262,"timestamp":"2026-09-23T11:46:33.650Z"}
{"level":"info","message":"⌛ Building environment","timeElapsed":200,"timestamp":"2026-09-23T11:46:33.891Z"}
{"level":"info","message":"⌛ Building environment","timeElapsed":265,"timestamp":"2026-09-23T11:46:34.191Z"}
{"level":"info","message":"⌛ Building environment","timeElapsed":271,"timestamp":"2026-09-23T11:46:34.466Z"}
{"level":"info","message":"⌛ Building environment","timeElapsed":310,"timestamp":"2026-09-23T11:46:34.785Z"}
{"level":"info","message":"⌛ Building environment","timeElapsed":288,"timestamp":"2026-09-23T11:46:35.121Z"}
{"level":"info","message":"⌛ Building environment","timeElapsed":268,"timestamp":"2026-09-23T11:46:35.395Z"}
{"level":"info","message":"⌛ Building environment","timeElapsed":228,"timestamp":"2026-09-23T11:46:35.626Z"}
{"level":"info","message":"⌛ Building environment","timeElapsed":221,"timestamp":"2026-09-23T11:46:35.929Z"}
{"level":"info","message":"⌛ Building environment","timeElapsed":249,"timestamp":"2026-09-23T11:46:36.201Z"}
{"level":"info","message":"⌛ Building environment","timeElapsed":233,"timestamp":"2026-09-23T11:46:36.440Z"}
{"level":"info","message":"⌛ Validating codigoRaton.wlk","timeElapsed":341,"timestamp":"2026-09-23T11:46:36.914Z"}
{"level":"info","message":"⌛ Validating codigoRaton.wlk","timeElapsed":343,"timestamp":"2026-09-23T11:46:37.258Z"}
{"level":"info","message":"⌛ Validating codigoRaton.wlk","timeElapsed":416,"timestamp":"2026-09-23T11:46:37.695Z"}
{"level":"info","message":"⌛ Validating codigoRaton.wlk","timeElapsed":410,"timestamp":"2026-09-23T11:46:38.124Z"}
{"level":"info","message":"⌛ Validating codigoRaton.wlk","timeElapsed":416,"timestamp":"2026-09-23T11:46:38.544Z"}
{"level":"info","message":"⌛ Validating codigoRaton.wlk","timeElapsed":534,"timestamp":"2026-09-23T11:46:39.130Z"}
{"level":"info","message":"⌛ Validating codigoRaton.wlk","timeElapsed":584,"timestamp":"2026-09-23T11:46:39.752Z"}
{"level":"info","message":"⌛ Validating codigoRaton.wlk","timeElapsed":638,"timestamp":"2026-09-23T11:46:40.397Z"}
{"level":"info","message":"⌛ Validating codigoRaton.wlk","timeElapsed":346,"timestamp":"2026-09-23T11:46:40.745Z"}
{"level":"info","message":"⌛ Validating codigoRaton.wlk","timeElapsed":520,"timestamp":"2026-09-23T11:46:41.269Z"}
{"level":"info","message":"⌛ Validating codigoRaton.wlk","timeElapsed":305,"timestamp":"2026-09-23T11:46:41.575Z"}
{"level":"info","message":"⌛ Validating codigoRaton.wlk","timeElapsed":334,"timestamp":"2026-09-23T11:46:41.910Z"}
{"level":"info","message":"⌛ Building environment","timeElapsed":322,"timestamp":"2026-09-23T11:46:42.283Z"}
{"level":"info","message":"⌛ Building environment","timeElapsed":220,"timestamp":"2026-09-23T11:46:42.523Z"}
{"level":"info","message":"⌛ Validating codigoRaton.wlk","timeElapsed":368,"timestamp":"2026-09-23T11:46:42.924Z"}
{"level":"info","message":"⌛ Validating codigoRaton.wlk","timeElapsed":326,"timestamp":"2026-09-23T11:46:43.254Z"}
{"level":"info","message":"⌛ Building environment","timeElapsed":348,"timestamp":"2026-09-23T11:46:47.063Z"}
{"level":"info","message":"⌛ Building environment","timeElapsed":293,"timestamp":"2026-09-23T11:46:47.389Z"}
{"level":"info","message":"⌛ Validating codigoRaton.wlk","timeElapsed":425,"timestamp":"2026-09-23T11:46:47.816Z"}
{"level":"info","message":"⌛ Validating codigoRaton.wlk","timeElapsed":433,"timestamp":"2026-09-23T11:46:48.266Z"}
{"level":"info","message":"⌛ Building environment","timeElapsed":403,"timestamp":"2026-09-23T11:46:51.411Z"}
{"level":"info","message":"⌛ Autocomplete - Singleton","timeElapsed":139,"timestamp":"2026-09-23T11:46:51.602Z"}
{"level":"info","message":"⌛ Building environment","timeElapsed":480,"timestamp":"2026-09-23T11:46:52.087Z"}
{"level":"info","message":"⌛ Building environment","timeElapsed":189,"timestamp":"2026-09-23T11:46:52.413Z"}
{"level":"info","message":"⌛ Validating codigoRaton.wlk","timeElapsed":483,"timestamp":"2026-09-23T11:46:52.905Z"}
{"level":"info","message":"⌛ Building environment","timeElapsed":837,"timestamp":"2026-09-23T11:46:53.743Z"}
{"level":"info","message":"⌛ Building environment","timeElapsed":304,"timestamp":"2026-09-23T11:46:54.050Z"}
{"level":"error","message":"✘ Failed to rebuild document Failed to parse codigoRaton.wlk: \n-- PARSING FAILED --------------------------------------------------\n\n  17 |     method\n  18 | \n> 19 | }\n     | ^\n  20 | \n  21 | class Comida {\n\nExpected one of the following: \n\n'!=', '!==', '%', '&&', '*', '**', '+', '-', '->', '..', '..<', '/', '<', '<<', '<<<', '<=', '<=>', '<>', '==', '===', '>', '>..', '>=', '>>', '>>>', '?:', '@', 'and', 'class', 'const', 'describe', 'invert', 'mixin', 'negate', 'object', 'only', 'or', 'package', 'plus', 'program', 'test', 'var', '{', '||', EOF, comment, identifier, not \"}\r\n\r\n\", whitespace\n","stack":"Error: Failed to parse codigoRaton.wlk: \n-- PARSING FAILED --------------------------------------------------\n\n  17 |     method\n  18 | \n> 19 | }\n     | ^\n  20 | \n  21 | class Comida {\n\nExpected one of the following: \n\n'!=', '!==', '%', '&&', '*', '**', '+', '-', '->', '..', '..<', '/', '<', '<<', '<<<', '<=', '<=>', '<>', '==', '===', '>', '>..', '>=', '>>', '>>>', '?:', '@', 'and', 'class', 'const', 'describe', 'invert', 'mixin', 'negate', 'object', 'only', 'or', 'package', 'plus', 'program', 'test', 'var', '{', '||', EOF, comment, identifier, not \"}\r\n\r\n\", whitespace\n\n    at c:\\Users\\sotoj\\.vscode\\extensions\\uqbar.wollok-lsp-ide-0.5.5\\out\\server\\src\\server.js:2385:13026\n    at Array.map (<anonymous>)\n    at z1n (c:\\Users\\sotoj\\.vscode\\extensions\\uqbar.wollok-lsp-ide-0.5.5\\out\\server\\src\\server.js:2385:12950)\n    at H2.buildEnvironmentFrom (c:\\Users\\sotoj\\.vscode\\extensions\\uqbar.wollok-lsp-ide-0.5.5\\out\\server\\src\\server.js:2430:5254)\n    at H2.updateEnvironmentWith (c:\\Users\\sotoj\\.vscode\\extensions\\uqbar.wollok-lsp-ide-0.5.5\\out\\server\\src\\server.js:2430:4989)\n    at QF (c:\\Users\\sotoj\\.vscode\\extensions\\uqbar.wollok-lsp-ide-0.5.5\\out\\server\\src\\server.js:2430:7383)\n    at V3.invoke (c:\\Users\\sotoj\\.vscode\\extensions\\uqbar.wollok-lsp-ide-0.5.5\\out\\server\\src\\server.js:3:157330)\n    at o.fire (c:\\Users\\sotoj\\.vscode\\extensions\\uqbar.wollok-lsp-ide-0.5.5\\out\\server\\src\\server.js:3:158100)\n    at c:\\Users\\sotoj\\.vscode\\extensions\\uqbar.wollok-lsp-ide-0.5.5\\out\\server\\src\\server.js:37:57871\n    at nd (c:\\Users\\sotoj\\.vscode\\extensions\\uqbar.wollok-lsp-ide-0.5.5\\out\\server\\src\\server.js:8:1561)","timestamp":"2026-09-23T11:46:54.062Z"}
{"level":"error","message":"✘ Failed to rebuild document Failed to parse codigoRaton.wlk: \n-- PARSING FAILED --------------------------------------------------\n\n  17 |     method \n  18 | \n> 19 | }\n     | ^\n  20 | \n  21 | class Comida {\n\nExpected one of the following: \n\n'!=', '!==', '%', '&&', '*', '**', '+', '-', '->', '..', '..<', '/', '<', '<<', '<<<', '<=', '<=>', '<>', '==', '===', '>', '>..', '>=', '>>', '>>>', '?:', '@', 'and', 'class', 'const', 'describe', 'invert', 'mixin', 'negate', 'object', 'only', 'or', 'package', 'plus', 'program', 'test', 'var', '{', '||', EOF, comment, identifier, not \"}\r\n\r\n\", whitespace\n","stack":"Error: Failed to parse codigoRaton.wlk: \n-- PARSING FAILED --------------------------------------------------\n\n  17 |     method \n  18 | \n> 19 | }\n     | ^\n  20 | \n  21 | class Comida {\n\nExpected one of the following: \n\n'!=', '!==', '%', '&&', '*', '**', '+', '-', '->', '..', '..<', '/', '<', '<<', '<<<', '<=', '<=>', '<>', '==', '===', '>', '>..', '>=', '>>', '>>>', '?:', '@', 'and', 'class', 'const', 'describe', 'invert', 'mixin', 'negate', 'object', 'only', 'or', 'package', 'plus', 'program', 'test', 'var', '{', '||', EOF, comment, identifier, not \"}\r\n\r\n\", whitespace\n\n    at c:\\Users\\sotoj\\.vscode\\extensions\\uqbar.wollok-lsp-ide-0.5.5\\out\\server\\src\\server.js:2385:13026\n    at Array.map (<anonymous>)\n    at z1n (c:\\Users\\sotoj\\.vscode\\extensions\\uqbar.wollok-lsp-ide-0.5.5\\out\\server\\src\\server.js:2385:12950)\n    at H2.buildEnvironmentFrom (c:\\Users\\sotoj\\.vscode\\extensions\\uqbar.wollok-lsp-ide-0.5.5\\out\\server\\src\\server.js:2430:5254)\n    at H2.updateEnvironmentWith (c:\\Users\\sotoj\\.vscode\\extensions\\uqbar.wollok-lsp-ide-0.5.5\\out\\server\\src\\server.js:2430:4989)\n    at QF (c:\\Users\\sotoj\\.vscode\\extensions\\uqbar.wollok-lsp-ide-0.5.5\\out\\server\\src\\server.js:2430:7383)\n    at V3.invoke (c:\\Users\\sotoj\\.vscode\\extensions\\uqbar.wollok-lsp-ide-0.5.5\\out\\server\\src\\server.js:3:157330)\n    at o.fire (c:\\Users\\sotoj\\.vscode\\extensions\\uqbar.wollok-lsp-ide-0.5.5\\out\\server\\src\\server.js:3:158100)\n    at c:\\Users\\sotoj\\.vscode\\extensions\\uqbar.wollok-lsp-ide-0.5.5\\out\\server\\src\\server.js:37:57871\n    at nd (c:\\Users\\sotoj\\.vscode\\extensions\\uqbar.wollok-lsp-ide-0.5.5\\out\\server\\src\\server.js:8:1561)","timestamp":"2026-09-23T11:46:54.128Z"}
{"level":"info","message":"⌛ Validating codigoRaton.wlk","timeElapsed":454,"timestamp":"2026-09-23T11:46:54.583Z"}
{"level":"info","message":"⌛ Building environment","timeElapsed":205,"timestamp":"2026-09-23T11:46:54.809Z"}
{"level":"info","message":"⌛ Validating codigoRaton.wlk","timeElapsed":310,"timestamp":"2026-09-23T11:46:55.122Z"}
{"level":"info","message":"⌛ Building environment","timeElapsed":271,"timestamp":"2026-09-23T11:46:55.482Z"}
{"level":"info","message":"⌛ Autocomplete - Method","timeElapsed":104,"timestamp":"2026-09-23T11:46:55.605Z"}
{"level":"info","message":"⌛ Building environment","timeElapsed":326,"timestamp":"2026-09-23T11:46:55.936Z"}
{"level":"info","message":"⌛ Building environment","timeElapsed":191,"timestamp":"2026-09-23T11:46:56.129Z"}
{"level":"info","message":"⌛ Building environment","timeElapsed":213,"timestamp":"2026-09-23T11:46:56.399Z"}
{"level":"info","message":"⌛ Validating codigoRaton.wlk","timeElapsed":462,"timestamp":"2026-09-23T11:46:56.882Z"}
{"level":"info","message":"⌛ Building environment","timeElapsed":481,"timestamp":"2026-09-23T11:46:57.364Z"}
{"level":"info","message":"⌛ Validating codigoRaton.wlk","timeElapsed":832,"timestamp":"2026-09-23T11:46:58.198Z"}
{"level":"info","message":"⌛ Building environment","timeElapsed":401,"timestamp":"2026-09-23T11:46:58.605Z"}
{"level":"info","message":"⌛ Validating codigoRaton.wlk","timeElapsed":321,"timestamp":"2026-09-23T11:46:59.054Z"}
{"level":"info","message":"⌛ Validating codigoRaton.wlk","timeElapsed":388,"timestamp":"2026-09-23T11:46:59.456Z"}
{"level":"info","message":"⌛ Building environment","timeElapsed":408,"timestamp":"2026-09-23T11:46:59.867Z"}
{"level":"info","message":"⌛ Building environment","timeElapsed":332,"timestamp":"2026-09-23T11:47:00.259Z"}
{"level":"info","message":"⌛ Validating codigoRaton.wlk","timeElapsed":543,"timestamp":"2026-09-23T11:47:00.804Z"}
{"level":"info","message":"⌛ Validating codigoRaton.wlk","timeElapsed":542,"timestamp":"2026-09-23T11:47:01.357Z"}
{"level":"info","message":"⌛ Validating codigoRaton.wlk","timeElapsed":315,"timestamp":"2026-09-23T11:47:01.680Z"}
{"level":"info","message":"⌛ Building environment","timeElapsed":227,"timestamp":"2026-09-23T11:47:01.917Z"}
{"level":"info","message":"⌛ Autocomplete - Method","timeElapsed":112,"timestamp":"2026-09-23T11:47:02.040Z"}
{"level":"info","message":"⌛ Building environment","timeElapsed":514,"timestamp":"2026-09-23T11:47:02.555Z"}
{"level":"info","message":"⌛ Building environment","timeElapsed":182,"timestamp":"2026-09-23T11:47:02.741Z"}
{"level":"info","message":"⌛ Validating codigoRaton.wlk","timeElapsed":339,"timestamp":"2026-09-23T11:47:03.302Z"}
{"level":"info","message":"⌛ Building environment","timeElapsed":477,"timestamp":"2026-09-23T11:47:03.786Z"}
{"level":"info","message":"⌛ Building environment","timeElapsed":282,"timestamp":"2026-09-23T11:47:04.073Z"}
{"level":"info","message":"⌛ Building environment","timeElapsed":226,"timestamp":"2026-09-23T11:47:04.318Z"}
{"level":"info","message":"⌛ Building environment","timeElapsed":295,"timestamp":"2026-09-23T11:47:04.672Z"}
{"level":"info","message":"⌛ Validating codigoRaton.wlk","timeElapsed":374,"timestamp":"2026-09-23T11:47:05.051Z"}
{"level":"info","message":"⌛ Building environment","timeElapsed":151,"timestamp":"2026-09-23T11:47:05.237Z"}
{"level":"info","message":"⌛ Validating codigoRaton.wlk","timeElapsed":372,"timestamp":"2026-09-23T11:47:05.620Z"}
{"level":"info","message":"⌛ Validating codigoRaton.wlk","timeElapsed":327,"timestamp":"2026-09-23T11:47:05.948Z"}
{"level":"info","message":"⌛ Validating codigoRaton.wlk","timeElapsed":443,"timestamp":"2026-09-23T11:47:06.402Z"}
{"level":"info","message":"⌛ Validating codigoRaton.wlk","timeElapsed":320,"timestamp":"2026-09-23T11:47:06.723Z"}
{"level":"info","message":"⌛ Validating codigoRaton.wlk","timeElapsed":337,"timestamp":"2026-09-23T11:47:07.060Z"}
{"level":"info","message":"⌛ Validating codigoRaton.wlk","timeElapsed":388,"timestamp":"2026-09-23T11:47:07.458Z"}
{"level":"info","message":"⌛ Validating codigoRaton.wlk","timeElapsed":292,"timestamp":"2026-09-23T11:47:07.758Z"}
{"level":"info","message":"⌛ Validating codigoRaton.wlk","timeElapsed":253,"timestamp":"2026-09-23T11:47:08.018Z"}
{"level":"info","message":"⌛ Validating codigoRaton.wlk","timeElapsed":242,"timestamp":"2026-09-23T11:47:08.263Z"}
{"level":"info","message":"⌛ Validating codigoRaton.wlk","timeElapsed":222,"timestamp":"2026-09-23T11:47:08.491Z"}
{"level":"info","message":"⌛ Building environment","timeElapsed":143,"timestamp":"2026-09-23T11:47:08.649Z"}
{"level":"info","message":"⌛ Building environment","timeElapsed":166,"timestamp":"2026-09-23T11:47:08.826Z"}
{"level":"info","message":"⌛ Building environment","timeElapsed":338,"timestamp":"2026-09-23T11:47:09.167Z"}
{"level":"info","message":"⌛ Building environment","timeElapsed":170,"timestamp":"2026-09-23T11:47:09.369Z"}
{"level":"info","message":"⌛ Validating codigoRaton.wlk","timeElapsed":212,"timestamp":"2026-09-23T11:47:09.608Z"}
{"level":"info","message":"⌛ Validating codigoRaton.wlk","timeElapsed":199,"timestamp":"2026-09-23T11:47:09.814Z"}
{"level":"info","message":"⌛ Validating codigoRaton.wlk","timeElapsed":343,"timestamp":"2026-09-23T11:47:10.240Z"}
{"level":"info","message":"⌛ Validating codigoRaton.wlk","timeElapsed":176,"timestamp":"2026-09-23T11:47:10.422Z"}
{"level":"info","message":"⌛ Building environment","timeElapsed":212,"timestamp":"2026-09-23T11:47:29.482Z"}
{"level":"info","message":"⌛ Building environment","timeElapsed":146,"timestamp":"2026-09-23T11:47:29.661Z"}
{"level":"info","message":"⌛ Validating codigoRaton.wlk","timeElapsed":202,"timestamp":"2026-09-23T11:47:29.866Z"}
{"level":"info","message":"⌛ Validating codigoRaton.wlk","timeElapsed":210,"timestamp":"2026-09-23T11:47:30.078Z"}
{"level":"info","message":"⌛ Building environment","timeElapsed":160,"timestamp":"2026-09-23T11:47:31.047Z"}
{"level":"info","message":"⌛ Validating codigoRaton.wlk","timeElapsed":234,"timestamp":"2026-09-23T11:47:31.663Z"}
{"level":"info","message":"⌛ Building environment","timeElapsed":176,"timestamp":"2026-09-23T11:47:31.843Z"}
{"level":"info","message":"⌛ Building environment","timeElapsed":180,"timestamp":"2026-09-23T11:47:32.055Z"}
{"level":"info","message":"⌛ Validating codigoRaton.wlk","timeElapsed":192,"timestamp":"2026-09-23T11:47:32.254Z"}
{"level":"info","message":"⌛ Building environment","timeElapsed":137,"timestamp":"2026-09-23T11:47:32.398Z"}
{"level":"info","message":"⌛ Validating codigoRaton.wlk","timeElapsed":197,"timestamp":"2026-09-23T11:47:32.597Z"}
{"level":"info","message":"⌛ Validating codigoRaton.wlk","timeElapsed":150,"timestamp":"2026-09-23T11:47:32.770Z"}
{"level":"info","message":"⌛ Building environment","timeElapsed":372,"timestamp":"2026-09-23T11:47:33.508Z"}
{"level":"info","message":"⌛ Validating codigoRaton.wlk","timeElapsed":298,"timestamp":"2026-09-23T11:47:33.934Z"}
{"level":"info","message":"⌛ Building environment","timeElapsed":259,"timestamp":"2026-09-23T11:47:34.277Z"}
{"level":"info","message":"⌛ Building environment","timeElapsed":503,"timestamp":"2026-09-23T11:47:34.954Z"}
{"level":"info","message":"⌛ Validating codigoRaton.wlk","timeElapsed":381,"timestamp":"2026-09-23T11:47:35.346Z"}
{"level":"info","message":"⌛ Building environment","timeElapsed":242,"timestamp":"2026-09-23T11:47:35.596Z"}
{"level":"info","message":"⌛ Building environment","timeElapsed":172,"timestamp":"2026-09-23T11:47:35.770Z"}
{"level":"info","message":"⌛ Building environment","timeElapsed":289,"timestamp":"2026-09-23T11:47:36.060Z"}
{"level":"info","message":"⌛ Building environment","timeElapsed":297,"timestamp":"2026-09-23T11:47:36.360Z"}
{"level":"info","message":"⌛ Building environment","timeElapsed":413,"timestamp":"2026-09-23T11:47:36.817Z"}
{"level":"info","message":"⌛ Validating codigoRaton.wlk","timeElapsed":554,"timestamp":"2026-09-23T11:47:37.372Z"}
{"level":"info","message":"⌛ Validating codigoRaton.wlk","timeElapsed":293,"timestamp":"2026-09-23T11:47:37.676Z"}
{"level":"info","message":"⌛ Validating codigoRaton.wlk","timeElapsed":284,"timestamp":"2026-09-23T11:47:37.966Z"}
{"level":"info","message":"⌛ Building environment","timeElapsed":170,"timestamp":"2026-09-23T11:47:38.139Z"}
{"level":"info","message":"⌛ Validating codigoRaton.wlk","timeElapsed":233,"timestamp":"2026-09-23T11:47:38.449Z"}
{"level":"info","message":"⌛ Building environment","timeElapsed":219,"timestamp":"2026-09-23T11:47:38.703Z"}
{"level":"info","message":"⌛ Validating codigoRaton.wlk","timeElapsed":278,"timestamp":"2026-09-23T11:47:39.002Z"}
{"level":"info","message":"⌛ Building environment","timeElapsed":393,"timestamp":"2026-09-23T11:47:39.447Z"}
{"level":"info","message":"⌛ Building environment","timeElapsed":282,"timestamp":"2026-09-23T11:47:39.733Z"}
{"level":"info","message":"⌛ Building environment","timeElapsed":203,"timestamp":"2026-09-23T11:47:39.940Z"}
{"level":"info","message":"⌛ Validating codigoRaton.wlk","timeElapsed":289,"timestamp":"2026-09-23T11:47:40.232Z"}
{"level":"info","message":"⌛ Building environment","timeElapsed":325,"timestamp":"2026-09-23T11:47:40.563Z"}
{"level":"info","message":"⌛ Validating codigoRaton.wlk","timeElapsed":225,"timestamp":"2026-09-23T11:47:40.818Z"}
{"level":"info","message":"⌛ Validating codigoRaton.wlk","timeElapsed":257,"timestamp":"2026-09-23T11:47:41.078Z"}
{"level":"info","message":"⌛ Validating codigoRaton.wlk","timeElapsed":250,"timestamp":"2026-09-23T11:47:41.336Z"}
{"level":"info","message":"⌛ Validating codigoRaton.wlk","timeElapsed":261,"timestamp":"2026-09-23T11:47:41.605Z"}
{"level":"info","message":"⌛ Validating codigoRaton.wlk","timeElapsed":269,"timestamp":"2026-09-23T11:47:41.874Z"}
{"level":"info","message":"⌛ Validating codigoRaton.wlk","timeElapsed":253,"timestamp":"2026-09-23T11:47:42.135Z"}
{"level":"info","message":"⌛ Building environment","timeElapsed":165,"timestamp":"2026-09-23T11:47:43.683Z"}
{"level":"info","message":"⌛ Validating codigoRaton.wlk","timeElapsed":208,"timestamp":"2026-09-23T11:47:43.970Z"}
{"level":"info","message":"⌛ Building environment","timeElapsed":243,"timestamp":"2026-09-23T11:47:44.645Z"}
{"level":"info","message":"⌛ Building environment","timeElapsed":197,"timestamp":"2026-09-23T11:47:44.844Z"}
{"level":"info","message":"⌛ Validating codigoRaton.wlk","timeElapsed":249,"timestamp":"2026-09-23T11:47:45.112Z"}
{"level":"info","message":"⌛ Validating codigoRaton.wlk","timeElapsed":188,"timestamp":"2026-09-23T11:47:45.320Z"}
{"level":"info","message":"⌛ Building environment","timeElapsed":295,"timestamp":"2026-09-23T11:50:10.901Z"}
{"level":"info","message":"⌛ Building environment","timeElapsed":267,"timestamp":"2026-09-23T11:50:11.171Z"}
{"level":"info","message":"⌛ Validating codigoRaton.wlk","timeElapsed":328,"timestamp":"2026-09-23T11:50:11.503Z"}
{"level":"info","message":"⌛ Validating codigoRaton.wlk","timeElapsed":320,"timestamp":"2026-09-23T11:50:11.826Z"}
{"level":"info","message":"⌛ Building environment","timeElapsed":575,"timestamp":"2026-09-23T11:50:12.411Z"}
{"level":"info","message":"⌛ Building environment","timeElapsed":203,"timestamp":"2026-09-23T11:50:12.666Z"}
{"level":"info","message":"⌛ Validating codigoRaton.wlk","timeElapsed":359,"timestamp":"2026-09-23T11:50:13.046Z"}
{"level":"info","message":"⌛ Building environment","timeElapsed":216,"timestamp":"2026-09-23T11:50:13.268Z"}
{"level":"info","message":"⌛ Validating codigoRaton.wlk","timeElapsed":257,"timestamp":"2026-09-23T11:50:13.528Z"}
{"level":"info","message":"⌛ Building environment","timeElapsed":159,"timestamp":"2026-09-23T11:50:13.693Z"}
{"level":"info","message":"⌛ Building environment","timeElapsed":195,"timestamp":"2026-09-23T11:50:13.901Z"}
{"level":"error","message":"✘ Failed to rebuild document Failed to parse codigoRaton.wlk: \n-- PARSING FAILED --------------------------------------------------\n\n  14 | \n  15 |     method\n> 16 | }\n     | ^\n  17 | \n  18 | object raton {\n\nExpected one of the following: \n\n'!=', '!==', '%', '&&', '*', '**', '+', '-', '->', '..', '..<', '/', '<', '<<', '<<<', '<=', '<=>', '<>', '==', '===', '>', '>..', '>=', '>>', '>>>', '?:', 'and', 'invert', 'negate', 'or', 'plus', '||', identifier, whitespace\n","stack":"Error: Failed to parse codigoRaton.wlk: \n-- PARSING FAILED --------------------------------------------------\n\n  14 | \n  15 |     method\n> 16 | }\n     | ^\n  17 | \n  18 | object raton {\n\nExpected one of the following: \n\n'!=', '!==', '%', '&&', '*', '**', '+', '-', '->', '..', '..<', '/', '<', '<<', '<<<', '<=', '<=>', '<>', '==', '===', '>', '>..', '>=', '>>', '>>>', '?:', 'and', 'invert', 'negate', 'or', 'plus', '||', identifier, whitespace\n\n    at c:\\Users\\sotoj\\.vscode\\extensions\\uqbar.wollok-lsp-ide-0.5.5\\out\\server\\src\\server.js:2385:13026\n    at Array.map (<anonymous>)\n    at z1n (c:\\Users\\sotoj\\.vscode\\extensions\\uqbar.wollok-lsp-ide-0.5.5\\out\\server\\src\\server.js:2385:12950)\n    at H2.buildEnvironmentFrom (c:\\Users\\sotoj\\.vscode\\extensions\\uqbar.wollok-lsp-ide-0.5.5\\out\\server\\src\\server.js:2430:5254)\n    at H2.updateEnvironmentWith (c:\\Users\\sotoj\\.vscode\\extensions\\uqbar.wollok-lsp-ide-0.5.5\\out\\server\\src\\server.js:2430:4989)\n    at QF (c:\\Users\\sotoj\\.vscode\\extensions\\uqbar.wollok-lsp-ide-0.5.5\\out\\server\\src\\server.js:2430:7383)\n    at V3.invoke (c:\\Users\\sotoj\\.vscode\\extensions\\uqbar.wollok-lsp-ide-0.5.5\\out\\server\\src\\server.js:3:157330)\n    at o.fire (c:\\Users\\sotoj\\.vscode\\extensions\\uqbar.wollok-lsp-ide-0.5.5\\out\\server\\src\\server.js:3:158100)\n    at c:\\Users\\sotoj\\.vscode\\extensions\\uqbar.wollok-lsp-ide-0.5.5\\out\\server\\src\\server.js:37:57871\n    at nd (c:\\Users\\sotoj\\.vscode\\extensions\\uqbar.wollok-lsp-ide-0.5.5\\out\\server\\src\\server.js:8:1561)","timestamp":"2026-09-23T11:50:14.216Z"}
{"level":"info","message":"⌛ Validating codigoRaton.wlk","timeElapsed":324,"timestamp":"2026-09-23T11:50:14.542Z"}
{"level":"error","message":"✘ Failed to rebuild document Failed to parse codigoRaton.wlk: \n-- PARSING FAILED --------------------------------------------------\n\n  14 | \n  15 |     method \n> 16 | }\n     | ^\n  17 | \n  18 | object raton {\n\nExpected one of the following: \n\n'!=', '!==', '%', '&&', '*', '**', '+', '-', '->', '..', '..<', '/', '<', '<<', '<<<', '<=', '<=>', '<>', '==', '===', '>', '>..', '>=', '>>', '>>>', '?:', 'and', 'invert', 'negate', 'or', 'plus', '||', identifier, whitespace\n","stack":"Error: Failed to parse codigoRaton.wlk: \n-- PARSING FAILED --------------------------------------------------\n\n  14 | \n  15 |     method \n> 16 | }\n     | ^\n  17 | \n  18 | object raton {\n\nExpected one of the following: \n\n'!=', '!==', '%', '&&', '*', '**', '+', '-', '->', '..', '..<', '/', '<', '<<', '<<<', '<=', '<=>', '<>', '==', '===', '>', '>..', '>=', '>>', '>>>', '?:', 'and', 'invert', 'negate', 'or', 'plus', '||', identifier, whitespace\n\n    at c:\\Users\\sotoj\\.vscode\\extensions\\uqbar.wollok-lsp-ide-0.5.5\\out\\server\\src\\server.js:2385:13026\n    at Array.map (<anonymous>)\n    at z1n (c:\\Users\\sotoj\\.vscode\\extensions\\uqbar.wollok-lsp-ide-0.5.5\\out\\server\\src\\server.js:2385:12950)\n    at H2.buildEnvironmentFrom (c:\\Users\\sotoj\\.vscode\\extensions\\uqbar.wollok-lsp-ide-0.5.5\\out\\server\\src\\server.js:2430:5254)\n    at H2.updateEnvironmentWith (c:\\Users\\sotoj\\.vscode\\extensions\\uqbar.wollok-lsp-ide-0.5.5\\out\\server\\src\\server.js:2430:4989)\n    at QF (c:\\Users\\sotoj\\.vscode\\extensions\\uqbar.wollok-lsp-ide-0.5.5\\out\\server\\src\\server.js:2430:7383)\n    at V3.invoke (c:\\Users\\sotoj\\.vscode\\extensions\\uqbar.wollok-lsp-ide-0.5.5\\out\\server\\src\\server.js:3:157330)\n    at o.fire (c:\\Users\\sotoj\\.vscode\\extensions\\uqbar.wollok-lsp-ide-0.5.5\\out\\server\\src\\server.js:3:158100)\n    at c:\\Users\\sotoj\\.vscode\\extensions\\uqbar.wollok-lsp-ide-0.5.5\\out\\server\\src\\server.js:37:57871\n    at nd (c:\\Users\\sotoj\\.vscode\\extensions\\uqbar.wollok-lsp-ide-0.5.5\\out\\server\\src\\server.js:8:1561)","timestamp":"2026-09-23T11:50:14.573Z"}
{"level":"info","message":"⌛ Validating codigoRaton.wlk","timeElapsed":358,"timestamp":"2026-09-23T11:50:14.963Z"}
{"level":"info","message":"⌛ Building environment","timeElapsed":297,"timestamp":"2026-09-23T11:50:15.266Z"}
{"level":"info","message":"⌛ Validating codigoRaton.wlk","timeElapsed":224,"timestamp":"2026-09-23T11:50:15.498Z"}
{"level":"info","message":"⌛ Building environment","timeElapsed":205,"timestamp":"2026-09-23T11:50:15.704Z"}
{"level":"info","message":"⌛ Building environment","timeElapsed":455,"timestamp":"2026-09-23T11:50:16.221Z"}
{"level":"info","message":"⌛ Building environment","timeElapsed":484,"timestamp":"2026-09-23T11:50:16.706Z"}
{"level":"info","message":"⌛ Building environment","timeElapsed":159,"timestamp":"2026-09-23T11:50:16.892Z"}
{"level":"info","message":"⌛ Building environment","timeElapsed":326,"timestamp":"2026-09-23T11:50:17.223Z"}
{"level":"info","message":"⌛ Building environment","timeElapsed":186,"timestamp":"2026-09-23T11:50:17.437Z"}
{"level":"info","message":"⌛ Validating codigoRaton.wlk","timeElapsed":280,"timestamp":"2026-09-23T11:50:17.747Z"}
{"level":"info","message":"⌛ Building environment","timeElapsed":177,"timestamp":"2026-09-23T11:50:17.931Z"}
{"level":"info","message":"⌛ Validating codigoRaton.wlk","timeElapsed":213,"timestamp":"2026-09-23T11:50:18.147Z"}
{"level":"info","message":"⌛ Building environment","timeElapsed":179,"timestamp":"2026-09-23T11:50:18.379Z"}
{"level":"info","message":"⌛ Building environment","timeElapsed":402,"timestamp":"2026-09-23T11:50:18.791Z"}
{"level":"info","message":"⌛ Building environment","timeElapsed":165,"timestamp":"2026-09-23T11:50:18.959Z"}
{"level":"info","message":"⌛ Building environment","timeElapsed":145,"timestamp":"2026-09-23T11:50:19.105Z"}
{"level":"info","message":"⌛ Validating codigoRaton.wlk","timeElapsed":195,"timestamp":"2026-09-23T11:50:19.336Z"}
{"level":"info","message":"⌛ Building environment","timeElapsed":332,"timestamp":"2026-09-23T11:50:19.735Z"}
{"level":"info","message":"⌛ Building environment","timeElapsed":153,"timestamp":"2026-09-23T11:50:19.950Z"}
{"level":"info","message":"⌛ Validating codigoRaton.wlk","timeElapsed":228,"timestamp":"2026-09-23T11:50:20.180Z"}
{"level":"info","message":"⌛ Validating codigoRaton.wlk","timeElapsed":205,"timestamp":"2026-09-23T11:50:20.405Z"}
{"level":"info","message":"⌛ Building environment","timeElapsed":137,"timestamp":"2026-09-23T11:50:20.547Z"}
{"level":"info","message":"⌛ Building environment","timeElapsed":129,"timestamp":"2026-09-23T11:50:20.695Z"}
{"level":"info","message":"⌛ Validating codigoRaton.wlk","timeElapsed":232,"timestamp":"2026-09-23T11:50:20.950Z"}
{"level":"info","message":"⌛ Validating codigoRaton.wlk","timeElapsed":168,"timestamp":"2026-09-23T11:50:21.133Z"}
{"level":"info","message":"⌛ Validating codigoRaton.wlk","timeElapsed":187,"timestamp":"2026-09-23T11:50:21.321Z"}
{"level":"info","message":"⌛ Building environment","timeElapsed":147,"timestamp":"2026-09-23T11:50:21.474Z"}
{"level":"info","message":"⌛ Validating codigoRaton.wlk","timeElapsed":202,"timestamp":"2026-09-23T11:50:21.678Z"}
{"level":"info","message":"⌛ Building environment","timeElapsed":146,"timestamp":"2026-09-23T11:50:21.837Z"}
{"level":"info","message":"⌛ Building environment","timeElapsed":158,"timestamp":"2026-09-23T11:50:21.997Z"}
{"level":"info","message":"⌛ Validating codigoRaton.wlk","timeElapsed":205,"timestamp":"2026-09-23T11:50:22.205Z"}
{"level":"info","message":"⌛ Validating codigoRaton.wlk","timeElapsed":433,"timestamp":"2026-09-23T11:50:22.751Z"}
{"level":"info","message":"⌛ Validating codigoRaton.wlk","timeElapsed":176,"timestamp":"2026-09-23T11:50:22.935Z"}
{"level":"info","message":"⌛ Validating codigoRaton.wlk","timeElapsed":256,"timestamp":"2026-09-23T11:50:23.194Z"}
{"level":"info","message":"⌛ Validating codigoRaton.wlk","timeElapsed":275,"timestamp":"2026-09-23T11:50:23.470Z"}
{"level":"info","message":"⌛ Validating codigoRaton.wlk","timeElapsed":207,"timestamp":"2026-09-23T11:50:23.687Z"}
{"level":"info","message":"⌛ Validating codigoRaton.wlk","timeElapsed":179,"timestamp":"2026-09-23T11:50:23.884Z"}
{"level":"info","message":"⌛ Validating codigoRaton.wlk","timeElapsed":200,"timestamp":"2026-09-23T11:50:24.109Z"}
{"level":"info","message":"⌛ Validating codigoRaton.wlk","timeElapsed":255,"timestamp":"2026-09-23T11:50:24.367Z"}
{"level":"info","message":"⌛ Validating codigoRaton.wlk","timeElapsed":277,"timestamp":"2026-09-23T11:50:24.655Z"}
{"level":"info","message":"⌛ Building environment","timeElapsed":145,"timestamp":"2026-09-23T11:50:24.807Z"}
{"level":"info","message":"⌛ Building environment","timeElapsed":159,"timestamp":"2026-09-23T11:50:25.025Z"}
{"level":"info","message":"⌛ Building environment","timeElapsed":140,"timestamp":"2026-09-23T11:50:25.182Z"}
{"level":"info","message":"⌛ Building environment","timeElapsed":596,"timestamp":"2026-09-23T11:50:25.863Z"}
{"level":"info","message":"⌛ Validating codigoRaton.wlk","timeElapsed":285,"timestamp":"2026-09-23T11:50:26.152Z"}
{"level":"info","message":"⌛ Validating codigoRaton.wlk","timeElapsed":213,"timestamp":"2026-09-23T11:50:26.537Z"}
{"level":"info","message":"⌛ Building environment","timeElapsed":188,"timestamp":"2026-09-23T11:50:26.727Z"}
{"level":"info","message":"⌛ Validating codigoRaton.wlk","timeElapsed":351,"timestamp":"2026-09-23T11:50:27.127Z"}
{"level":"info","message":"⌛ Building environment","timeElapsed":163,"timestamp":"2026-09-23T11:50:27.299Z"}
{"level":"info","message":"⌛ Validating codigoRaton.wlk","timeElapsed":211,"timestamp":"2026-09-23T11:50:27.532Z"}
{"level":"info","message":"⌛ Building environment","timeElapsed":219,"timestamp":"2026-09-23T11:50:27.754Z"}
{"level":"info","message":"⌛ Validating codigoRaton.wlk","timeElapsed":550,"timestamp":"2026-09-23T11:50:28.371Z"}
{"level":"info","message":"⌛ Building environment","timeElapsed":196,"timestamp":"2026-09-23T11:50:28.579Z"}
{"level":"info","message":"⌛ Validating codigoRaton.wlk","timeElapsed":213,"timestamp":"2026-09-23T11:50:28.798Z"}
{"level":"info","message":"⌛ Building environment","timeElapsed":145,"timestamp":"2026-09-23T11:50:28.964Z"}
{"level":"info","message":"⌛ Validating codigoRaton.wlk","timeElapsed":284,"timestamp":"2026-09-23T11:50:29.250Z"}
{"level":"info","message":"⌛ Building environment","timeElapsed":159,"timestamp":"2026-09-23T11:50:29.410Z"}
{"level":"info","message":"⌛ Building environment","timeElapsed":145,"timestamp":"2026-09-23T11:50:29.570Z"}
{"level":"info","message":"⌛ Validating codigoRaton.wlk","timeElapsed":194,"timestamp":"2026-09-23T11:50:29.782Z"}
{"level":"info","message":"⌛ Validating codigoRaton.wlk","timeElapsed":254,"timestamp":"2026-09-23T11:50:30.046Z"}
{"level":"info","message":"⌛ Building environment","timeElapsed":265,"timestamp":"2026-09-23T11:50:30.312Z"}
{"level":"info","message":"⌛ Validating codigoRaton.wlk","timeElapsed":242,"timestamp":"2026-09-23T11:50:30.565Z"}
{"level":"info","message":"⌛ Validating codigoRaton.wlk","timeElapsed":209,"timestamp":"2026-09-23T11:50:30.845Z"}
{"level":"info","message":"⌛ Building environment","timeElapsed":187,"timestamp":"2026-09-23T11:50:31.039Z"}
{"level":"info","message":"⌛ Building environment","timeElapsed":166,"timestamp":"2026-09-23T11:50:31.211Z"}
{"level":"info","message":"⌛ Building environment","timeElapsed":147,"timestamp":"2026-09-23T11:50:31.360Z"}
{"level":"info","message":"⌛ Validating codigoRaton.wlk","timeElapsed":193,"timestamp":"2026-09-23T11:50:31.591Z"}
{"level":"info","message":"⌛ Building environment","timeElapsed":150,"timestamp":"2026-09-23T11:50:31.745Z"}
{"level":"info","message":"⌛ Validating codigoRaton.wlk","timeElapsed":204,"timestamp":"2026-09-23T11:50:31.968Z"}
{"level":"info","message":"⌛ Validating codigoRaton.wlk","timeElapsed":188,"timestamp":"2026-09-23T11:50:32.164Z"}
{"level":"info","message":"⌛ Validating codigoRaton.wlk","timeElapsed":203,"timestamp":"2026-09-23T11:50:32.368Z"}
{"level":"info","message":"⌛ Validating codigoRaton.wlk","timeElapsed":202,"timestamp":"2026-09-23T11:50:32.572Z"}
{"level":"info","message":"⌛ Building environment","timeElapsed":147,"timestamp":"2026-09-23T11:51:04.408Z"}
{"level":"info","message":"⌛ Validating codigoRaton.wlk","timeElapsed":201,"timestamp":"2026-09-23T11:51:04.611Z"}
{"level":"info","message":"⌛ Building environment","timeElapsed":165,"timestamp":"2026-09-23T11:51:04.821Z"}
{"level":"info","message":"⌛ Validating codigoRaton.wlk","timeElapsed":263,"timestamp":"2026-09-23T11:51:05.087Z"}
{"level":"info","message":"⌛ Building environment","timeElapsed":238,"timestamp":"2026-09-23T11:51:05.327Z"}
{"level":"info","message":"⌛ Building environment","timeElapsed":145,"timestamp":"2026-09-23T11:51:05.481Z"}
{"level":"info","message":"⌛ Validating codigoRaton.wlk","timeElapsed":211,"timestamp":"2026-09-23T11:51:05.742Z"}
{"level":"info","message":"⌛ Validating codigoRaton.wlk","timeElapsed":216,"timestamp":"2026-09-23T11:51:06.074Z"}
{"level":"info","message":"⌛ Building environment","timeElapsed":257,"timestamp":"2026-09-23T11:51:06.336Z"}
{"level":"info","message":"⌛ Validating codigoRaton.wlk","timeElapsed":214,"timestamp":"2026-09-23T11:51:06.577Z"}
{"level":"info","message":"⌛ Building environment","timeElapsed":147,"timestamp":"2026-09-23T11:51:07.020Z"}
{"level":"info","message":"⌛ Validating codigoRaton.wlk","timeElapsed":332,"timestamp":"2026-09-23T11:51:07.362Z"}
{"level":"info","message":"⌛ Building environment","timeElapsed":174,"timestamp":"2026-09-23T11:51:07.546Z"}
{"level":"info","message":"⌛ Building environment","timeElapsed":169,"timestamp":"2026-09-23T11:51:07.734Z"}
{"level":"info","message":"⌛ Building environment","timeElapsed":186,"timestamp":"2026-09-23T11:51:07.926Z"}
{"level":"info","message":"⌛ Validating codigoRaton.wlk","timeElapsed":197,"timestamp":"2026-09-23T11:51:08.126Z"}
{"level":"info","message":"⌛ Validating codigoRaton.wlk","timeElapsed":198,"timestamp":"2026-09-23T11:51:08.334Z"}
{"level":"info","message":"⌛ Building environment","timeElapsed":178,"timestamp":"2026-09-23T11:51:08.525Z"}
{"level":"info","message":"⌛ Validating codigoRaton.wlk","timeElapsed":202,"timestamp":"2026-09-23T11:51:08.835Z"}
{"level":"info","message":"⌛ Building environment","timeElapsed":347,"timestamp":"2026-09-23T11:51:09.218Z"}
{"level":"info","message":"⌛ Validating codigoRaton.wlk","timeElapsed":226,"timestamp":"2026-09-23T11:51:09.446Z"}
{"level":"info","message":"⌛ Validating codigoRaton.wlk","timeElapsed":168,"timestamp":"2026-09-23T11:51:09.637Z"}
{"level":"info","message":"⌛ Building environment","timeElapsed":235,"timestamp":"2026-09-23T11:51:13.226Z"}
{"level":"info","message":"⌛ Autocomplete - Reference","timeElapsed":121,"timestamp":"2026-09-23T11:51:13.393Z"}
{"level":"info","message":"⌛ Building environment","timeElapsed":443,"timestamp":"2026-09-23T11:51:13.844Z"}
{"level":"info","message":"⌛ Validating codigoRaton.wlk","timeElapsed":482,"timestamp":"2026-09-23T11:51:14.337Z"}
{"level":"info","message":"⌛ Building environment","timeElapsed":306,"timestamp":"2026-09-23T11:51:14.650Z"}
{"level":"info","message":"⌛ Building environment","timeElapsed":333,"timestamp":"2026-09-23T11:51:15.035Z"}
{"level":"info","message":"⌛ Building environment","timeElapsed":319,"timestamp":"2026-09-23T11:51:15.531Z"}
{"level":"info","message":"⌛ Building environment","timeElapsed":198,"timestamp":"2026-09-23T11:51:15.735Z"}
{"level":"info","message":"⌛ Validating codigoRaton.wlk","timeElapsed":278,"timestamp":"2026-09-23T11:51:16.014Z"}
{"level":"info","message":"⌛ Building environment","timeElapsed":344,"timestamp":"2026-09-23T11:51:16.384Z"}
{"level":"info","message":"⌛ Building environment","timeElapsed":213,"timestamp":"2026-09-23T11:51:16.599Z"}
{"level":"info","message":"⌛ Validating codigoRaton.wlk","timeElapsed":244,"timestamp":"2026-09-23T11:51:16.868Z"}
{"level":"info","message":"⌛ Building environment","timeElapsed":169,"timestamp":"2026-09-23T11:51:17.043Z"}
{"level":"info","message":"⌛ Building environment","timeElapsed":145,"timestamp":"2026-09-23T11:51:17.215Z"}
{"level":"info","message":"⌛ Validating codigoRaton.wlk","timeElapsed":752,"timestamp":"2026-09-23T11:51:17.969Z"}
{"level":"info","message":"⌛ Building environment","timeElapsed":291,"timestamp":"2026-09-23T11:51:18.310Z"}
{"level":"info","message":"⌛ Building environment","timeElapsed":151,"timestamp":"2026-09-23T11:51:18.471Z"}
{"level":"info","message":"⌛ Validating codigoRaton.wlk","timeElapsed":188,"timestamp":"2026-09-23T11:51:18.720Z"}
{"level":"info","message":"⌛ Validating codigoRaton.wlk","timeElapsed":191,"timestamp":"2026-09-23T11:51:18.913Z"}
{"level":"info","message":"⌛ Validating codigoRaton.wlk","timeElapsed":490,"timestamp":"2026-09-23T11:51:19.416Z"}
{"level":"info","message":"⌛ Validating codigoRaton.wlk","timeElapsed":175,"timestamp":"2026-09-23T11:51:19.598Z"}
{"level":"info","message":"⌛ Validating codigoRaton.wlk","timeElapsed":179,"timestamp":"2026-09-23T11:51:19.784Z"}
{"level":"info","message":"⌛ Validating codigoRaton.wlk","timeElapsed":186,"timestamp":"2026-09-23T11:51:19.976Z"}
{"level":"info","message":"⌛ Validating codigoRaton.wlk","timeElapsed":179,"timestamp":"2026-09-23T11:51:20.164Z"}
{"level":"info","message":"⌛ Validating codigoRaton.wlk","timeElapsed":189,"timestamp":"2026-09-23T11:51:20.362Z"}
{"level":"info","message":"⌛ Building environment","timeElapsed":135,"timestamp":"2026-09-23T11:51:27.761Z"}
{"level":"info","message":"⌛ Validating codigoRaton.wlk","timeElapsed":190,"timestamp":"2026-09-23T11:51:27.953Z"}
{"level":"info","message":"⌛ Building environment","timeElapsed":135,"timestamp":"2026-09-23T11:51:31.596Z"}
{"level":"info","message":"⌛ Validating codigoRaton.wlk","timeElapsed":527,"timestamp":"2026-09-23T11:51:32.131Z"}
{"level":"info","message":"⌛ Building environment","timeElapsed":142,"timestamp":"2026-09-23T11:51:32.273Z"}
{"level":"info","message":"⌛ Building environment","timeElapsed":133,"timestamp":"2026-09-23T11:51:32.408Z"}
{"level":"info","message":"⌛ Validating codigoRaton.wlk","timeElapsed":195,"timestamp":"2026-09-23T11:51:32.622Z"}
{"level":"info","message":"⌛ Validating codigoRaton.wlk","timeElapsed":175,"timestamp":"2026-09-23T11:51:32.805Z"}
{"level":"info","message":"⌛ Building environment","timeElapsed":246,"timestamp":"2026-09-23T11:51:33.839Z"}
{"level":"info","message":"⌛ Validating codigoRaton.wlk","timeElapsed":176,"timestamp":"2026-09-23T11:51:34.031Z"}
{"level":"info","message":"⌛ Building environment","timeElapsed":430,"timestamp":"2026-09-23T11:51:43.799Z"}
{"level":"info","message":"⌛ Validating codigoRaton.wlk","timeElapsed":241,"timestamp":"2026-09-23T11:51:44.168Z"}
{"level":"info","message":"⌛ Building environment","timeElapsed":195,"timestamp":"2026-09-23T11:51:45.480Z"}
{"level":"error","message":"✘ Completions for node Return (undefined - codigoRaton.wlk) failed: Error: [Return]{1bd14f} at codigoRaton.wlk:-- exhausted all cases without a match [Return]{1bd14f} at codigoRaton.wlk:-- exhausted all cases without a match","stack":"Error: [Return]{1bd14f} at codigoRaton.wlk:-- exhausted all cases without a match\n    at c:\\Users\\sotoj\\.vscode\\extensions\\uqbar.wollok-lsp-ide-0.5.5\\out\\server\\src\\server.js:38:6142\n    at L2 (c:\\Users\\sotoj\\.vscode\\extensions\\uqbar.wollok-lsp-ide-0.5.5\\out\\server\\src\\server.js:2421:42)\n    at Jh (c:\\Users\\sotoj\\.vscode\\extensions\\uqbar.wollok-lsp-ide-0.5.5\\out\\server\\src\\server.js:2421:1092)\n    at w5n (c:\\Users\\sotoj\\.vscode\\extensions\\uqbar.wollok-lsp-ide-0.5.5\\out\\server\\src\\server.js:2421:1248)\n    at c:\\Users\\sotoj\\.vscode\\extensions\\uqbar.wollok-lsp-ide-0.5.5\\out\\server\\src\\server.js:38:6131\n    at L2 (c:\\Users\\sotoj\\.vscode\\extensions\\uqbar.wollok-lsp-ide-0.5.5\\out\\server\\src\\server.js:2421:42)\n    at c:\\Users\\sotoj\\.vscode\\extensions\\uqbar.wollok-lsp-ide-0.5.5\\out\\server\\src\\server.js:2421:2988\n    at c:\\Users\\sotoj\\.vscode\\extensions\\uqbar.wollok-lsp-ide-0.5.5\\out\\server\\src\\server.js:2430:8440\n    at c:\\Users\\sotoj\\.vscode\\extensions\\uqbar.wollok-lsp-ide-0.5.5\\out\\server\\src\\server.js:37:74872\n    at Ke (c:\\Users\\sotoj\\.vscode\\extensions\\uqbar.wollok-lsp-ide-0.5.5\\out\\server\\src\\server.js:7:8527)","timestamp":"2026-09-23T11:51:45.625Z"}
{"level":"info","message":"⌛ Autocomplete - Reference","timeElapsed":128,"timestamp":"2026-09-23T11:51:45.632Z"}
{"level":"info","message":"⌛ Validating codigoRaton.wlk","timeElapsed":499,"timestamp":"2026-09-23T11:51:46.156Z"}
{"level":"info","message":"⌛ Building environment","timeElapsed":351,"timestamp":"2026-09-23T11:51:46.663Z"}
{"level":"info","message":"⌛ Building environment","timeElapsed":265,"timestamp":"2026-09-23T11:51:46.934Z"}
{"level":"info","message":"⌛ Building environment","timeElapsed":284,"timestamp":"2026-09-23T11:51:47.226Z"}
{"level":"info","message":"⌛ Building environment","timeElapsed":188,"timestamp":"2026-09-23T11:51:47.482Z"}
{"level":"info","message":"⌛ Validating codigoRaton.wlk","timeElapsed":336,"timestamp":"2026-09-23T11:51:47.909Z"}
{"level":"info","message":"⌛ Validating codigoRaton.wlk","timeElapsed":384,"timestamp":"2026-09-23T11:51:48.296Z"}
{"level":"info","message":"⌛ Validating codigoRaton.wlk","timeElapsed":525,"timestamp":"2026-09-23T11:51:48.831Z"}
{"level":"info","message":"⌛ Validating codigoRaton.wlk","timeElapsed":627,"timestamp":"2026-09-23T11:51:49.477Z"}
{"level":"info","message":"⌛ Building environment","timeElapsed":472,"timestamp":"2026-09-23T11:51:50.057Z"}
{"level":"info","message":"⌛ Building environment","timeElapsed":315,"timestamp":"2026-09-23T11:51:50.377Z"}
{"level":"info","message":"⌛ Autocomplete - Body","timeElapsed":118,"timestamp":"2026-09-23T11:51:50.537Z"}
{"level":"info","message":"⌛ Building environment","timeElapsed":351,"timestamp":"2026-09-23T11:51:50.892Z"}
{"level":"info","message":"⌛ Building environment","timeElapsed":381,"timestamp":"2026-09-23T11:51:51.276Z"}
{"level":"info","message":"⌛ Building environment","timeElapsed":274,"timestamp":"2026-09-23T11:51:51.552Z"}
{"level":"info","message":"⌛ Building environment","timeElapsed":233,"timestamp":"2026-09-23T11:51:51.812Z"}
{"level":"info","message":"⌛ Building environment","timeElapsed":196,"timestamp":"2026-09-23T11:51:52.011Z"}
{"level":"info","message":"⌛ Validating codigoRaton.wlk","timeElapsed":310,"timestamp":"2026-09-23T11:51:52.366Z"}
{"level":"info","message":"⌛ Building environment","timeElapsed":420,"timestamp":"2026-09-23T11:51:52.825Z"}
{"level":"info","message":"⌛ Validating codigoRaton.wlk","timeElapsed":291,"timestamp":"2026-09-23T11:51:53.117Z"}
{"level":"info","message":"⌛ Building environment","timeElapsed":262,"timestamp":"2026-09-23T11:51:53.391Z"}
{"level":"info","message":"⌛ Building environment","timeElapsed":205,"timestamp":"2026-09-23T11:51:53.597Z"}
{"level":"info","message":"⌛ Building environment","timeElapsed":227,"timestamp":"2026-09-23T11:51:53.966Z"}
{"level":"info","message":"⌛ Validating codigoRaton.wlk","timeElapsed":445,"timestamp":"2026-09-23T11:51:54.443Z"}
{"level":"info","message":"⌛ Building environment","timeElapsed":184,"timestamp":"2026-09-23T11:51:54.629Z"}
{"level":"info","message":"⌛ Building environment","timeElapsed":301,"timestamp":"2026-09-23T11:51:54.973Z"}
{"level":"info","message":"⌛ Validating codigoRaton.wlk","timeElapsed":243,"timestamp":"2026-09-23T11:51:55.230Z"}
{"level":"info","message":"⌛ Validating codigoRaton.wlk","timeElapsed":248,"timestamp":"2026-09-23T11:51:55.485Z"}
{"level":"info","message":"⌛ Validating codigoRaton.wlk","timeElapsed":283,"timestamp":"2026-09-23T11:51:55.778Z"}
{"level":"info","message":"⌛ Validating codigoRaton.wlk","timeElapsed":191,"timestamp":"2026-09-23T11:51:55.970Z"}
{"level":"info","message":"⌛ Validating codigoRaton.wlk","timeElapsed":209,"timestamp":"2026-09-23T11:51:56.182Z"}
{"level":"info","message":"⌛ Validating codigoRaton.wlk","timeElapsed":200,"timestamp":"2026-09-23T11:51:56.389Z"}
{"level":"info","message":"⌛ Validating codigoRaton.wlk","timeElapsed":195,"timestamp":"2026-09-23T11:51:56.595Z"}
{"level":"info","message":"⌛ Validating codigoRaton.wlk","timeElapsed":189,"timestamp":"2026-09-23T11:51:56.791Z"}
{"level":"info","message":"⌛ Validating codigoRaton.wlk","timeElapsed":200,"timestamp":"2026-09-23T11:51:56.999Z"}
{"level":"info","message":"⌛ Building environment","timeElapsed":528,"timestamp":"2026-09-23T11:51:57.530Z"}
{"level":"info","message":"⌛ Validating codigoRaton.wlk","timeElapsed":197,"timestamp":"2026-09-23T11:51:57.738Z"}
{"level":"info","message":"⌛ Validating codigoRaton.wlk","timeElapsed":198,"timestamp":"2026-09-23T11:51:57.959Z"}
{"level":"info","message":"⌛ Building environment","timeElapsed":135,"timestamp":"2026-09-23T11:51:58.529Z"}
{"level":"info","message":"⌛ Validating codigoRaton.wlk","timeElapsed":197,"timestamp":"2026-09-23T11:51:58.731Z"}
{"level":"info","message":"⌛ Building environment","timeElapsed":222,"timestamp":"2026-09-23T11:51:59.490Z"}
{"level":"info","message":"⌛ Building environment","timeElapsed":191,"timestamp":"2026-09-23T11:51:59.697Z"}
{"level":"info","message":"⌛ Validating codigoRaton.wlk","timeElapsed":232,"timestamp":"2026-09-23T11:51:59.942Z"}
{"level":"info","message":"⌛ Validating codigoRaton.wlk","timeElapsed":210,"timestamp":"2026-09-23T11:52:00.162Z"}
{"level":"info","message":"⌛ Building environment","timeElapsed":160,"timestamp":"2026-09-23T11:52:19.365Z"}
{"level":"info","message":"⌛ Validating codigoRaton.wlk","timeElapsed":181,"timestamp":"2026-09-23T11:52:19.549Z"}
{"level":"info","message":"⌛ Building environment","timeElapsed":198,"timestamp":"2026-09-23T11:52:20.014Z"}
{"level":"info","message":"⌛ Building environment","timeElapsed":141,"timestamp":"2026-09-23T11:52:20.175Z"}
{"level":"info","message":"⌛ Building environment","timeElapsed":162,"timestamp":"2026-09-23T11:52:20.341Z"}
{"level":"info","message":"⌛ Building environment","timeElapsed":157,"timestamp":"2026-09-23T11:52:20.500Z"}
{"level":"info","message":"⌛ Validating codigoRaton.wlk","timeElapsed":155,"timestamp":"2026-09-23T11:52:20.693Z"}
{"level":"info","message":"⌛ Building environment","timeElapsed":175,"timestamp":"2026-09-23T11:52:20.873Z"}
{"level":"info","message":"⌛ Validating codigoRaton.wlk","timeElapsed":288,"timestamp":"2026-09-23T11:52:21.163Z"}
{"level":"info","message":"⌛ Building environment","timeElapsed":119,"timestamp":"2026-09-23T11:52:21.282Z"}
{"level":"info","message":"⌛ Validating codigoRaton.wlk","timeElapsed":209,"timestamp":"2026-09-23T11:52:21.505Z"}
{"level":"info","message":"⌛ Validating codigoRaton.wlk","timeElapsed":169,"timestamp":"2026-09-23T11:52:21.801Z"}
{"level":"info","message":"⌛ Building environment","timeElapsed":170,"timestamp":"2026-09-23T11:52:21.973Z"}
{"level":"error","message":"✘ Completions for node Send ([16:28, 16:42] - codigoRaton.wlk) failed: Error: [Send]{57ca54} at codigoRaton.wlk:16 exhausted all cases without a match [Send]{57ca54} at codigoRaton.wlk:16 exhausted all cases without a match","stack":"Error: [Send]{57ca54} at codigoRaton.wlk:16 exhausted all cases without a match\n    at c:\\Users\\sotoj\\.vscode\\extensions\\uqbar.wollok-lsp-ide-0.5.5\\out\\server\\src\\server.js:38:6142\n    at L2 (c:\\Users\\sotoj\\.vscode\\extensions\\uqbar.wollok-lsp-ide-0.5.5\\out\\server\\src\\server.js:2421:42)\n    at c:\\Users\\sotoj\\.vscode\\extensions\\uqbar.wollok-lsp-ide-0.5.5\\out\\server\\src\\server.js:2421:2988\n    at c:\\Users\\sotoj\\.vscode\\extensions\\uqbar.wollok-lsp-ide-0.5.5\\out\\server\\src\\server.js:2430:8440\n    at c:\\Users\\sotoj\\.vscode\\extensions\\uqbar.wollok-lsp-ide-0.5.5\\out\\server\\src\\server.js:37:74872\n    at Ke (c:\\Users\\sotoj\\.vscode\\extensions\\uqbar.wollok-lsp-ide-0.5.5\\out\\server\\src\\server.js:7:8527)\n    at It (c:\\Users\\sotoj\\.vscode\\extensions\\uqbar.wollok-lsp-ide-0.5.5\\out\\server\\src\\server.js:7:6189)\n    at et (c:\\Users\\sotoj\\.vscode\\extensions\\uqbar.wollok-lsp-ide-0.5.5\\out\\server\\src\\server.js:7:6378)\n    at Immediate._onImmediate (c:\\Users\\sotoj\\.vscode\\extensions\\uqbar.wollok-lsp-ide-0.5.5\\out\\server\\src\\server.js:7:6142)\n    at process.processImmediate (node:internal/timers:504:21)","timestamp":"2026-09-23T11:52:22.020Z"}
{"level":"error","message":"✘ Completions for node Return (undefined - codigoRaton.wlk) failed: Error: [Return]{66e38a} at codigoRaton.wlk:-- exhausted all cases without a match [Return]{66e38a} at codigoRaton.wlk:-- exhausted all cases without a match","stack":"Error: [Return]{66e38a} at codigoRaton.wlk:-- exhausted all cases without a match\n    at c:\\Users\\sotoj\\.vscode\\extensions\\uqbar.wollok-lsp-ide-0.5.5\\out\\server\\src\\server.js:38:6142\n    at L2 (c:\\Users\\sotoj\\.vscode\\extensions\\uqbar.wollok-lsp-ide-0.5.5\\out\\server\\src\\server.js:2421:42)\n    at Jh (c:\\Users\\sotoj\\.vscode\\extensions\\uqbar.wollok-lsp-ide-0.5.5\\out\\server\\src\\server.js:2421:1092)\n    at L2 (c:\\Users\\sotoj\\.vscode\\extensions\\uqbar.wollok-lsp-ide-0.5.5\\out\\server\\src\\server.js:2421:544)\n    at c:\\Users\\sotoj\\.vscode\\extensions\\uqbar.wollok-lsp-ide-0.5.5\\out\\server\\src\\server.js:2421:2988\n    at c:\\Users\\sotoj\\.vscode\\extensions\\uqbar.wollok-lsp-ide-0.5.5\\out\\server\\src\\server.js:2430:8440\n    at c:\\Users\\sotoj\\.vscode\\extensions\\uqbar.wollok-lsp-ide-0.5.5\\out\\server\\src\\server.js:37:74872\n    at Ke (c:\\Users\\sotoj\\.vscode\\extensions\\uqbar.wollok-lsp-ide-0.5.5\\out\\server\\src\\server.js:7:8527)\n    at It (c:\\Users\\sotoj\\.vscode\\extensions\\uqbar.wollok-lsp-ide-0.5.5\\out\\server\\src\\server.js:7:6189)\n    at et (c:\\Users\\sotoj\\.vscode\\extensions\\uqbar.wollok-lsp-ide-0.5.5\\out\\server\\src\\server.js:7:6378)","timestamp":"2026-09-23T11:52:22.021Z"}
{"level":"info","message":"⌛ Validating codigoRaton.wlk","timeElapsed":182,"timestamp":"2026-09-23T11:52:22.208Z"}
{"level":"info","message":"⌛ Building environment","timeElapsed":118,"timestamp":"2026-09-23T11:52:22.328Z"}
{"level":"info","message":"⌛ Building environment","timeElapsed":134,"timestamp":"2026-09-23T11:52:22.464Z"}
{"level":"info","message":"⌛ Validating codigoRaton.wlk","timeElapsed":186,"timestamp":"2026-09-23T11:52:22.652Z"}
{"level":"info","message":"⌛ Building environment","timeElapsed":145,"timestamp":"2026-09-23T11:52:22.800Z"}
{"level":"info","message":"⌛ Building environment","timeElapsed":124,"timestamp":"2026-09-23T11:52:22.927Z"}
{"level":"info","message":"⌛ Validating codigoRaton.wlk","timeElapsed":166,"timestamp":"2026-09-23T11:52:23.108Z"}
{"level":"info","message":"⌛ Validating codigoRaton.wlk","timeElapsed":148,"timestamp":"2026-09-23T11:52:23.287Z"}
{"level":"info","message":"⌛ Validating codigoRaton.wlk","timeElapsed":157,"timestamp":"2026-09-23T11:52:23.444Z"}
{"level":"info","message":"⌛ Validating codigoRaton.wlk","timeElapsed":161,"timestamp":"2026-09-23T11:52:23.610Z"}
{"level":"info","message":"⌛ Validating codigoRaton.wlk","timeElapsed":407,"timestamp":"2026-09-23T11:52:24.021Z"}
{"level":"info","message":"⌛ Building environment","timeElapsed":179,"timestamp":"2026-09-23T11:52:33.542Z"}
{"level":"info","message":"⌛ Validating codigoRaton.wlk","timeElapsed":186,"timestamp":"2026-09-23T11:52:33.736Z"}
{"level":"info","message":"⌛ Building environment","timeElapsed":133,"timestamp":"2026-09-23T11:52:33.877Z"}
{"level":"info","message":"⌛ Validating codigoRaton.wlk","timeElapsed":178,"timestamp":"2026-09-23T11:52:34.057Z"}
{"level":"info","message":"⌛ Building environment","timeElapsed":165,"timestamp":"2026-09-23T11:52:34.467Z"}
{"level":"info","message":"⌛ Building environment","timeElapsed":283,"timestamp":"2026-09-23T11:52:34.805Z"}
{"level":"info","message":"⌛ Validating codigoRaton.wlk","timeElapsed":250,"timestamp":"2026-09-23T11:52:35.245Z"}
{"level":"info","message":"⌛ Building environment","timeElapsed":186,"timestamp":"2026-09-23T11:52:35.441Z"}
{"level":"info","message":"⌛ Validating codigoRaton.wlk","timeElapsed":271,"timestamp":"2026-09-23T11:52:35.715Z"}
{"level":"info","message":"⌛ Building environment","timeElapsed":112,"timestamp":"2026-09-23T11:52:35.843Z"}
{"level":"info","message":"⌛ Validating codigoRaton.wlk","timeElapsed":193,"timestamp":"2026-09-23T11:52:36.038Z"}
{"level":"info","message":"⌛ Building environment","timeElapsed":125,"timestamp":"2026-09-23T11:52:36.179Z"}
{"level":"info","message":"⌛ Validating codigoRaton.wlk","timeElapsed":157,"timestamp":"2026-09-23T11:52:36.363Z"}
{"level":"info","message":"⌛ Validating codigoRaton.wlk","timeElapsed":155,"timestamp":"2026-09-23T11:52:36.527Z"}
{"level":"error","message":"✘ Failed to rebuild document Failed to parse codigoRaton.wlk: \n-- PARSING FAILED --------------------------------------------------\n\n  18 | \n  19 |     method\n> 20 | }\n     | ^\n  21 | \n  22 | object raton {\n\nExpected one of the following: \n\n'!=', '!==', '%', '&&', '*', '**', '+', '-', '->', '..', '..<', '/', '<', '<<', '<<<', '<=', '<=>', '<>', '==', '===', '>', '>..', '>=', '>>', '>>>', '?:', 'and', 'invert', 'negate', 'or', 'plus', '||', identifier, whitespace\n","stack":"Error: Failed to parse codigoRaton.wlk: \n-- PARSING FAILED --------------------------------------------------\n\n  18 | \n  19 |     method\n> 20 | }\n     | ^\n  21 | \n  22 | object raton {\n\nExpected one of the following: \n\n'!=', '!==', '%', '&&', '*', '**', '+', '-', '->', '..', '..<', '/', '<', '<<', '<<<', '<=', '<=>', '<>', '==', '===', '>', '>..', '>=', '>>', '>>>', '?:', 'and', 'invert', 'negate', 'or', 'plus', '||', identifier, whitespace\n\n    at c:\\Users\\sotoj\\.vscode\\extensions\\uqbar.wollok-lsp-ide-0.5.5\\out\\server\\src\\server.js:2385:13026\n    at Array.map (<anonymous>)\n    at z1n (c:\\Users\\sotoj\\.vscode\\extensions\\uqbar.wollok-lsp-ide-0.5.5\\out\\server\\src\\server.js:2385:12950)\n    at H2.buildEnvironmentFrom (c:\\Users\\sotoj\\.vscode\\extensions\\uqbar.wollok-lsp-ide-0.5.5\\out\\server\\src\\server.js:2430:5254)\n    at H2.updateEnvironmentWith (c:\\Users\\sotoj\\.vscode\\extensions\\uqbar.wollok-lsp-ide-0.5.5\\out\\server\\src\\server.js:2430:4989)\n    at QF (c:\\Users\\sotoj\\.vscode\\extensions\\uqbar.wollok-lsp-ide-0.5.5\\out\\server\\src\\server.js:2430:7383)\n    at V3.invoke (c:\\Users\\sotoj\\.vscode\\extensions\\uqbar.wollok-lsp-ide-0.5.5\\out\\server\\src\\server.js:3:157330)\n    at o.fire (c:\\Users\\sotoj\\.vscode\\extensions\\uqbar.wollok-lsp-ide-0.5.5\\out\\server\\src\\server.js:3:158100)\n    at c:\\Users\\sotoj\\.vscode\\extensions\\uqbar.wollok-lsp-ide-0.5.5\\out\\server\\src\\server.js:37:57871\n    at nd (c:\\Users\\sotoj\\.vscode\\extensions\\uqbar.wollok-lsp-ide-0.5.5\\out\\server\\src\\server.js:8:1561)","timestamp":"2026-09-23T11:52:42.473Z"}
{"level":"error","message":"✘ Failed to rebuild document Failed to parse codigoRaton.wlk: \n-- PARSING FAILED --------------------------------------------------\n\n  18 | \n  19 |     method \n> 20 | }\n     | ^\n  21 | \n  22 | object raton {\n\nExpected one of the following: \n\n'!=', '!==', '%', '&&', '*', '**', '+', '-', '->', '..', '..<', '/', '<', '<<', '<<<', '<=', '<=>', '<>', '==', '===', '>', '>..', '>=', '>>', '>>>', '?:', 'and', 'invert', 'negate', 'or', 'plus', '||', identifier, whitespace\n","stack":"Error: Failed to parse codigoRaton.wlk: \n-- PARSING FAILED --------------------------------------------------\n\n  18 | \n  19 |     method \n> 20 | }\n     | ^\n  21 | \n  22 | object raton {\n\nExpected one of the following: \n\n'!=', '!==', '%', '&&', '*', '**', '+', '-', '->', '..', '..<', '/', '<', '<<', '<<<', '<=', '<=>', '<>', '==', '===', '>', '>..', '>=', '>>', '>>>', '?:', 'and', 'invert', 'negate', 'or', 'plus', '||', identifier, whitespace\n\n    at c:\\Users\\sotoj\\.vscode\\extensions\\uqbar.wollok-lsp-ide-0.5.5\\out\\server\\src\\server.js:2385:13026\n    at Array.map (<anonymous>)\n    at z1n (c:\\Users\\sotoj\\.vscode\\extensions\\uqbar.wollok-lsp-ide-0.5.5\\out\\server\\src\\server.js:2385:12950)\n    at H2.buildEnvironmentFrom (c:\\Users\\sotoj\\.vscode\\extensions\\uqbar.wollok-lsp-ide-0.5.5\\out\\server\\src\\server.js:2430:5254)\n    at H2.updateEnvironmentWith (c:\\Users\\sotoj\\.vscode\\extensions\\uqbar.wollok-lsp-ide-0.5.5\\out\\server\\src\\server.js:2430:4989)\n    at QF (c:\\Users\\sotoj\\.vscode\\extensions\\uqbar.wollok-lsp-ide-0.5.5\\out\\server\\src\\server.js:2430:7383)\n    at V3.invoke (c:\\Users\\sotoj\\.vscode\\extensions\\uqbar.wollok-lsp-ide-0.5.5\\out\\server\\src\\server.js:3:157330)\n    at o.fire (c:\\Users\\sotoj\\.vscode\\extensions\\uqbar.wollok-lsp-ide-0.5.5\\out\\server\\src\\server.js:3:158100)\n    at c:\\Users\\sotoj\\.vscode\\extensions\\uqbar.wollok-lsp-ide-0.5.5\\out\\server\\src\\server.js:37:57871\n    at nd (c:\\Users\\sotoj\\.vscode\\extensions\\uqbar.wollok-lsp-ide-0.5.5\\out\\server\\src\\server.js:8:1561)","timestamp":"2026-09-23T11:52:45.104Z"}
{"level":"info","message":"⌛ Building environment","timeElapsed":177,"timestamp":"2026-09-23T11:53:01.354Z"}
{"level":"info","message":"⌛ Building environment","timeElapsed":174,"timestamp":"2026-09-23T11:53:01.531Z"}
{"level":"info","message":"⌛ Validating codigoRaton.wlk","timeElapsed":220,"timestamp":"2026-09-23T11:53:01.755Z"}
{"level":"info","message":"⌛ Building environment","timeElapsed":411,"timestamp":"2026-09-23T11:53:02.247Z"}
{"level":"info","message":"⌛ Validating codigoRaton.wlk","timeElapsed":214,"timestamp":"2026-09-23T11:53:02.462Z"}
{"level":"info","message":"⌛ Building environment","timeElapsed":207,"timestamp":"2026-09-23T11:53:02.670Z"}
{"level":"info","message":"⌛ Building environment","timeElapsed":151,"timestamp":"2026-09-23T11:53:02.822Z"}
{"level":"info","message":"⌛ Validating codigoRaton.wlk","timeElapsed":282,"timestamp":"2026-09-23T11:53:03.140Z"}
{"level":"info","message":"⌛ Building environment","timeElapsed":170,"timestamp":"2026-09-23T11:53:03.369Z"}
{"level":"info","message":"⌛ Building environment","timeElapsed":137,"timestamp":"2026-09-23T11:53:03.554Z"}
{"level":"info","message":"⌛ Validating codigoRaton.wlk","timeElapsed":299,"timestamp":"2026-09-23T11:53:03.855Z"}
{"level":"info","message":"⌛ Building environment","timeElapsed":146,"timestamp":"2026-09-23T11:53:04.001Z"}
{"level":"info","message":"⌛ Validating codigoRaton.wlk","timeElapsed":178,"timestamp":"2026-09-23T11:53:04.191Z"}
{"level":"info","message":"⌛ Building environment","timeElapsed":127,"timestamp":"2026-09-23T11:53:04.321Z"}
{"level":"info","message":"⌛ Building environment","timeElapsed":130,"timestamp":"2026-09-23T11:53:04.452Z"}
{"level":"info","message":"⌛ Building environment","timeElapsed":115,"timestamp":"2026-09-23T11:53:04.571Z"}
{"level":"info","message":"⌛ Validating codigoRaton.wlk","timeElapsed":156,"timestamp":"2026-09-23T11:53:04.761Z"}
{"level":"info","message":"⌛ Validating codigoRaton.wlk","timeElapsed":170,"timestamp":"2026-09-23T11:53:04.940Z"}
{"level":"info","message":"⌛ Building environment","timeElapsed":147,"timestamp":"2026-09-23T11:53:05.093Z"}
{"level":"info","message":"⌛ Building environment","timeElapsed":125,"timestamp":"2026-09-23T11:53:05.221Z"}
{"level":"info","message":"⌛ Validating codigoRaton.wlk","timeElapsed":171,"timestamp":"2026-09-23T11:53:05.393Z"}
{"level":"info","message":"⌛ Validating codigoRaton.wlk","timeElapsed":205,"timestamp":"2026-09-23T11:53:05.620Z"}
{"level":"info","message":"⌛ Validating codigoRaton.wlk","timeElapsed":201,"timestamp":"2026-09-23T11:53:05.826Z"}
{"level":"info","message":"⌛ Validating codigoRaton.wlk","timeElapsed":349,"timestamp":"2026-09-23T11:53:06.179Z"}
{"level":"info","message":"⌛ Validating codigoRaton.wlk","timeElapsed":187,"timestamp":"2026-09-23T11:53:06.431Z"}
{"level":"info","message":"⌛ Validating codigoRaton.wlk","timeElapsed":364,"timestamp":"2026-09-23T11:53:06.804Z"}
{"level":"info","message":"⌛ Building environment","timeElapsed":154,"timestamp":"2026-09-23T11:53:06.964Z"}
{"level":"info","message":"⌛ Building environment","timeElapsed":122,"timestamp":"2026-09-23T11:53:07.091Z"}
{"level":"info","message":"⌛ Building environment","timeElapsed":123,"timestamp":"2026-09-23T11:53:07.217Z"}
{"level":"info","message":"⌛ Validating codigoRaton.wlk","timeElapsed":167,"timestamp":"2026-09-23T11:53:07.417Z"}
{"level":"info","message":"⌛ Validating codigoRaton.wlk","timeElapsed":160,"timestamp":"2026-09-23T11:53:07.579Z"}
{"level":"info","message":"⌛ Validating codigoRaton.wlk","timeElapsed":177,"timestamp":"2026-09-23T11:53:07.767Z"}
{"level":"info","message":"⌛ Building environment","timeElapsed":121,"timestamp":"2026-09-23T11:53:14.719Z"}
{"level":"info","message":"⌛ Validating codigoRaton.wlk","timeElapsed":272,"timestamp":"2026-09-23T11:53:15.041Z"}
{"level":"info","message":"⌛ Building environment","timeElapsed":126,"timestamp":"2026-09-23T11:53:15.169Z"}
{"level":"info","message":"⌛ Validating codigoRaton.wlk","timeElapsed":183,"timestamp":"2026-09-23T11:53:15.355Z"}
{"level":"info","message":"⌛ Building environment","timeElapsed":383,"timestamp":"2026-09-23T11:53:15.903Z"}
{"level":"info","message":"⌛ Building environment","timeElapsed":168,"timestamp":"2026-09-23T11:53:16.072Z"}
{"level":"info","message":"⌛ Building environment","timeElapsed":128,"timestamp":"2026-09-23T11:53:16.205Z"}
{"level":"info","message":"⌛ Validating codigoRaton.wlk","timeElapsed":181,"timestamp":"2026-09-23T11:53:16.388Z"}
{"level":"info","message":"⌛ Validating codigoRaton.wlk","timeElapsed":162,"timestamp":"2026-09-23T11:53:16.604Z"}
{"level":"info","message":"⌛ Validating codigoRaton.wlk","timeElapsed":146,"timestamp":"2026-09-23T11:53:16.770Z"}
{"level":"info","message":"⌛ Building environment","timeElapsed":184,"timestamp":"2026-09-23T11:53:17.871Z"}
{"level":"info","message":"⌛ Validating codigoRaton.wlk","timeElapsed":194,"timestamp":"2026-09-23T11:53:18.069Z"}
{"level":"info","message":"⌛ Building environment","timeElapsed":139,"timestamp":"2026-09-23T11:53:18.903Z"}
{"level":"error","message":"✘ Completions for node Variable ([20:9, 20:16] - codigoRaton.wlk) failed: Error: c [Variable]{5669e5} at codigoRaton.wlk:20 exhausted all cases without a match c [Variable]{5669e5} at codigoRaton.wlk:20 exhausted all cases without a match","stack":"Error: c [Variable]{5669e5} at codigoRaton.wlk:20 exhausted all cases without a match\n    at c:\\Users\\sotoj\\.vscode\\extensions\\uqbar.wollok-lsp-ide-0.5.5\\out\\server\\src\\server.js:38:6142\n    at L2 (c:\\Users\\sotoj\\.vscode\\extensions\\uqbar.wollok-lsp-ide-0.5.5\\out\\server\\src\\server.js:2421:42)\n    at c:\\Users\\sotoj\\.vscode\\extensions\\uqbar.wollok-lsp-ide-0.5.5\\out\\server\\src\\server.js:2421:2988\n    at c:\\Users\\sotoj\\.vscode\\extensions\\uqbar.wollok-lsp-ide-0.5.5\\out\\server\\src\\server.js:2430:8440\n    at c:\\Users\\sotoj\\.vscode\\extensions\\uqbar.wollok-lsp-ide-0.5.5\\out\\server\\src\\server.js:37:74872\n    at Ke (c:\\Users\\sotoj\\.vscode\\extensions\\uqbar.wollok-lsp-ide-0.5.5\\out\\server\\src\\server.js:7:8527)\n    at It (c:\\Users\\sotoj\\.vscode\\extensions\\uqbar.wollok-lsp-ide-0.5.5\\out\\server\\src\\server.js:7:6189)\n    at et (c:\\Users\\sotoj\\.vscode\\extensions\\uqbar.wollok-lsp-ide-0.5.5\\out\\server\\src\\server.js:7:6378)\n    at Immediate._onImmediate (c:\\Users\\sotoj\\.vscode\\extensions\\uqbar.wollok-lsp-ide-0.5.5\\out\\server\\src\\server.js:7:6142)\n    at process.processImmediate (node:internal/timers:504:21)","timestamp":"2026-09-23T11:53:18.969Z"}
{"level":"info","message":"⌛ Validating codigoRaton.wlk","timeElapsed":221,"timestamp":"2026-09-23T11:53:19.195Z"}
{"level":"info","message":"⌛ Building environment","timeElapsed":194,"timestamp":"2026-09-23T11:53:19.390Z"}
{"level":"info","message":"⌛ Building environment","timeElapsed":128,"timestamp":"2026-09-23T11:53:19.519Z"}
{"level":"error","message":"✘ Completions for node Variable ([20:9, 20:18] - codigoRaton.wlk) failed: Error: com [Variable]{861a85} at codigoRaton.wlk:20 exhausted all cases without a match com [Variable]{861a85} at codigoRaton.wlk:20 exhausted all cases without a match","stack":"Error: com [Variable]{861a85} at codigoRaton.wlk:20 exhausted all cases without a match\n    at c:\\Users\\sotoj\\.vscode\\extensions\\uqbar.wollok-lsp-ide-0.5.5\\out\\server\\src\\server.js:38:6142\n    at L2 (c:\\Users\\sotoj\\.vscode\\extensions\\uqbar.wollok-lsp-ide-0.5.5\\out\\server\\src\\server.js:2421:42)\n    at c:\\Users\\sotoj\\.vscode\\extensions\\uqbar.wollok-lsp-ide-0.5.5\\out\\server\\src\\server.js:2421:2988\n    at c:\\Users\\sotoj\\.vscode\\extensions\\uqbar.wollok-lsp-ide-0.5.5\\out\\server\\src\\server.js:2430:8440\n    at c:\\Users\\sotoj\\.vscode\\extensions\\uqbar.wollok-lsp-ide-0.5.5\\out\\server\\src\\server.js:37:74872\n    at Ke (c:\\Users\\sotoj\\.vscode\\extensions\\uqbar.wollok-lsp-ide-0.5.5\\out\\server\\src\\server.js:7:8527)\n    at It (c:\\Users\\sotoj\\.vscode\\extensions\\uqbar.wollok-lsp-ide-0.5.5\\out\\server\\src\\server.js:7:6189)\n    at et (c:\\Users\\sotoj\\.vscode\\extensions\\uqbar.wollok-lsp-ide-0.5.5\\out\\server\\src\\server.js:7:6378)\n    at Immediate._onImmediate (c:\\Users\\sotoj\\.vscode\\extensions\\uqbar.wollok-lsp-ide-0.5.5\\out\\server\\src\\server.js:7:6142)\n    at process.processImmediate (node:internal/timers:504:21)","timestamp":"2026-09-23T11:53:19.583Z"}
{"level":"info","message":"⌛ Building environment","timeElapsed":134,"timestamp":"2026-09-23T11:53:19.748Z"}
{"level":"info","message":"⌛ Validating codigoRaton.wlk","timeElapsed":188,"timestamp":"2026-09-23T11:53:19.936Z"}
{"level":"info","message":"⌛ Validating codigoRaton.wlk","timeElapsed":206,"timestamp":"2026-09-23T11:53:20.143Z"}
{"level":"info","message":"⌛ Building environment","timeElapsed":136,"timestamp":"2026-09-23T11:53:20.286Z"}
{"level":"info","message":"⌛ Building environment","timeElapsed":181,"timestamp":"2026-09-23T11:53:20.469Z"}
{"level":"info","message":"⌛ Validating codigoRaton.wlk","timeElapsed":157,"timestamp":"2026-09-23T11:53:20.648Z"}
{"level":"error","message":"✘ Completions for node Variable ([20:9, 20:21] - codigoRaton.wlk) failed: Error: comida [Variable]{815a26} at codigoRaton.wlk:20 exhausted all cases without a match comida [Variable]{815a26} at codigoRaton.wlk:20 exhausted all cases without a match","stack":"Error: comida [Variable]{815a26} at codigoRaton.wlk:20 exhausted all cases without a match\n    at c:\\Users\\sotoj\\.vscode\\extensions\\uqbar.wollok-lsp-ide-0.5.5\\out\\server\\src\\server.js:38:6142\n    at L2 (c:\\Users\\sotoj\\.vscode\\extensions\\uqbar.wollok-lsp-ide-0.5.5\\out\\server\\src\\server.js:2421:42)\n    at c:\\Users\\sotoj\\.vscode\\extensions\\uqbar.wollok-lsp-ide-0.5.5\\out\\server\\src\\server.js:2421:2988\n    at c:\\Users\\sotoj\\.vscode\\extensions\\uqbar.wollok-lsp-ide-0.5.5\\out\\server\\src\\server.js:2430:8440\n    at c:\\Users\\sotoj\\.vscode\\extensions\\uqbar.wollok-lsp-ide-0.5.5\\out\\server\\src\\server.js:37:74872\n    at Ke (c:\\Users\\sotoj\\.vscode\\extensions\\uqbar.wollok-lsp-ide-0.5.5\\out\\server\\src\\server.js:7:8527)\n    at It (c:\\Users\\sotoj\\.vscode\\extensions\\uqbar.wollok-lsp-ide-0.5.5\\out\\server\\src\\server.js:7:6189)\n    at et (c:\\Users\\sotoj\\.vscode\\extensions\\uqbar.wollok-lsp-ide-0.5.5\\out\\server\\src\\server.js:7:6378)\n    at Immediate._onImmediate (c:\\Users\\sotoj\\.vscode\\extensions\\uqbar.wollok-lsp-ide-0.5.5\\out\\server\\src\\server.js:7:6142)\n    at process.processImmediate (node:internal/timers:504:21)","timestamp":"2026-09-23T11:53:20.687Z"}
{"level":"info","message":"⌛ Building environment","timeElapsed":131,"timestamp":"2026-09-23T11:53:20.837Z"}
{"level":"info","message":"⌛ Validating codigoRaton.wlk","timeElapsed":432,"timestamp":"2026-09-23T11:53:21.271Z"}
{"level":"info","message":"⌛ Validating codigoRaton.wlk","timeElapsed":189,"timestamp":"2026-09-23T11:53:21.649Z"}
{"level":"info","message":"⌛ Building environment","timeElapsed":216,"timestamp":"2026-09-23T11:53:21.872Z"}
{"level":"info","message":"⌛ Validating codigoRaton.wlk","timeElapsed":206,"timestamp":"2026-09-23T11:53:22.080Z"}
{"level":"info","message":"⌛ Building environment","timeElapsed":156,"timestamp":"2026-09-23T11:53:22.246Z"}
{"level":"info","message":"⌛ Building environment","timeElapsed":122,"timestamp":"2026-09-23T11:53:22.370Z"}
{"level":"info","message":"⌛ Building environment","timeElapsed":170,"timestamp":"2026-09-23T11:53:22.573Z"}
{"level":"error","message":"✘ Completions for node Variable ([20:9, 20:26] - codigoRaton.wlk) failed: Error: comida [Variable]{7dc663} at codigoRaton.wlk:20 exhausted all cases without a match comida [Variable]{7dc663} at codigoRaton.wlk:20 exhausted all cases without a match","stack":"Error: comida [Variable]{7dc663} at codigoRaton.wlk:20 exhausted all cases without a match\n    at c:\\Users\\sotoj\\.vscode\\extensions\\uqbar.wollok-lsp-ide-0.5.5\\out\\server\\src\\server.js:38:6142\n    at L2 (c:\\Users\\sotoj\\.vscode\\extensions\\uqbar.wollok-lsp-ide-0.5.5\\out\\server\\src\\server.js:2421:42)\n    at Jh (c:\\Users\\sotoj\\.vscode\\extensions\\uqbar.wollok-lsp-ide-0.5.5\\out\\server\\src\\server.js:2421:1092)\n    at w5n (c:\\Users\\sotoj\\.vscode\\extensions\\uqbar.wollok-lsp-ide-0.5.5\\out\\server\\src\\server.js:2421:1248)\n    at c:\\Users\\sotoj\\.vscode\\extensions\\uqbar.wollok-lsp-ide-0.5.5\\out\\server\\src\\server.js:38:6131\n    at L2 (c:\\Users\\sotoj\\.vscode\\extensions\\uqbar.wollok-lsp-ide-0.5.5\\out\\server\\src\\server.js:2421:42)\n    at c:\\Users\\sotoj\\.vscode\\extensions\\uqbar.wollok-lsp-ide-0.5.5\\out\\server\\src\\server.js:2421:2988\n    at c:\\Users\\sotoj\\.vscode\\extensions\\uqbar.wollok-lsp-ide-0.5.5\\out\\server\\src\\server.js:2430:8440\n    at c:\\Users\\sotoj\\.vscode\\extensions\\uqbar.wollok-lsp-ide-0.5.5\\out\\server\\src\\server.js:37:74872\n    at Ke (c:\\Users\\sotoj\\.vscode\\extensions\\uqbar.wollok-lsp-ide-0.5.5\\out\\server\\src\\server.js:7:8527)","timestamp":"2026-09-23T11:53:22.621Z"}
{"level":"info","message":"⌛ Building environment","timeElapsed":105,"timestamp":"2026-09-23T11:53:22.755Z"}
{"level":"info","message":"⌛ Validating codigoRaton.wlk","timeElapsed":174,"timestamp":"2026-09-23T11:53:22.931Z"}
{"level":"info","message":"⌛ Building environment","timeElapsed":149,"timestamp":"2026-09-23T11:53:23.100Z"}
{"level":"info","message":"⌛ Validating codigoRaton.wlk","timeElapsed":199,"timestamp":"2026-09-23T11:53:23.300Z"}
{"level":"info","message":"⌛ Validating codigoRaton.wlk","timeElapsed":211,"timestamp":"2026-09-23T11:53:23.512Z"}
{"level":"info","message":"⌛ Validating codigoRaton.wlk","timeElapsed":251,"timestamp":"2026-09-23T11:53:23.771Z"}
{"level":"info","message":"⌛ Validating codigoRaton.wlk","timeElapsed":245,"timestamp":"2026-09-23T11:53:24.017Z"}
{"level":"info","message":"⌛ Building environment","timeElapsed":152,"timestamp":"2026-09-23T11:53:24.170Z"}
{"level":"info","message":"⌛ Validating codigoRaton.wlk","timeElapsed":152,"timestamp":"2026-09-23T11:53:24.349Z"}
{"level":"info","message":"⌛ Building environment","timeElapsed":118,"timestamp":"2026-09-23T11:53:24.527Z"}
{"level":"info","message":"⌛ Building environment","timeElapsed":140,"timestamp":"2026-09-23T11:53:24.669Z"}
{"level":"info","message":"⌛ Building environment","timeElapsed":194,"timestamp":"2026-09-23T11:53:24.921Z"}
{"level":"info","message":"⌛ Building environment","timeElapsed":132,"timestamp":"2026-09-23T11:53:25.059Z"}
{"level":"info","message":"⌛ Building environment","timeElapsed":120,"timestamp":"2026-09-23T11:53:25.179Z"}
{"level":"info","message":"⌛ Validating codigoRaton.wlk","timeElapsed":162,"timestamp":"2026-09-23T11:53:25.366Z"}
{"level":"info","message":"⌛ Validating codigoRaton.wlk","timeElapsed":178,"timestamp":"2026-09-23T11:53:25.570Z"}
{"level":"info","message":"⌛ Validating codigoRaton.wlk","timeElapsed":171,"timestamp":"2026-09-23T11:53:25.750Z"}
{"level":"info","message":"⌛ Validating codigoRaton.wlk","timeElapsed":159,"timestamp":"2026-09-23T11:53:25.909Z"}
{"level":"info","message":"⌛ Validating codigoRaton.wlk","timeElapsed":162,"timestamp":"2026-09-23T11:53:26.076Z"}
{"level":"info","message":"⌛ Validating codigoRaton.wlk","timeElapsed":465,"timestamp":"2026-09-23T11:53:26.627Z"}
{"level":"info","message":"⌛ Building environment","timeElapsed":175,"timestamp":"2026-09-23T11:53:26.810Z"}
{"level":"info","message":"⌛ Building environment","timeElapsed":182,"timestamp":"2026-09-23T11:53:26.995Z"}
{"level":"info","message":"⌛ Validating codigoRaton.wlk","timeElapsed":158,"timestamp":"2026-09-23T11:53:27.163Z"}
{"level":"info","message":"⌛ Validating codigoRaton.wlk","timeElapsed":199,"timestamp":"2026-09-23T11:53:27.377Z"}
{"level":"info","message":"⌛ Building environment","timeElapsed":140,"timestamp":"2026-09-23T11:53:29.213Z"}
{"level":"info","message":"⌛ Validating codigoRaton.wlk","timeElapsed":162,"timestamp":"2026-09-23T11:53:29.397Z"}
{"level":"info","message":"⌛ Building environment","timeElapsed":122,"timestamp":"2026-09-23T11:53:31.144Z"}
{"level":"info","message":"⌛ Validating codigoRaton.wlk","timeElapsed":267,"timestamp":"2026-09-23T11:53:31.500Z"}
{"level":"info","message":"⌛ Building environment","timeElapsed":146,"timestamp":"2026-09-23T11:53:31.647Z"}
{"level":"info","message":"⌛ Building environment","timeElapsed":148,"timestamp":"2026-09-23T11:53:31.798Z"}
{"level":"info","message":"⌛ Building environment","timeElapsed":194,"timestamp":"2026-09-23T11:53:31.994Z"}
{"level":"info","message":"⌛ Validating codigoRaton.wlk","timeElapsed":217,"timestamp":"2026-09-23T11:53:32.213Z"}
{"level":"info","message":"⌛ Validating codigoRaton.wlk","timeElapsed":206,"timestamp":"2026-09-23T11:53:32.560Z"}
{"level":"info","message":"⌛ Validating codigoRaton.wlk","timeElapsed":205,"timestamp":"2026-09-23T11:53:32.770Z"}
{"level":"info","message":"⌛ Building environment","timeElapsed":198,"timestamp":"2026-09-23T11:53:32.978Z"}
{"level":"info","message":"⌛ Building environment","timeElapsed":143,"timestamp":"2026-09-23T11:53:33.167Z"}
{"level":"info","message":"⌛ Building environment","timeElapsed":406,"timestamp":"2026-09-23T11:53:33.579Z"}
{"level":"info","message":"⌛ Building environment","timeElapsed":376,"timestamp":"2026-09-23T11:53:33.959Z"}
{"level":"info","message":"⌛ Validating codigoRaton.wlk","timeElapsed":214,"timestamp":"2026-09-23T11:53:34.219Z"}
{"level":"info","message":"⌛ Validating codigoRaton.wlk","timeElapsed":164,"timestamp":"2026-09-23T11:53:34.408Z"}
{"level":"info","message":"⌛ Building environment","timeElapsed":117,"timestamp":"2026-09-23T11:53:34.534Z"}
{"level":"info","message":"⌛ Building environment","timeElapsed":180,"timestamp":"2026-09-23T11:53:34.734Z"}
{"level":"info","message":"⌛ Validating codigoRaton.wlk","timeElapsed":182,"timestamp":"2026-09-23T11:53:34.918Z"}
{"level":"info","message":"⌛ Building environment","timeElapsed":128,"timestamp":"2026-09-23T11:53:35.046Z"}
{"level":"info","message":"⌛ Building environment","timeElapsed":113,"timestamp":"2026-09-23T11:53:35.172Z"}
{"level":"info","message":"⌛ Building environment","timeElapsed":145,"timestamp":"2026-09-23T11:53:35.321Z"}
{"level":"info","message":"⌛ Validating codigoRaton.wlk","timeElapsed":169,"timestamp":"2026-09-23T11:53:35.493Z"}
{"level":"info","message":"⌛ Building environment","timeElapsed":367,"timestamp":"2026-09-23T11:53:35.900Z"}
{"level":"info","message":"⌛ Validating codigoRaton.wlk","timeElapsed":216,"timestamp":"2026-09-23T11:53:36.128Z"}
{"level":"info","message":"⌛ Building environment","timeElapsed":130,"timestamp":"2026-09-23T11:53:36.270Z"}
{"level":"info","message":"⌛ Validating codigoRaton.wlk","timeElapsed":220,"timestamp":"2026-09-23T11:53:36.493Z"}
{"level":"info","message":"⌛ Validating codigoRaton.wlk","timeElapsed":234,"timestamp":"2026-09-23T11:53:36.745Z"}
{"level":"info","message":"⌛ Validating codigoRaton.wlk","timeElapsed":262,"timestamp":"2026-09-23T11:53:37.007Z"}
{"level":"info","message":"⌛ Validating codigoRaton.wlk","timeElapsed":183,"timestamp":"2026-09-23T11:53:37.198Z"}
{"level":"info","message":"⌛ Building environment","timeElapsed":379,"timestamp":"2026-09-23T11:53:37.604Z"}
{"level":"error","message":"✘ Completions for node Send ([21:9, 21:26] - codigoRaton.wlk) failed: Error: [Send]{af890a} at codigoRaton.wlk:21 exhausted all cases without a match [Send]{af890a} at codigoRaton.wlk:21 exhausted all cases without a match","stack":"Error: [Send]{af890a} at codigoRaton.wlk:21 exhausted all cases without a match\n    at c:\\Users\\sotoj\\.vscode\\extensions\\uqbar.wollok-lsp-ide-0.5.5\\out\\server\\src\\server.js:38:6142\n    at L2 (c:\\Users\\sotoj\\.vscode\\extensions\\uqbar.wollok-lsp-ide-0.5.5\\out\\server\\src\\server.js:2421:42)\n    at Jh (c:\\Users\\sotoj\\.vscode\\extensions\\uqbar.wollok-lsp-ide-0.5.5\\out\\server\\src\\server.js:2421:1092)\n    at w5n (c:\\Users\\sotoj\\.vscode\\extensions\\uqbar.wollok-lsp-ide-0.5.5\\out\\server\\src\\server.js:2421:1248)\n    at c:\\Users\\sotoj\\.vscode\\extensions\\uqbar.wollok-lsp-ide-0.5.5\\out\\server\\src\\server.js:38:6131\n    at L2 (c:\\Users\\sotoj\\.vscode\\extensions\\uqbar.wollok-lsp-ide-0.5.5\\out\\server\\src\\server.js:2421:42)\n    at c:\\Users\\sotoj\\.vscode\\extensions\\uqbar.wollok-lsp-ide-0.5.5\\out\\server\\src\\server.js:2421:2988\n    at c:\\Users\\sotoj\\.vscode\\extensions\\uqbar.wollok-lsp-ide-0.5.5\\out\\server\\src\\server.js:2430:8440\n    at c:\\Users\\sotoj\\.vscode\\extensions\\uqbar.wollok-lsp-ide-0.5.5\\out\\server\\src\\server.js:37:74872\n    at Ke (c:\\Users\\sotoj\\.vscode\\extensions\\uqbar.wollok-lsp-ide-0.5.5\\out\\server\\src\\server.js:7:8527)","timestamp":"2026-09-23T11:53:37.708Z"}
{"level":"info","message":"⌛ Validating codigoRaton.wlk","timeElapsed":167,"timestamp":"2026-09-23T11:53:37.881Z"}
{"level":"info","message":"⌛ Validating codigoRaton.wlk","timeElapsed":170,"timestamp":"2026-09-23T11:53:38.056Z"}
{"level":"info","message":"⌛ Building environment","timeElapsed":128,"timestamp":"2026-09-23T11:53:38.185Z"}
{"level":"info","message":"⌛ Building environment","timeElapsed":128,"timestamp":"2026-09-23T11:53:38.315Z"}
{"level":"info","message":"⌛ Building environment","timeElapsed":149,"timestamp":"2026-09-23T11:53:38.466Z"}
{"level":"info","message":"⌛ Building environment","timeElapsed":119,"timestamp":"2026-09-23T11:53:38.586Z"}
{"level":"info","message":"⌛ Building environment","timeElapsed":142,"timestamp":"2026-09-23T11:53:38.731Z"}
{"level":"info","message":"⌛ Validating codigoRaton.wlk","timeElapsed":184,"timestamp":"2026-09-23T11:53:38.930Z"}
{"level":"info","message":"⌛ Validating codigoRaton.wlk","timeElapsed":195,"timestamp":"2026-09-23T11:53:39.133Z"}
{"level":"info","message":"⌛ Validating codigoRaton.wlk","timeElapsed":159,"timestamp":"2026-09-23T11:53:39.293Z"}
{"level":"info","message":"⌛ Validating codigoRaton.wlk","timeElapsed":174,"timestamp":"2026-09-23T11:53:39.475Z"}
{"level":"info","message":"⌛ Validating codigoRaton.wlk","timeElapsed":154,"timestamp":"2026-09-23T11:53:39.632Z"}
{"level":"info","message":"⌛ Validating codigoRaton.wlk","timeElapsed":160,"timestamp":"2026-09-23T11:53:39.792Z"}
{"level":"info","message":"⌛ Building environment","timeElapsed":186,"timestamp":"2026-09-23T11:53:47.510Z"}
{"level":"error","message":"✘ Completions for node Send ([20:28, 20:37] - codigoRaton.wlk) failed: Error: [Send]{4b05c7} at codigoRaton.wlk:20 exhausted all cases without a match [Send]{4b05c7} at codigoRaton.wlk:20 exhausted all cases without a match","stack":"Error: [Send]{4b05c7} at codigoRaton.wlk:20 exhausted all cases without a match\n    at c:\\Users\\sotoj\\.vscode\\extensions\\uqbar.wollok-lsp-ide-0.5.5\\out\\server\\src\\server.js:38:6142\n    at L2 (c:\\Users\\sotoj\\.vscode\\extensions\\uqbar.wollok-lsp-ide-0.5.5\\out\\server\\src\\server.js:2421:42)\n    at Jh (c:\\Users\\sotoj\\.vscode\\extensions\\uqbar.wollok-lsp-ide-0.5.5\\out\\server\\src\\server.js:2421:1092)\n    at w5n (c:\\Users\\sotoj\\.vscode\\extensions\\uqbar.wollok-lsp-ide-0.5.5\\out\\server\\src\\server.js:2421:1248)\n    at c:\\Users\\sotoj\\.vscode\\extensions\\uqbar.wollok-lsp-ide-0.5.5\\out\\server\\src\\server.js:38:6131\n    at L2 (c:\\Users\\sotoj\\.vscode\\extensions\\uqbar.wollok-lsp-ide-0.5.5\\out\\server\\src\\server.js:2421:42)\n    at c:\\Users\\sotoj\\.vscode\\extensions\\uqbar.wollok-lsp-ide-0.5.5\\out\\server\\src\\server.js:2421:2988\n    at c:\\Users\\sotoj\\.vscode\\extensions\\uqbar.wollok-lsp-ide-0.5.5\\out\\server\\src\\server.js:2430:8440\n    at c:\\Users\\sotoj\\.vscode\\extensions\\uqbar.wollok-lsp-ide-0.5.5\\out\\server\\src\\server.js:37:74872\n    at Ke (c:\\Users\\sotoj\\.vscode\\extensions\\uqbar.wollok-lsp-ide-0.5.5\\out\\server\\src\\server.js:7:8527)","timestamp":"2026-09-23T11:53:47.551Z"}
{"level":"info","message":"⌛ Building environment","timeElapsed":144,"timestamp":"2026-09-23T11:53:47.700Z"}
{"level":"info","message":"⌛ Validating codigoRaton.wlk","timeElapsed":189,"timestamp":"2026-09-23T11:53:47.928Z"}
{"level":"info","message":"⌛ Validating codigoRaton.wlk","timeElapsed":275,"timestamp":"2026-09-23T11:53:48.208Z"}
{"level":"info","message":"⌛ Building environment","timeElapsed":116,"timestamp":"2026-09-23T11:53:48.353Z"}
{"level":"info","message":"⌛ Building environment","timeElapsed":143,"timestamp":"2026-09-23T11:53:48.500Z"}
{"level":"info","message":"⌛ Building environment","timeElapsed":640,"timestamp":"2026-09-23T11:53:49.144Z"}
{"level":"info","message":"⌛ Validating codigoRaton.wlk","timeElapsed":162,"timestamp":"2026-09-23T11:53:49.311Z"}
{"level":"info","message":"⌛ Validating codigoRaton.wlk","timeElapsed":153,"timestamp":"2026-09-23T11:53:49.485Z"}
{"level":"info","message":"⌛ Validating codigoRaton.wlk","timeElapsed":169,"timestamp":"2026-09-23T11:53:49.745Z"}
{"level":"info","message":"⌛ Building environment","timeElapsed":164,"timestamp":"2026-09-23T11:53:50.051Z"}
{"level":"info","message":"⌛ Validating codigoRaton.wlk","timeElapsed":190,"timestamp":"2026-09-23T11:53:50.242Z"}
{"level":"info","message":"⌛ Building environment","timeElapsed":151,"timestamp":"2026-09-23T11:53:52.059Z"}
{"level":"info","message":"⌛ Validating codigoRaton.wlk","timeElapsed":181,"timestamp":"2026-09-23T11:53:52.241Z"}
{"level":"info","message":"⌛ Building environment","timeElapsed":149,"timestamp":"2026-09-23T11:53:52.425Z"}
{"level":"info","message":"⌛ Validating codigoRaton.wlk","timeElapsed":185,"timestamp":"2026-09-23T11:53:52.620Z"}
{"level":"error","message":"✘ Failed to get type description: Error: Failed to print, found malformed node Failed to print, found malformed node","node":{"id":"4796ed56-7bf5-4c81-b567-215f9e3146dd","metadata":[],"problems":[{"code":"malformedSentence","sourceMap":{"end":{"column":44,"line":20,"offset":381},"start":{"column":28,"line":20,"offset":365}}}],"scope":{"containerScope":{"containerScope":{"containerScope":{"containerScope":{"contributions":{},"includedScopes":[]},"contributions":{},"includedScopes":[{"contributions":{},"includedScopes":[]}]},"contributions":{},"includedScopes":[{"containerScope":{"containerScope":{"containerScope":{"contributions":{},"includedScopes":[]},"contributions":{},"includedScopes":[]},"contributions":{},"includedScopes":[]},"contributions":{},"includedScopes":[]}]},"contributions":{},"includedScopes":[]},"contributions":{},"includedScopes":[]},"sentences":[{"id":"623cc512-d36a-4d07-8897-a7898e5f9b1b","isConstant":true,"metadata":[],"name":"comida","scope":{"containerScope":{"containerScope":{"containerScope":{"containerScope":{"containerScope":{"contributions":{},"includedScopes":[]},"contributions":{},"includedScopes":[{"contributions":{},"includedScopes":[]}]},"contributions":{},"includedScopes":[{"containerScope":{"containerScope":{"containerScope":{"contributions":{},"includedScopes":[]},"contributions":{},"includedScopes":[]},"contributions":{},"includedScopes":[]},"contributions":{},"includedScopes":[]}]},"contributions":{},"includedScopes":[]},"contributions":{},"includedScopes":[]},"contributions":{},"includedScopes":[]},"sourceMap":{"end":{"column":27,"line":20,"offset":364},"start":{"column":9,"line":20,"offset":346}},"value":{"id":"1227d3a9-8515-4d8d-a4fd-94868a5474a8","metadata":[],"name":"new","scope":{"containerScope":{"containerScope":{"containerScope":{"containerScope":{"containerScope":{"containerScope":{"contributions":{},"includedScopes":[]},"contributions":{},"includedScopes":[{"contributions":{},"includedScopes":[]}]},"contributions":{},"includedScopes":[{"containerScope":{"containerScope":{"containerScope":{"contributions":{},"includedScopes":[]},"contributions":{},"includedScopes":[]},"contributions":{},"includedScopes":[]},"contributions":{},"includedScopes":[]}]},"contributions":{},"includedScopes":[]},"contributions":{},"includedScopes":[]},"contributions":{},"includedScopes":[]},"contributions":{},"includedScopes":[]},"sourceMap":{"end":{"column":27,"line":20,"offset":364},"start":{"column":24,"line":20,"offset":361}}}},{"args":[{"id":"360b005a-4492-44fc-bf59-99337421fca1","metadata":[],"name":"comida","scope":{"containerScope":{"containerScope":{"containerScope":{"containerScope":{"containerScope":{"containerScope":{"contributions":{},"includedScopes":[]},"contributions":{},"includedScopes":[{"contributions":{},"includedScopes":[]}]},"contributions":{},"includedScopes":[{"containerScope":{"containerScope":{"containerScope":{"contributions":{},"includedScopes":[]},"contributions":{},"includedScopes":[]},"contributions":{},"includedScopes":[]},"contributions":{},"includedScopes":[]}]},"contributions":{},"includedScopes":[]},"contributions":{},"includedScopes":[]},"contributions":{},"includedScopes":[]},"contributions":{},"includedScopes":[]},"sourceMap":{"end":{"column":30,"line":21,"offset":412},"start":{"column":24,"line":21,"offset":406}}}],"id":"5aa62186-6170-4365-bda1-7482f89834d2","message":"addVisual","metadata":[],"receiver":{"id":"07928e9e-b68b-4774-9339-cf140c14d303","metadata":[],"name":"game","scope":{"containerScope":{"containerScope":{"containerScope":{"containerScope":{"containerScope":{"containerScope":{"contributions":{},"includedScopes":[]},"contributions":{},"includedScopes":[{"contributions":{},"includedScopes":[]}]},"contributions":{},"includedScopes":[{"containerScope":{"containerScope":{"containerScope":{"contributions":{},"includedScopes":[]},"contributions":{},"includedScopes":[]},"contributions":{},"includedScopes":[]},"contributions":{},"includedScopes":[]}]},"contributions":{},"includedScopes":[]},"contributions":{},"includedScopes":[]},"contributions":{},"includedScopes":[]},"contributions":{},"includedScopes":[]},"sourceMap":{"end":{"column":13,"line":21,"offset":395},"start":{"column":9,"line":21,"offset":391}}},"scope":{"containerScope":{"containerScope":{"containerScope":{"containerScope":{"containerScope":{"contributions":{},"includedScopes":[]},"contributions":{},"includedScopes":[{"contributions":{},"includedScopes":[]}]},"contributions":{},"includedScopes":[{"containerScope":{"containerScope":{"containerScope":{"contributions":{},"includedScopes":[]},"contributions":{},"includedScopes":[]},"contributions":{},"includedScopes":[]},"contributions":{},"includedScopes":[]}]},"contributions":{},"includedScopes":[]},"contributions":{},"includedScopes":[]},"contributions":{},"includedScopes":[]},"sourceMap":{"end":{"column":31,"line":21,"offset":413},"start":{"column":9,"line":21,"offset":391}}}],"sourceMap":{"end":{"column":6,"line":22,"offset":420},"start":{"column":26,"line":19,"offset":335}}},"stack":"Error: Failed to print, found malformed node\n    at c:\\Users\\sotoj\\.vscode\\extensions\\uqbar.wollok-lsp-ide-0.5.5\\out\\server\\src\\server.js:68:3585\n    at c:\\Users\\sotoj\\.vscode\\extensions\\uqbar.wollok-lsp-ide-0.5.5\\out\\server\\src\\server.js:68:5370\n    at c:\\Users\\sotoj\\.vscode\\extensions\\uqbar.wollok-lsp-ide-0.5.5\\out\\server\\src\\server.js:38:6131\n    at c:\\Users\\sotoj\\.vscode\\extensions\\uqbar.wollok-lsp-ide-0.5.5\\out\\server\\src\\server.js:68:3664\n    at Ybn (c:\\Users\\sotoj\\.vscode\\extensions\\uqbar.wollok-lsp-ide-0.5.5\\out\\server\\src\\server.js:68:3396)\n    at c:\\Users\\sotoj\\.vscode\\extensions\\uqbar.wollok-lsp-ide-0.5.5\\out\\server\\src\\server.js:2430:847\n    at c:\\Users\\sotoj\\.vscode\\extensions\\uqbar.wollok-lsp-ide-0.5.5\\out\\server\\src\\server.js:2430:8440\n    at c:\\Users\\sotoj\\.vscode\\extensions\\uqbar.wollok-lsp-ide-0.5.5\\out\\server\\src\\server.js:37:74770\n    at Ke (c:\\Users\\sotoj\\.vscode\\extensions\\uqbar.wollok-lsp-ide-0.5.5\\out\\server\\src\\server.js:7:8527)\n    at It (c:\\Users\\sotoj\\.vscode\\extensions\\uqbar.wollok-lsp-ide-0.5.5\\out\\server\\src\\server.js:7:6189)","timestamp":"2026-09-23T11:53:55.487Z"}
{"level":"info","message":"⌛ Building environment","timeElapsed":173,"timestamp":"2026-09-23T11:53:58.998Z"}
{"level":"error","message":"✘ Completions for node Parameter ([19:24, 19:25] - codigoRaton.wlk) failed: Error: [Parameter]{9d045a} at codigoRaton.wlk:19 exhausted all cases without a match [Parameter]{9d045a} at codigoRaton.wlk:19 exhausted all cases without a match","stack":"Error: [Parameter]{9d045a} at codigoRaton.wlk:19 exhausted all cases without a match\n    at c:\\Users\\sotoj\\.vscode\\extensions\\uqbar.wollok-lsp-ide-0.5.5\\out\\server\\src\\server.js:38:6142\n    at L2 (c:\\Users\\sotoj\\.vscode\\extensions\\uqbar.wollok-lsp-ide-0.5.5\\out\\server\\src\\server.js:2421:42)\n    at c:\\Users\\sotoj\\.vscode\\extensions\\uqbar.wollok-lsp-ide-0.5.5\\out\\server\\src\\server.js:2421:2988\n    at c:\\Users\\sotoj\\.vscode\\extensions\\uqbar.wollok-lsp-ide-0.5.5\\out\\server\\src\\server.js:2430:8440\n    at c:\\Users\\sotoj\\.vscode\\extensions\\uqbar.wollok-lsp-ide-0.5.5\\out\\server\\src\\server.js:37:74872\n    at Ke (c:\\Users\\sotoj\\.vscode\\extensions\\uqbar.wollok-lsp-ide-0.5.5\\out\\server\\src\\server.js:7:8527)\n    at It (c:\\Users\\sotoj\\.vscode\\extensions\\uqbar.wollok-lsp-ide-0.5.5\\out\\server\\src\\server.js:7:6189)\n    at et (c:\\Users\\sotoj\\.vscode\\extensions\\uqbar.wollok-lsp-ide-0.5.5\\out\\server\\src\\server.js:7:6378)\n    at Immediate._onImmediate (c:\\Users\\sotoj\\.vscode\\extensions\\uqbar.wollok-lsp-ide-0.5.5\\out\\server\\src\\server.js:7:6142)\n    at process.processImmediate (node:internal/timers:504:21)","timestamp":"2026-09-23T11:53:59.032Z"}
{"level":"info","message":"⌛ Validating codigoRaton.wlk","timeElapsed":232,"timestamp":"2026-09-23T11:53:59.270Z"}
{"level":"info","message":"⌛ Building environment","timeElapsed":170,"timestamp":"2026-09-23T11:53:59.458Z"}
{"level":"error","message":"✘ Completions for node Parameter ([19:24, 19:26] - codigoRaton.wlk) failed: Error: [Parameter]{cc806d} at codigoRaton.wlk:19 exhausted all cases without a match [Parameter]{cc806d} at codigoRaton.wlk:19 exhausted all cases without a match","stack":"Error: [Parameter]{cc806d} at codigoRaton.wlk:19 exhausted all cases without a match\n    at c:\\Users\\sotoj\\.vscode\\extensions\\uqbar.wollok-lsp-ide-0.5.5\\out\\server\\src\\server.js:38:6142\n    at L2 (c:\\Users\\sotoj\\.vscode\\extensions\\uqbar.wollok-lsp-ide-0.5.5\\out\\server\\src\\server.js:2421:42)\n    at c:\\Users\\sotoj\\.vscode\\extensions\\uqbar.wollok-lsp-ide-0.5.5\\out\\server\\src\\server.js:2421:2988\n    at c:\\Users\\sotoj\\.vscode\\extensions\\uqbar.wollok-lsp-ide-0.5.5\\out\\server\\src\\server.js:2430:8440\n    at c:\\Users\\sotoj\\.vscode\\extensions\\uqbar.wollok-lsp-ide-0.5.5\\out\\server\\src\\server.js:37:74872\n    at Ke (c:\\Users\\sotoj\\.vscode\\extensions\\uqbar.wollok-lsp-ide-0.5.5\\out\\server\\src\\server.js:7:8527)\n    at It (c:\\Users\\sotoj\\.vscode\\extensions\\uqbar.wollok-lsp-ide-0.5.5\\out\\server\\src\\server.js:7:6189)\n    at et (c:\\Users\\sotoj\\.vscode\\extensions\\uqbar.wollok-lsp-ide-0.5.5\\out\\server\\src\\server.js:7:6378)\n    at Immediate._onImmediate (c:\\Users\\sotoj\\.vscode\\extensions\\uqbar.wollok-lsp-ide-0.5.5\\out\\server\\src\\server.js:7:6142)\n    at process.processImmediate (node:internal/timers:504:21)","timestamp":"2026-09-23T11:53:59.504Z"}
{"level":"info","message":"⌛ Building environment","timeElapsed":206,"timestamp":"2026-09-23T11:53:59.729Z"}
{"level":"info","message":"⌛ Building environment","timeElapsed":111,"timestamp":"2026-09-23T11:53:59.868Z"}
{"level":"info","message":"⌛ Validating codigoRaton.wlk","timeElapsed":218,"timestamp":"2026-09-23T11:54:00.088Z"}
{"level":"info","message":"⌛ Building environment","timeElapsed":191,"timestamp":"2026-09-23T11:54:00.280Z"}
{"level":"info","message":"⌛ Building environment","timeElapsed":133,"timestamp":"2026-09-23T11:54:00.415Z"}
{"level":"error","message":"✘ Completions for node Parameter ([19:24, 19:30] - codigoRaton.wlk) failed: Error: [Parameter]{3673c4} at codigoRaton.wlk:19 exhausted all cases without a match [Parameter]{3673c4} at codigoRaton.wlk:19 exhausted all cases without a match","stack":"Error: [Parameter]{3673c4} at codigoRaton.wlk:19 exhausted all cases without a match\n    at c:\\Users\\sotoj\\.vscode\\extensions\\uqbar.wollok-lsp-ide-0.5.5\\out\\server\\src\\server.js:38:6142\n    at L2 (c:\\Users\\sotoj\\.vscode\\extensions\\uqbar.wollok-lsp-ide-0.5.5\\out\\server\\src\\server.js:2421:42)\n    at c:\\Users\\sotoj\\.vscode\\extensions\\uqbar.wollok-lsp-ide-0.5.5\\out\\server\\src\\server.js:2421:2988\n    at c:\\Users\\sotoj\\.vscode\\extensions\\uqbar.wollok-lsp-ide-0.5.5\\out\\server\\src\\server.js:2430:8440\n    at c:\\Users\\sotoj\\.vscode\\extensions\\uqbar.wollok-lsp-ide-0.5.5\\out\\server\\src\\server.js:37:74872\n    at Ke (c:\\Users\\sotoj\\.vscode\\extensions\\uqbar.wollok-lsp-ide-0.5.5\\out\\server\\src\\server.js:7:8527)\n    at It (c:\\Users\\sotoj\\.vscode\\extensions\\uqbar.wollok-lsp-ide-0.5.5\\out\\server\\src\\server.js:7:6189)\n    at et (c:\\Users\\sotoj\\.vscode\\extensions\\uqbar.wollok-lsp-ide-0.5.5\\out\\server\\src\\server.js:7:6378)\n    at Immediate._onImmediate (c:\\Users\\sotoj\\.vscode\\extensions\\uqbar.wollok-lsp-ide-0.5.5\\out\\server\\src\\server.js:7:6142)\n    at process.processImmediate (node:internal/timers:504:21)","timestamp":"2026-09-23T11:54:00.489Z"}
{"level":"info","message":"⌛ Validating codigoRaton.wlk","timeElapsed":217,"timestamp":"2026-09-23T11:54:00.711Z"}
{"level":"info","message":"⌛ Validating codigoRaton.wlk","timeElapsed":218,"timestamp":"2026-09-23T11:54:00.996Z"}
{"level":"info","message":"⌛ Validating codigoRaton.wlk","timeElapsed":178,"timestamp":"2026-09-23T11:54:01.192Z"}
{"level":"info","message":"⌛ Validating codigoRaton.wlk","timeElapsed":237,"timestamp":"2026-09-23T11:54:01.605Z"}
{"level":"error","message":"✘ Failed to get type description: Error: Failed to print, found malformed node Failed to print, found malformed node","node":{"id":"f5e06276-c9d5-410e-bdc9-14bf83c656e2","metadata":[],"problems":[{"code":"malformedSentence","sourceMap":{"end":{"column":44,"line":20,"offset":387},"start":{"column":28,"line":20,"offset":371}}}],"scope":{"containerScope":{"containerScope":{"containerScope":{"containerScope":{"contributions":{},"includedScopes":[]},"contributions":{},"includedScopes":[{"contributions":{},"includedScopes":[]}]},"contributions":{},"includedScopes":[{"containerScope":{"containerScope":{"containerScope":{"contributions":{},"includedScopes":[]},"contributions":{},"includedScopes":[]},"contributions":{},"includedScopes":[]},"contributions":{},"includedScopes":[]}]},"contributions":{},"includedScopes":[]},"contributions":{},"includedScopes":[]},"sentences":[{"id":"297c1449-afd1-4a65-b996-77cd710a5d50","isConstant":true,"metadata":[],"name":"comida","scope":{"containerScope":{"containerScope":{"containerScope":{"containerScope":{"containerScope":{"contributions":{},"includedScopes":[]},"contributions":{},"includedScopes":[{"contributions":{},"includedScopes":[]}]},"contributions":{},"includedScopes":[{"containerScope":{"containerScope":{"containerScope":{"contributions":{},"includedScopes":[]},"contributions":{},"includedScopes":[]},"contributions":{},"includedScopes":[]},"contributions":{},"includedScopes":[]}]},"contributions":{},"includedScopes":[]},"contributions":{},"includedScopes":[]},"contributions":{},"includedScopes":[]},"sourceMap":{"end":{"column":27,"line":20,"offset":370},"start":{"column":9,"line":20,"offset":352}},"value":{"id":"0677a46a-96e4-4914-9982-71cde57ca3e5","metadata":[],"name":"new","scope":{"containerScope":{"containerScope":{"containerScope":{"containerScope":{"containerScope":{"containerScope":{"contributions":{},"includedScopes":[]},"contributions":{},"includedScopes":[{"contributions":{},"includedScopes":[]}]},"contributions":{},"includedScopes":[{"containerScope":{"containerScope":{"containerScope":{"contributions":{},"includedScopes":[]},"contributions":{},"includedScopes":[]},"contributions":{},"includedScopes":[]},"contributions":{},"includedScopes":[]}]},"contributions":{},"includedScopes":[]},"contributions":{},"includedScopes":[]},"contributions":{},"includedScopes":[]},"contributions":{},"includedScopes":[]},"sourceMap":{"end":{"column":27,"line":20,"offset":370},"start":{"column":24,"line":20,"offset":367}}}},{"args":[{"id":"aeac801e-4110-4819-a4c7-2cce1eed22a2","metadata":[],"name":"comida","scope":{"containerScope":{"containerScope":{"containerScope":{"containerScope":{"containerScope":{"containerScope":{"contributions":{},"includedScopes":[]},"contributions":{},"includedScopes":[{"contributions":{},"includedScopes":[]}]},"contributions":{},"includedScopes":[{"containerScope":{"containerScope":{"containerScope":{"contributions":{},"includedScopes":[]},"contributions":{},"includedScopes":[]},"contributions":{},"includedScopes":[]},"contributions":{},"includedScopes":[]}]},"contributions":{},"includedScopes":[]},"contributions":{},"includedScopes":[]},"contributions":{},"includedScopes":[]},"contributions":{},"includedScopes":[]},"sourceMap":{"end":{"column":30,"line":21,"offset":418},"start":{"column":24,"line":21,"offset":412}}}],"id":"ceb3735b-fe5b-4828-b5d9-9b19cc3c9887","message":"addVisual","metadata":[],"receiver":{"id":"70638d4f-1f2a-4e99-b2a8-8e523c6a111b","metadata":[],"name":"game","scope":{"containerScope":{"containerScope":{"containerScope":{"containerScope":{"containerScope":{"containerScope":{"contributions":{},"includedScopes":[]},"contributions":{},"includedScopes":[{"contributions":{},"includedScopes":[]}]},"contributions":{},"includedScopes":[{"containerScope":{"containerScope":{"containerScope":{"contributions":{},"includedScopes":[]},"contributions":{},"includedScopes":[]},"contributions":{},"includedScopes":[]},"contributions":{},"includedScopes":[]}]},"contributions":{},"includedScopes":[]},"contributions":{},"includedScopes":[]},"contributions":{},"includedScopes":[]},"contributions":{},"includedScopes":[]},"sourceMap":{"end":{"column":13,"line":21,"offset":401},"start":{"column":9,"line":21,"offset":397}}},"scope":{"containerScope":{"containerScope":{"containerScope":{"containerScope":{"containerScope":{"contributions":{},"includedScopes":[]},"contributions":{},"includedScopes":[{"contributions":{},"includedScopes":[]}]},"contributions":{},"includedScopes":[{"containerScope":{"containerScope":{"containerScope":{"contributions":{},"includedScopes":[]},"contributions":{},"includedScopes":[]},"contributions":{},"includedScopes":[]},"contributions":{},"includedScopes":[]}]},"contributions":{},"includedScopes":[]},"contributions":{},"includedScopes":[]},"contributions":{},"includedScopes":[]},"sourceMap":{"end":{"column":31,"line":21,"offset":419},"start":{"column":9,"line":21,"offset":397}}}],"sourceMap":{"end":{"column":6,"line":22,"offset":426},"start":{"column":32,"line":19,"offset":341}}},"stack":"Error: Failed to print, found malformed node\n    at c:\\Users\\sotoj\\.vscode\\extensions\\uqbar.wollok-lsp-ide-0.5.5\\out\\server\\src\\server.js:68:3585\n    at c:\\Users\\sotoj\\.vscode\\extensions\\uqbar.wollok-lsp-ide-0.5.5\\out\\server\\src\\server.js:68:5370\n    at c:\\Users\\sotoj\\.vscode\\extensions\\uqbar.wollok-lsp-ide-0.5.5\\out\\server\\src\\server.js:38:6131\n    at c:\\Users\\sotoj\\.vscode\\extensions\\uqbar.wollok-lsp-ide-0.5.5\\out\\server\\src\\server.js:68:3664\n    at Ybn (c:\\Users\\sotoj\\.vscode\\extensions\\uqbar.wollok-lsp-ide-0.5.5\\out\\server\\src\\server.js:68:3396)\n    at c:\\Users\\sotoj\\.vscode\\extensions\\uqbar.wollok-lsp-ide-0.5.5\\out\\server\\src\\server.js:2430:847\n    at c:\\Users\\sotoj\\.vscode\\extensions\\uqbar.wollok-lsp-ide-0.5.5\\out\\server\\src\\server.js:2430:8440\n    at c:\\Users\\sotoj\\.vscode\\extensions\\uqbar.wollok-lsp-ide-0.5.5\\out\\server\\src\\server.js:37:74770\n    at Ke (c:\\Users\\sotoj\\.vscode\\extensions\\uqbar.wollok-lsp-ide-0.5.5\\out\\server\\src\\server.js:7:8527)\n    at It (c:\\Users\\sotoj\\.vscode\\extensions\\uqbar.wollok-lsp-ide-0.5.5\\out\\server\\src\\server.js:7:6189)","timestamp":"2026-09-23T11:54:03.723Z"}
{"level":"error","message":"✘ Failed to get type description: Error: Failed to print, found malformed node Failed to print, found malformed node","node":{"id":"f5e06276-c9d5-410e-bdc9-14bf83c656e2","metadata":[],"problems":[{"code":"malformedSentence","sourceMap":{"end":{"column":44,"line":20,"offset":387},"start":{"column":28,"line":20,"offset":371}}}],"scope":{"containerScope":{"containerScope":{"containerScope":{"containerScope":{"contributions":{},"includedScopes":[]},"contributions":{},"includedScopes":[{"contributions":{},"includedScopes":[]}]},"contributions":{},"includedScopes":[{"containerScope":{"containerScope":{"containerScope":{"contributions":{},"includedScopes":[]},"contributions":{},"includedScopes":[]},"contributions":{},"includedScopes":[]},"contributions":{},"includedScopes":[]}]},"contributions":{},"includedScopes":[]},"contributions":{},"includedScopes":[]},"sentences":[{"id":"297c1449-afd1-4a65-b996-77cd710a5d50","isConstant":true,"metadata":[],"name":"comida","scope":{"containerScope":{"containerScope":{"containerScope":{"containerScope":{"containerScope":{"contributions":{},"includedScopes":[]},"contributions":{},"includedScopes":[{"contributions":{},"includedScopes":[]}]},"contributions":{},"includedScopes":[{"containerScope":{"containerScope":{"containerScope":{"contributions":{},"includedScopes":[]},"contributions":{},"includedScopes":[]},"contributions":{},"includedScopes":[]},"contributions":{},"includedScopes":[]}]},"contributions":{},"includedScopes":[]},"contributions":{},"includedScopes":[]},"contributions":{},"includedScopes":[]},"sourceMap":{"end":{"column":27,"line":20,"offset":370},"start":{"column":9,"line":20,"offset":352}},"value":{"id":"0677a46a-96e4-4914-9982-71cde57ca3e5","metadata":[],"name":"new","scope":{"containerScope":{"containerScope":{"containerScope":{"containerScope":{"containerScope":{"containerScope":{"contributions":{},"includedScopes":[]},"contributions":{},"includedScopes":[{"contributions":{},"includedScopes":[]}]},"contributions":{},"includedScopes":[{"containerScope":{"containerScope":{"containerScope":{"contributions":{},"includedScopes":[]},"contributions":{},"includedScopes":[]},"contributions":{},"includedScopes":[]},"contributions":{},"includedScopes":[]}]},"contributions":{},"includedScopes":[]},"contributions":{},"includedScopes":[]},"contributions":{},"includedScopes":[]},"contributions":{},"includedScopes":[]},"sourceMap":{"end":{"column":27,"line":20,"offset":370},"start":{"column":24,"line":20,"offset":367}}}},{"args":[{"id":"aeac801e-4110-4819-a4c7-2cce1eed22a2","metadata":[],"name":"comida","scope":{"containerScope":{"containerScope":{"containerScope":{"containerScope":{"containerScope":{"containerScope":{"contributions":{},"includedScopes":[]},"contributions":{},"includedScopes":[{"contributions":{},"includedScopes":[]}]},"contributions":{},"includedScopes":[{"containerScope":{"containerScope":{"containerScope":{"contributions":{},"includedScopes":[]},"contributions":{},"includedScopes":[]},"contributions":{},"includedScopes":[]},"contributions":{},"includedScopes":[]}]},"contributions":{},"includedScopes":[]},"contributions":{},"includedScopes":[]},"contributions":{},"includedScopes":[]},"contributions":{},"includedScopes":[]},"sourceMap":{"end":{"column":30,"line":21,"offset":418},"start":{"column":24,"line":21,"offset":412}}}],"id":"ceb3735b-fe5b-4828-b5d9-9b19cc3c9887","message":"addVisual","metadata":[],"receiver":{"id":"70638d4f-1f2a-4e99-b2a8-8e523c6a111b","metadata":[],"name":"game","scope":{"containerScope":{"containerScope":{"containerScope":{"containerScope":{"containerScope":{"containerScope":{"contributions":{},"includedScopes":[]},"contributions":{},"includedScopes":[{"contributions":{},"includedScopes":[]}]},"contributions":{},"includedScopes":[{"containerScope":{"containerScope":{"containerScope":{"contributions":{},"includedScopes":[]},"contributions":{},"includedScopes":[]},"contributions":{},"includedScopes":[]},"contributions":{},"includedScopes":[]}]},"contributions":{},"includedScopes":[]},"contributions":{},"includedScopes":[]},"contributions":{},"includedScopes":[]},"contributions":{},"includedScopes":[]},"sourceMap":{"end":{"column":13,"line":21,"offset":401},"start":{"column":9,"line":21,"offset":397}}},"scope":{"containerScope":{"containerScope":{"containerScope":{"containerScope":{"containerScope":{"contributions":{},"includedScopes":[]},"contributions":{},"includedScopes":[{"contributions":{},"includedScopes":[]}]},"contributions":{},"includedScopes":[{"containerScope":{"containerScope":{"containerScope":{"contributions":{},"includedScopes":[]},"contributions":{},"includedScopes":[]},"contributions":{},"includedScopes":[]},"contributions":{},"includedScopes":[]}]},"contributions":{},"includedScopes":[]},"contributions":{},"includedScopes":[]},"contributions":{},"includedScopes":[]},"sourceMap":{"end":{"column":31,"line":21,"offset":419},"start":{"column":9,"line":21,"offset":397}}}],"sourceMap":{"end":{"column":6,"line":22,"offset":426},"start":{"column":32,"line":19,"offset":341}}},"stack":"Error: Failed to print, found malformed node\n    at c:\\Users\\sotoj\\.vscode\\extensions\\uqbar.wollok-lsp-ide-0.5.5\\out\\server\\src\\server.js:68:3585\n    at c:\\Users\\sotoj\\.vscode\\extensions\\uqbar.wollok-lsp-ide-0.5.5\\out\\server\\src\\server.js:68:5370\n    at c:\\Users\\sotoj\\.vscode\\extensions\\uqbar.wollok-lsp-ide-0.5.5\\out\\server\\src\\server.js:38:6131\n    at c:\\Users\\sotoj\\.vscode\\extensions\\uqbar.wollok-lsp-ide-0.5.5\\out\\server\\src\\server.js:68:3664\n    at Ybn (c:\\Users\\sotoj\\.vscode\\extensions\\uqbar.wollok-lsp-ide-0.5.5\\out\\server\\src\\server.js:68:3396)\n    at c:\\Users\\sotoj\\.vscode\\extensions\\uqbar.wollok-lsp-ide-0.5.5\\out\\server\\src\\server.js:2430:847\n    at c:\\Users\\sotoj\\.vscode\\extensions\\uqbar.wollok-lsp-ide-0.5.5\\out\\server\\src\\server.js:2430:8440\n    at c:\\Users\\sotoj\\.vscode\\extensions\\uqbar.wollok-lsp-ide-0.5.5\\out\\server\\src\\server.js:37:74770\n    at Ke (c:\\Users\\sotoj\\.vscode\\extensions\\uqbar.wollok-lsp-ide-0.5.5\\out\\server\\src\\server.js:7:8527)\n    at It (c:\\Users\\sotoj\\.vscode\\extensions\\uqbar.wollok-lsp-ide-0.5.5\\out\\server\\src\\server.js:7:6189)","timestamp":"2026-09-23T11:54:05.620Z"}
{"level":"info","message":"⌛ Building environment","timeElapsed":180,"timestamp":"2026-09-23T11:54:07.138Z"}
{"level":"info","message":"⌛ Validating codigoRaton.wlk","timeElapsed":221,"timestamp":"2026-09-23T11:54:07.361Z"}
{"level":"info","message":"⌛ Building environment","timeElapsed":137,"timestamp":"2026-09-23T11:54:07.499Z"}
{"level":"info","message":"⌛ Building environment","timeElapsed":161,"timestamp":"2026-09-23T11:54:07.662Z"}
{"level":"info","message":"⌛ Building environment","timeElapsed":214,"timestamp":"2026-09-23T11:54:07.878Z"}
{"level":"info","message":"⌛ Validating codigoRaton.wlk","timeElapsed":189,"timestamp":"2026-09-23T11:54:08.069Z"}
{"level":"info","message":"⌛ Validating codigoRaton.wlk","timeElapsed":156,"timestamp":"2026-09-23T11:54:08.228Z"}
{"level":"info","message":"⌛ Building environment","timeElapsed":159,"timestamp":"2026-09-23T11:54:08.389Z"}
{"level":"info","message":"⌛ Validating codigoRaton.wlk","timeElapsed":179,"timestamp":"2026-09-23T11:54:08.584Z"}
{"level":"info","message":"⌛ Building environment","timeElapsed":167,"timestamp":"2026-09-23T11:54:08.821Z"}
{"level":"info","message":"⌛ Validating codigoRaton.wlk","timeElapsed":276,"timestamp":"2026-09-23T11:54:09.168Z"}
{"level":"info","message":"⌛ Building environment","timeElapsed":127,"timestamp":"2026-09-23T11:54:09.304Z"}
{"level":"info","message":"⌛ Building environment","timeElapsed":141,"timestamp":"2026-09-23T11:54:09.447Z"}
{"level":"info","message":"⌛ Building environment","timeElapsed":132,"timestamp":"2026-09-23T11:54:09.584Z"}
{"level":"info","message":"⌛ Validating codigoRaton.wlk","timeElapsed":169,"timestamp":"2026-09-23T11:54:09.757Z"}
{"level":"info","message":"⌛ Building environment","timeElapsed":470,"timestamp":"2026-09-23T11:54:10.357Z"}
{"level":"info","message":"⌛ Building environment","timeElapsed":142,"timestamp":"2026-09-23T11:54:10.504Z"}
{"level":"info","message":"⌛ Validating codigoRaton.wlk","timeElapsed":190,"timestamp":"2026-09-23T11:54:10.698Z"}
{"level":"info","message":"⌛ Validating codigoRaton.wlk","timeElapsed":206,"timestamp":"2026-09-23T11:54:10.921Z"}
{"level":"info","message":"⌛ Validating codigoRaton.wlk","timeElapsed":214,"timestamp":"2026-09-23T11:54:11.138Z"}
{"level":"info","message":"⌛ Validating codigoRaton.wlk","timeElapsed":239,"timestamp":"2026-09-23T11:54:11.382Z"}
{"level":"info","message":"⌛ Validating codigoRaton.wlk","timeElapsed":233,"timestamp":"2026-09-23T11:54:11.622Z"}
{"level":"info","message":"⌛ Building environment","timeElapsed":119,"timestamp":"2026-09-23T11:54:11.742Z"}
{"level":"error","message":"✘ Completions for node NamedArgument ([20:35, 20:45] - codigoRaton.wlk) failed: Error: [NamedArgument]{7401b7} at codigoRaton.wlk:20 exhausted all cases without a match [NamedArgument]{7401b7} at codigoRaton.wlk:20 exhausted all cases without a match","stack":"Error: [NamedArgument]{7401b7} at codigoRaton.wlk:20 exhausted all cases without a match\n    at c:\\Users\\sotoj\\.vscode\\extensions\\uqbar.wollok-lsp-ide-0.5.5\\out\\server\\src\\server.js:38:6142\n    at L2 (c:\\Users\\sotoj\\.vscode\\extensions\\uqbar.wollok-lsp-ide-0.5.5\\out\\server\\src\\server.js:2421:42)\n    at Jh (c:\\Users\\sotoj\\.vscode\\extensions\\uqbar.wollok-lsp-ide-0.5.5\\out\\server\\src\\server.js:2421:1092)\n    at w5n (c:\\Users\\sotoj\\.vscode\\extensions\\uqbar.wollok-lsp-ide-0.5.5\\out\\server\\src\\server.js:2421:1248)\n    at c:\\Users\\sotoj\\.vscode\\extensions\\uqbar.wollok-lsp-ide-0.5.5\\out\\server\\src\\server.js:38:6131\n    at L2 (c:\\Users\\sotoj\\.vscode\\extensions\\uqbar.wollok-lsp-ide-0.5.5\\out\\server\\src\\server.js:2421:42)\n    at c:\\Users\\sotoj\\.vscode\\extensions\\uqbar.wollok-lsp-ide-0.5.5\\out\\server\\src\\server.js:2421:2988\n    at c:\\Users\\sotoj\\.vscode\\extensions\\uqbar.wollok-lsp-ide-0.5.5\\out\\server\\src\\server.js:2430:8440\n    at c:\\Users\\sotoj\\.vscode\\extensions\\uqbar.wollok-lsp-ide-0.5.5\\out\\server\\src\\server.js:37:74872\n    at Ke (c:\\Users\\sotoj\\.vscode\\extensions\\uqbar.wollok-lsp-ide-0.5.5\\out\\server\\src\\server.js:7:8527)","timestamp":"2026-09-23T11:54:11.799Z"}
{"level":"info","message":"⌛ Building environment","timeElapsed":161,"timestamp":"2026-09-23T11:54:11.966Z"}
{"level":"info","message":"⌛ Building environment","timeElapsed":108,"timestamp":"2026-09-23T11:54:12.097Z"}
{"level":"info","message":"⌛ Building environment","timeElapsed":141,"timestamp":"2026-09-23T11:54:12.244Z"}
{"level":"info","message":"⌛ Building environment","timeElapsed":137,"timestamp":"2026-09-23T11:54:12.382Z"}
{"level":"info","message":"⌛ Building environment","timeElapsed":123,"timestamp":"2026-09-23T11:54:12.511Z"}
{"level":"info","message":"⌛ Validating codigoRaton.wlk","timeElapsed":189,"timestamp":"2026-09-23T11:54:12.702Z"}
{"level":"info","message":"⌛ Validating codigoRaton.wlk","timeElapsed":143,"timestamp":"2026-09-23T11:54:12.868Z"}
{"level":"info","message":"⌛ Validating codigoRaton.wlk","timeElapsed":155,"timestamp":"2026-09-23T11:54:13.030Z"}
{"level":"info","message":"⌛ Validating codigoRaton.wlk","timeElapsed":164,"timestamp":"2026-09-23T11:54:13.203Z"}
{"level":"info","message":"⌛ Validating codigoRaton.wlk","timeElapsed":180,"timestamp":"2026-09-23T11:54:13.423Z"}
{"level":"info","message":"⌛ Validating codigoRaton.wlk","timeElapsed":187,"timestamp":"2026-09-23T11:54:13.612Z"}
{"level":"info","message":"⌛ Building environment","timeElapsed":173,"timestamp":"2026-09-23T11:54:22.227Z"}
{"level":"info","message":"⌛ Validating codigoRaton.wlk","timeElapsed":220,"timestamp":"2026-09-23T11:54:22.464Z"}
{"level":"info","message":"⌛ Building environment","timeElapsed":137,"timestamp":"2026-09-23T11:54:22.615Z"}
{"level":"info","message":"⌛ Validating codigoRaton.wlk","timeElapsed":167,"timestamp":"2026-09-23T11:54:22.785Z"}
{"level":"info","message":"⌛ Building environment","timeElapsed":151,"timestamp":"2026-09-23T11:54:58.496Z"}
{"level":"info","message":"⌛ Validating codigoRaton.wlk","timeElapsed":191,"timestamp":"2026-09-23T11:54:58.689Z"}
{"level":"info","message":"⌛ Building environment","timeElapsed":155,"timestamp":"2026-09-23T11:54:59.311Z"}
{"level":"info","message":"⌛ Validating codigoRaton.wlk","timeElapsed":224,"timestamp":"2026-09-23T11:54:59.587Z"}
{"level":"info","message":"⌛ Building environment","timeElapsed":193,"timestamp":"2026-09-23T11:54:59.782Z"}
{"level":"info","message":"⌛ Building environment","timeElapsed":202,"timestamp":"2026-09-23T11:54:59.996Z"}
{"level":"info","message":"⌛ Validating codigoRaton.wlk","timeElapsed":178,"timestamp":"2026-09-23T11:55:00.235Z"}
{"level":"info","message":"⌛ Building environment","timeElapsed":192,"timestamp":"2026-09-23T11:55:00.435Z"}
{"level":"info","message":"⌛ Validating codigoRaton.wlk","timeElapsed":253,"timestamp":"2026-09-23T11:55:00.691Z"}
{"level":"info","message":"⌛ Validating codigoRaton.wlk","timeElapsed":240,"timestamp":"2026-09-23T11:55:00.943Z"}
{"level":"info","message":"⌛ Building environment","timeElapsed":177,"timestamp":"2026-09-23T11:55:01.122Z"}
{"level":"info","message":"⌛ Building environment","timeElapsed":193,"timestamp":"2026-09-23T11:55:01.331Z"}
{"level":"info","message":"⌛ Building environment","timeElapsed":166,"timestamp":"2026-09-23T11:55:01.699Z"}
{"level":"info","message":"⌛ Validating codigoRaton.wlk","timeElapsed":227,"timestamp":"2026-09-23T11:55:01.927Z"}
{"level":"info","message":"⌛ Building environment","timeElapsed":175,"timestamp":"2026-09-23T11:55:02.103Z"}
{"level":"info","message":"⌛ Building environment","timeElapsed":401,"timestamp":"2026-09-23T11:55:02.507Z"}
{"level":"info","message":"⌛ Validating codigoRaton.wlk","timeElapsed":185,"timestamp":"2026-09-23T11:55:02.693Z"}
{"level":"info","message":"⌛ Building environment","timeElapsed":153,"timestamp":"2026-09-23T11:55:02.849Z"}
{"level":"info","message":"⌛ Validating codigoRaton.wlk","timeElapsed":188,"timestamp":"2026-09-23T11:55:03.071Z"}
{"level":"info","message":"⌛ Validating codigoRaton.wlk","timeElapsed":178,"timestamp":"2026-09-23T11:55:03.257Z"}
{"level":"info","message":"⌛ Validating codigoRaton.wlk","timeElapsed":181,"timestamp":"2026-09-23T11:55:03.448Z"}
{"level":"info","message":"⌛ Validating codigoRaton.wlk","timeElapsed":180,"timestamp":"2026-09-23T11:55:03.630Z"}
{"level":"info","message":"⌛ Building environment","timeElapsed":155,"timestamp":"2026-09-23T11:55:11.948Z"}
{"level":"info","message":"⌛ Validating codigoRaton.wlk","timeElapsed":202,"timestamp":"2026-09-23T11:55:12.152Z"}
{"level":"info","message":"⌛ Building environment","timeElapsed":148,"timestamp":"2026-09-23T11:55:16.042Z"}
{"level":"info","message":"⌛ Validating codigoRaton.wlk","timeElapsed":198,"timestamp":"2026-09-23T11:55:16.261Z"}
{"level":"info","message":"⌛ Building environment","timeElapsed":165,"timestamp":"2026-09-23T11:55:16.426Z"}
{"level":"info","message":"⌛ Building environment","timeElapsed":178,"timestamp":"2026-09-23T11:55:16.647Z"}
{"level":"info","message":"⌛ Validating codigoRaton.wlk","timeElapsed":217,"timestamp":"2026-09-23T11:55:16.866Z"}
{"level":"info","message":"⌛ Building environment","timeElapsed":179,"timestamp":"2026-09-23T11:55:17.199Z"}
{"level":"info","message":"⌛ Validating codigoRaton.wlk","timeElapsed":251,"timestamp":"2026-09-23T11:55:17.451Z"}
{"level":"info","message":"⌛ Building environment","timeElapsed":153,"timestamp":"2026-09-23T11:55:17.608Z"}
{"level":"info","message":"⌛ Building environment","timeElapsed":159,"timestamp":"2026-09-23T11:55:17.770Z"}
{"level":"error","message":"✘ Failed to rebuild document Failed to parse codigoRaton.wlk: \n-- PARSING FAILED --------------------------------------------------\n\n  40 | \n  41 |     method\n> 42 | }\n     | ^\n\nExpected one of the following: \n\n'!=', '!==', '%', '&&', '*', '**', '+', '-', '->', '..', '..<', '/', '<', '<<', '<<<', '<=', '<=>', '<>', '==', '===', '>', '>..', '>=', '>>', '>>>', '?:', 'and', 'invert', 'negate', 'or', 'plus', '||', identifier, whitespace\n","stack":"Error: Failed to parse codigoRaton.wlk: \n-- PARSING FAILED --------------------------------------------------\n\n  40 | \n  41 |     method\n> 42 | }\n     | ^\n\nExpected one of the following: \n\n'!=', '!==', '%', '&&', '*', '**', '+', '-', '->', '..', '..<', '/', '<', '<<', '<<<', '<=', '<=>', '<>', '==', '===', '>', '>..', '>=', '>>', '>>>', '?:', 'and', 'invert', 'negate', 'or', 'plus', '||', identifier, whitespace\n\n    at c:\\Users\\sotoj\\.vscode\\extensions\\uqbar.wollok-lsp-ide-0.5.5\\out\\server\\src\\server.js:2385:13026\n    at Array.map (<anonymous>)\n    at z1n (c:\\Users\\sotoj\\.vscode\\extensions\\uqbar.wollok-lsp-ide-0.5.5\\out\\server\\src\\server.js:2385:12950)\n    at H2.buildEnvironmentFrom (c:\\Users\\sotoj\\.vscode\\extensions\\uqbar.wollok-lsp-ide-0.5.5\\out\\server\\src\\server.js:2430:5254)\n    at H2.updateEnvironmentWith (c:\\Users\\sotoj\\.vscode\\extensions\\uqbar.wollok-lsp-ide-0.5.5\\out\\server\\src\\server.js:2430:4989)\n    at QF (c:\\Users\\sotoj\\.vscode\\extensions\\uqbar.wollok-lsp-ide-0.5.5\\out\\server\\src\\server.js:2430:7383)\n    at V3.invoke (c:\\Users\\sotoj\\.vscode\\extensions\\uqbar.wollok-lsp-ide-0.5.5\\out\\server\\src\\server.js:3:157330)\n    at o.fire (c:\\Users\\sotoj\\.vscode\\extensions\\uqbar.wollok-lsp-ide-0.5.5\\out\\server\\src\\server.js:3:158100)\n    at c:\\Users\\sotoj\\.vscode\\extensions\\uqbar.wollok-lsp-ide-0.5.5\\out\\server\\src\\server.js:37:57871\n    at nd (c:\\Users\\sotoj\\.vscode\\extensions\\uqbar.wollok-lsp-ide-0.5.5\\out\\server\\src\\server.js:8:1561)","timestamp":"2026-09-23T11:55:17.828Z"}
{"level":"info","message":"⌛ Validating codigoRaton.wlk","timeElapsed":378,"timestamp":"2026-09-23T11:55:18.208Z"}
{"level":"error","message":"✘ Failed to rebuild document Failed to parse codigoRaton.wlk: \n-- PARSING FAILED --------------------------------------------------\n\n  40 | \n  41 |     method \n> 42 | }\n     | ^\n\nExpected one of the following: \n\n'!=', '!==', '%', '&&', '*', '**', '+', '-', '->', '..', '..<', '/', '<', '<<', '<<<', '<=', '<=>', '<>', '==', '===', '>', '>..', '>=', '>>', '>>>', '?:', 'and', 'invert', 'negate', 'or', 'plus', '||', identifier, whitespace\n","stack":"Error: Failed to parse codigoRaton.wlk: \n-- PARSING FAILED --------------------------------------------------\n\n  40 | \n  41 |     method \n> 42 | }\n     | ^\n\nExpected one of the following: \n\n'!=', '!==', '%', '&&', '*', '**', '+', '-', '->', '..', '..<', '/', '<', '<<', '<<<', '<=', '<=>', '<>', '==', '===', '>', '>..', '>=', '>>', '>>>', '?:', 'and', 'invert', 'negate', 'or', 'plus', '||', identifier, whitespace\n\n    at c:\\Users\\sotoj\\.vscode\\extensions\\uqbar.wollok-lsp-ide-0.5.5\\out\\server\\src\\server.js:2385:13026\n    at Array.map (<anonymous>)\n    at z1n (c:\\Users\\sotoj\\.vscode\\extensions\\uqbar.wollok-lsp-ide-0.5.5\\out\\server\\src\\server.js:2385:12950)\n    at H2.buildEnvironmentFrom (c:\\Users\\sotoj\\.vscode\\extensions\\uqbar.wollok-lsp-ide-0.5.5\\out\\server\\src\\server.js:2430:5254)\n    at H2.updateEnvironmentWith (c:\\Users\\sotoj\\.vscode\\extensions\\uqbar.wollok-lsp-ide-0.5.5\\out\\server\\src\\server.js:2430:4989)\n    at QF (c:\\Users\\sotoj\\.vscode\\extensions\\uqbar.wollok-lsp-ide-0.5.5\\out\\server\\src\\server.js:2430:7383)\n    at V3.invoke (c:\\Users\\sotoj\\.vscode\\extensions\\uqbar.wollok-lsp-ide-0.5.5\\out\\server\\src\\server.js:3:157330)\n    at o.fire (c:\\Users\\sotoj\\.vscode\\extensions\\uqbar.wollok-lsp-ide-0.5.5\\out\\server\\src\\server.js:3:158100)\n    at c:\\Users\\sotoj\\.vscode\\extensions\\uqbar.wollok-lsp-ide-0.5.5\\out\\server\\src\\server.js:37:57871\n    at nd (c:\\Users\\sotoj\\.vscode\\extensions\\uqbar.wollok-lsp-ide-0.5.5\\out\\server\\src\\server.js:8:1561)","timestamp":"2026-09-23T11:55:18.256Z"}
{"level":"info","message":"⌛ Validating codigoRaton.wlk","timeElapsed":236,"timestamp":"2026-09-23T11:55:18.493Z"}
{"level":"info","message":"⌛ Building environment","timeElapsed":131,"timestamp":"2026-09-23T11:55:18.628Z"}
{"level":"info","message":"⌛ Validating codigoRaton.wlk","timeElapsed":211,"timestamp":"2026-09-23T11:55:18.869Z"}
{"level":"info","message":"⌛ Building environment","timeElapsed":540,"timestamp":"2026-09-23T11:55:19.425Z"}
{"level":"info","message":"⌛ Building environment","timeElapsed":204,"timestamp":"2026-09-23T11:55:19.631Z"}
{"level":"info","message":"⌛ Building environment","timeElapsed":145,"timestamp":"2026-09-23T11:55:19.828Z"}
{"level":"info","message":"⌛ Building environment","timeElapsed":159,"timestamp":"2026-09-23T11:55:19.989Z"}
{"level":"info","message":"⌛ Validating codigoRaton.wlk","timeElapsed":164,"timestamp":"2026-09-23T11:55:20.175Z"}
{"level":"info","message":"⌛ Building environment","timeElapsed":105,"timestamp":"2026-09-23T11:55:20.301Z"}
{"level":"info","message":"⌛ Building environment","timeElapsed":242,"timestamp":"2026-09-23T11:55:20.577Z"}
{"level":"info","message":"⌛ Building environment","timeElapsed":124,"timestamp":"2026-09-23T11:55:20.705Z"}
{"level":"info","message":"⌛ Building environment","timeElapsed":129,"timestamp":"2026-09-23T11:55:20.857Z"}
{"level":"info","message":"⌛ Building environment","timeElapsed":159,"timestamp":"2026-09-23T11:55:21.018Z"}
{"level":"info","message":"⌛ Validating codigoRaton.wlk","timeElapsed":191,"timestamp":"2026-09-23T11:55:21.211Z"}
{"level":"info","message":"⌛ Building environment","timeElapsed":121,"timestamp":"2026-09-23T11:55:21.333Z"}
{"level":"info","message":"⌛ Validating codigoRaton.wlk","timeElapsed":206,"timestamp":"2026-09-23T11:55:21.542Z"}
{"level":"info","message":"⌛ Validating codigoRaton.wlk","timeElapsed":210,"timestamp":"2026-09-23T11:55:21.755Z"}
{"level":"info","message":"⌛ Validating codigoRaton.wlk","timeElapsed":166,"timestamp":"2026-09-23T11:55:21.941Z"}
{"level":"info","message":"⌛ Validating codigoRaton.wlk","timeElapsed":182,"timestamp":"2026-09-23T11:55:22.126Z"}
{"level":"info","message":"⌛ Validating codigoRaton.wlk","timeElapsed":169,"timestamp":"2026-09-23T11:55:22.303Z"}
{"level":"info","message":"⌛ Validating codigoRaton.wlk","timeElapsed":151,"timestamp":"2026-09-23T11:55:22.455Z"}
{"level":"info","message":"⌛ Validating codigoRaton.wlk","timeElapsed":213,"timestamp":"2026-09-23T11:55:22.672Z"}
{"level":"info","message":"⌛ Validating codigoRaton.wlk","timeElapsed":150,"timestamp":"2026-09-23T11:55:22.825Z"}
{"level":"info","message":"⌛ Validating codigoRaton.wlk","timeElapsed":154,"timestamp":"2026-09-23T11:55:22.985Z"}
{"level":"info","message":"⌛ Building environment","timeElapsed":133,"timestamp":"2026-09-23T11:55:23.143Z"}
{"level":"info","message":"⌛ Building environment","timeElapsed":123,"timestamp":"2026-09-23T11:55:23.269Z"}
{"level":"info","message":"⌛ Validating codigoRaton.wlk","timeElapsed":169,"timestamp":"2026-09-23T11:55:23.449Z"}
{"level":"info","message":"⌛ Validating codigoRaton.wlk","timeElapsed":175,"timestamp":"2026-09-23T11:55:23.626Z"}
{"level":"error","message":"✘ Failed to rebuild document Failed to parse codigoRaton.wlk: \n-- PARSING FAILED --------------------------------------------------\n\nGot the end of the input\n\nExpected one of the following: \n\n' ', '@', 'const', 'method', 'override', 'var', '{', '}', any character/byte, comment, whitespace\n","stack":"Error: Failed to parse codigoRaton.wlk: \n-- PARSING FAILED --------------------------------------------------\n\nGot the end of the input\n\nExpected one of the following: \n\n' ', '@', 'const', 'method', 'override', 'var', '{', '}', any character/byte, comment, whitespace\n\n    at c:\\Users\\sotoj\\.vscode\\extensions\\uqbar.wollok-lsp-ide-0.5.5\\out\\server\\src\\server.js:2385:13026\n    at Array.map (<anonymous>)\n    at z1n (c:\\Users\\sotoj\\.vscode\\extensions\\uqbar.wollok-lsp-ide-0.5.5\\out\\server\\src\\server.js:2385:12950)\n    at H2.buildEnvironmentFrom (c:\\Users\\sotoj\\.vscode\\extensions\\uqbar.wollok-lsp-ide-0.5.5\\out\\server\\src\\server.js:2430:5254)\n    at H2.updateEnvironmentWith (c:\\Users\\sotoj\\.vscode\\extensions\\uqbar.wollok-lsp-ide-0.5.5\\out\\server\\src\\server.js:2430:4989)\n    at QF (c:\\Users\\sotoj\\.vscode\\extensions\\uqbar.wollok-lsp-ide-0.5.5\\out\\server\\src\\server.js:2430:7383)\n    at V3.invoke (c:\\Users\\sotoj\\.vscode\\extensions\\uqbar.wollok-lsp-ide-0.5.5\\out\\server\\src\\server.js:3:157330)\n    at o.fire (c:\\Users\\sotoj\\.vscode\\extensions\\uqbar.wollok-lsp-ide-0.5.5\\out\\server\\src\\server.js:3:158100)\n    at c:\\Users\\sotoj\\.vscode\\extensions\\uqbar.wollok-lsp-ide-0.5.5\\out\\server\\src\\server.js:37:57871\n    at nd (c:\\Users\\sotoj\\.vscode\\extensions\\uqbar.wollok-lsp-ide-0.5.5\\out\\server\\src\\server.js:8:1561)","timestamp":"2026-09-23T11:55:26.930Z"}
{"level":"error","message":"✘ Failed to rebuild document Failed to parse codigoRaton.wlk: \n-- PARSING FAILED --------------------------------------------------\n\nGot the end of the input\n\nExpected one of the following: \n\n' ', '@', 'const', 'method', 'override', 'var', '{', '}', any character/byte, comment, whitespace\n","stack":"Error: Failed to parse codigoRaton.wlk: \n-- PARSING FAILED --------------------------------------------------\n\nGot the end of the input\n\nExpected one of the following: \n\n' ', '@', 'const', 'method', 'override', 'var', '{', '}', any character/byte, comment, whitespace\n\n    at c:\\Users\\sotoj\\.vscode\\extensions\\uqbar.wollok-lsp-ide-0.5.5\\out\\server\\src\\server.js:2385:13026\n    at Array.map (<anonymous>)\n    at z1n (c:\\Users\\sotoj\\.vscode\\extensions\\uqbar.wollok-lsp-ide-0.5.5\\out\\server\\src\\server.js:2385:12950)\n    at H2.buildEnvironmentFrom (c:\\Users\\sotoj\\.vscode\\extensions\\uqbar.wollok-lsp-ide-0.5.5\\out\\server\\src\\server.js:2430:5254)\n    at H2.updateEnvironmentWith (c:\\Users\\sotoj\\.vscode\\extensions\\uqbar.wollok-lsp-ide-0.5.5\\out\\server\\src\\server.js:2430:4989)\n    at QF (c:\\Users\\sotoj\\.vscode\\extensions\\uqbar.wollok-lsp-ide-0.5.5\\out\\server\\src\\server.js:2430:7383)\n    at V3.invoke (c:\\Users\\sotoj\\.vscode\\extensions\\uqbar.wollok-lsp-ide-0.5.5\\out\\server\\src\\server.js:3:157330)\n    at o.fire (c:\\Users\\sotoj\\.vscode\\extensions\\uqbar.wollok-lsp-ide-0.5.5\\out\\server\\src\\server.js:3:158100)\n    at c:\\Users\\sotoj\\.vscode\\extensions\\uqbar.wollok-lsp-ide-0.5.5\\out\\server\\src\\server.js:37:57871\n    at nd (c:\\Users\\sotoj\\.vscode\\extensions\\uqbar.wollok-lsp-ide-0.5.5\\out\\server\\src\\server.js:8:1561)","timestamp":"2026-09-23T11:55:27.464Z"}
{"level":"error","message":"✘ Failed to rebuild document Failed to parse codigoRaton.wlk: \n-- PARSING FAILED --------------------------------------------------\n\nGot the end of the input\n\nExpected one of the following: \n\n' ', '@', 'const', 'method', 'override', 'var', '{', '}', any character/byte, comment, whitespace\n","stack":"Error: Failed to parse codigoRaton.wlk: \n-- PARSING FAILED --------------------------------------------------\n\nGot the end of the input\n\nExpected one of the following: \n\n' ', '@', 'const', 'method', 'override', 'var', '{', '}', any character/byte, comment, whitespace\n\n    at c:\\Users\\sotoj\\.vscode\\extensions\\uqbar.wollok-lsp-ide-0.5.5\\out\\server\\src\\server.js:2385:13026\n    at Array.map (<anonymous>)\n    at z1n (c:\\Users\\sotoj\\.vscode\\extensions\\uqbar.wollok-lsp-ide-0.5.5\\out\\server\\src\\server.js:2385:12950)\n    at H2.buildEnvironmentFrom (c:\\Users\\sotoj\\.vscode\\extensions\\uqbar.wollok-lsp-ide-0.5.5\\out\\server\\src\\server.js:2430:5254)\n    at H2.updateEnvironmentWith (c:\\Users\\sotoj\\.vscode\\extensions\\uqbar.wollok-lsp-ide-0.5.5\\out\\server\\src\\server.js:2430:4989)\n    at QF (c:\\Users\\sotoj\\.vscode\\extensions\\uqbar.wollok-lsp-ide-0.5.5\\out\\server\\src\\server.js:2430:7383)\n    at V3.invoke (c:\\Users\\sotoj\\.vscode\\extensions\\uqbar.wollok-lsp-ide-0.5.5\\out\\server\\src\\server.js:3:157330)\n    at o.fire (c:\\Users\\sotoj\\.vscode\\extensions\\uqbar.wollok-lsp-ide-0.5.5\\out\\server\\src\\server.js:3:158100)\n    at c:\\Users\\sotoj\\.vscode\\extensions\\uqbar.wollok-lsp-ide-0.5.5\\out\\server\\src\\server.js:37:57871\n    at nd (c:\\Users\\sotoj\\.vscode\\extensions\\uqbar.wollok-lsp-ide-0.5.5\\out\\server\\src\\server.js:8:1561)","timestamp":"2026-09-23T11:55:27.514Z"}
{"level":"error","message":"✘ Failed to rebuild document Failed to parse codigoRaton.wlk: \n-- PARSING FAILED --------------------------------------------------\n\nGot the end of the input\n\nExpected one of the following: \n\n' ', '@', 'const', 'method', 'override', 'var', '{', '}', any character/byte, comment, whitespace\n","stack":"Error: Failed to parse codigoRaton.wlk: \n-- PARSING FAILED --------------------------------------------------\n\nGot the end of the input\n\nExpected one of the following: \n\n' ', '@', 'const', 'method', 'override', 'var', '{', '}', any character/byte, comment, whitespace\n\n    at c:\\Users\\sotoj\\.vscode\\extensions\\uqbar.wollok-lsp-ide-0.5.5\\out\\server\\src\\server.js:2385:13026\n    at Array.map (<anonymous>)\n    at z1n (c:\\Users\\sotoj\\.vscode\\extensions\\uqbar.wollok-lsp-ide-0.5.5\\out\\server\\src\\server.js:2385:12950)\n    at H2.buildEnvironmentFrom (c:\\Users\\sotoj\\.vscode\\extensions\\uqbar.wollok-lsp-ide-0.5.5\\out\\server\\src\\server.js:2430:5254)\n    at H2.updateEnvironmentWith (c:\\Users\\sotoj\\.vscode\\extensions\\uqbar.wollok-lsp-ide-0.5.5\\out\\server\\src\\server.js:2430:4989)\n    at QF (c:\\Users\\sotoj\\.vscode\\extensions\\uqbar.wollok-lsp-ide-0.5.5\\out\\server\\src\\server.js:2430:7383)\n    at V3.invoke (c:\\Users\\sotoj\\.vscode\\extensions\\uqbar.wollok-lsp-ide-0.5.5\\out\\server\\src\\server.js:3:157330)\n    at o.fire (c:\\Users\\sotoj\\.vscode\\extensions\\uqbar.wollok-lsp-ide-0.5.5\\out\\server\\src\\server.js:3:158100)\n    at c:\\Users\\sotoj\\.vscode\\extensions\\uqbar.wollok-lsp-ide-0.5.5\\out\\server\\src\\server.js:37:57871\n    at nd (c:\\Users\\sotoj\\.vscode\\extensions\\uqbar.wollok-lsp-ide-0.5.5\\out\\server\\src\\server.js:8:1561)","timestamp":"2026-09-23T11:55:27.596Z"}
{"level":"info","message":"⌛ Building environment","timeElapsed":649,"timestamp":"2026-09-23T11:55:28.248Z"}
{"level":"info","message":"⌛ Building environment","timeElapsed":405,"timestamp":"2026-09-23T11:55:28.655Z"}
{"level":"info","message":"⌛ Building environment","timeElapsed":193,"timestamp":"2026-09-23T11:55:28.851Z"}
{"level":"info","message":"⌛ Building environment","timeElapsed":107,"timestamp":"2026-09-23T11:55:28.961Z"}
{"level":"info","message":"⌛ Building environment","timeElapsed":113,"timestamp":"2026-09-23T11:55:29.104Z"}
{"level":"info","message":"⌛ Building environment","timeElapsed":268,"timestamp":"2026-09-23T11:55:29.436Z"}
{"level":"info","message":"⌛ Building environment","timeElapsed":156,"timestamp":"2026-09-23T11:55:29.597Z"}
{"level":"info","message":"⌛ Building environment","timeElapsed":175,"timestamp":"2026-09-23T11:55:29.773Z"}
{"level":"info","message":"⌛ Building environment","timeElapsed":163,"timestamp":"2026-09-23T11:55:29.979Z"}
{"level":"info","message":"⌛ Building environment","timeElapsed":143,"timestamp":"2026-09-23T11:55:30.124Z"}
{"level":"info","message":"⌛ Building environment","timeElapsed":247,"timestamp":"2026-09-23T11:55:30.375Z"}
{"level":"error","message":"✘ Failed to rebuild document Failed to parse codigoRaton.wlk: \n-- PARSING FAILED --------------------------------------------------\n\n  40 | \n  41 |     method \n> 42 | }\n     | ^\n\nExpected one of the following: \n\n'!=', '!==', '%', '&&', '*', '**', '+', '-', '->', '..', '..<', '/', '<', '<<', '<<<', '<=', '<=>', '<>', '==', '===', '>', '>..', '>=', '>>', '>>>', '?:', 'and', 'invert', 'negate', 'or', 'plus', '||', identifier, whitespace\n","stack":"Error: Failed to parse codigoRaton.wlk: \n-- PARSING FAILED --------------------------------------------------\n\n  40 | \n  41 |     method \n> 42 | }\n     | ^\n\nExpected one of the following: \n\n'!=', '!==', '%', '&&', '*', '**', '+', '-', '->', '..', '..<', '/', '<', '<<', '<<<', '<=', '<=>', '<>', '==', '===', '>', '>..', '>=', '>>', '>>>', '?:', 'and', 'invert', 'negate', 'or', 'plus', '||', identifier, whitespace\n\n    at c:\\Users\\sotoj\\.vscode\\extensions\\uqbar.wollok-lsp-ide-0.5.5\\out\\server\\src\\server.js:2385:13026\n    at Array.map (<anonymous>)\n    at z1n (c:\\Users\\sotoj\\.vscode\\extensions\\uqbar.wollok-lsp-ide-0.5.5\\out\\server\\src\\server.js:2385:12950)\n    at H2.buildEnvironmentFrom (c:\\Users\\sotoj\\.vscode\\extensions\\uqbar.wollok-lsp-ide-0.5.5\\out\\server\\src\\server.js:2430:5254)\n    at H2.updateEnvironmentWith (c:\\Users\\sotoj\\.vscode\\extensions\\uqbar.wollok-lsp-ide-0.5.5\\out\\server\\src\\server.js:2430:4989)\n    at QF (c:\\Users\\sotoj\\.vscode\\extensions\\uqbar.wollok-lsp-ide-0.5.5\\out\\server\\src\\server.js:2430:7383)\n    at V3.invoke (c:\\Users\\sotoj\\.vscode\\extensions\\uqbar.wollok-lsp-ide-0.5.5\\out\\server\\src\\server.js:3:157330)\n    at o.fire (c:\\Users\\sotoj\\.vscode\\extensions\\uqbar.wollok-lsp-ide-0.5.5\\out\\server\\src\\server.js:3:158100)\n    at c:\\Users\\sotoj\\.vscode\\extensions\\uqbar.wollok-lsp-ide-0.5.5\\out\\server\\src\\server.js:37:57871\n    at nd (c:\\Users\\sotoj\\.vscode\\extensions\\uqbar.wollok-lsp-ide-0.5.5\\out\\server\\src\\server.js:8:1561)","timestamp":"2026-09-23T11:55:30.397Z"}
{"level":"error","message":"✘ Failed to rebuild document Failed to parse codigoRaton.wlk: \n-- PARSING FAILED --------------------------------------------------\n\n  40 | \n  41 |     method\n> 42 | }\n     | ^\n\nExpected one of the following: \n\n'!=', '!==', '%', '&&', '*', '**', '+', '-', '->', '..', '..<', '/', '<', '<<', '<<<', '<=', '<=>', '<>', '==', '===', '>', '>..', '>=', '>>', '>>>', '?:', 'and', 'invert', 'negate', 'or', 'plus', '||', identifier, whitespace\n","stack":"Error: Failed to parse codigoRaton.wlk: \n-- PARSING FAILED --------------------------------------------------\n\n  40 | \n  41 |     method\n> 42 | }\n     | ^\n\nExpected one of the following: \n\n'!=', '!==', '%', '&&', '*', '**', '+', '-', '->', '..', '..<', '/', '<', '<<', '<<<', '<=', '<=>', '<>', '==', '===', '>', '>..', '>=', '>>', '>>>', '?:', 'and', 'invert', 'negate', 'or', 'plus', '||', identifier, whitespace\n\n    at c:\\Users\\sotoj\\.vscode\\extensions\\uqbar.wollok-lsp-ide-0.5.5\\out\\server\\src\\server.js:2385:13026\n    at Array.map (<anonymous>)\n    at z1n (c:\\Users\\sotoj\\.vscode\\extensions\\uqbar.wollok-lsp-ide-0.5.5\\out\\server\\src\\server.js:2385:12950)\n    at H2.buildEnvironmentFrom (c:\\Users\\sotoj\\.vscode\\extensions\\uqbar.wollok-lsp-ide-0.5.5\\out\\server\\src\\server.js:2430:5254)\n    at H2.updateEnvironmentWith (c:\\Users\\sotoj\\.vscode\\extensions\\uqbar.wollok-lsp-ide-0.5.5\\out\\server\\src\\server.js:2430:4989)\n    at QF (c:\\Users\\sotoj\\.vscode\\extensions\\uqbar.wollok-lsp-ide-0.5.5\\out\\server\\src\\server.js:2430:7383)\n    at V3.invoke (c:\\Users\\sotoj\\.vscode\\extensions\\uqbar.wollok-lsp-ide-0.5.5\\out\\server\\src\\server.js:3:157330)\n    at o.fire (c:\\Users\\sotoj\\.vscode\\extensions\\uqbar.wollok-lsp-ide-0.5.5\\out\\server\\src\\server.js:3:158100)\n    at c:\\Users\\sotoj\\.vscode\\extensions\\uqbar.wollok-lsp-ide-0.5.5\\out\\server\\src\\server.js:37:57871\n    at nd (c:\\Users\\sotoj\\.vscode\\extensions\\uqbar.wollok-lsp-ide-0.5.5\\out\\server\\src\\server.js:8:1561)","timestamp":"2026-09-23T11:55:30.418Z"}
{"level":"info","message":"⌛ Building environment","timeElapsed":156,"timestamp":"2026-09-23T11:55:30.575Z"}
{"level":"info","message":"⌛ Building environment","timeElapsed":105,"timestamp":"2026-09-23T11:55:30.684Z"}
{"level":"info","message":"⌛ Building environment","timeElapsed":129,"timestamp":"2026-09-23T11:55:30.813Z"}
{"level":"info","message":"⌛ Building environment","timeElapsed":129,"timestamp":"2026-09-23T11:55:30.946Z"}
{"level":"info","message":"⌛ Building environment","timeElapsed":108,"timestamp":"2026-09-23T11:55:31.055Z"}
{"level":"info","message":"⌛ Validating codigoRaton.wlk","timeElapsed":171,"timestamp":"2026-09-23T11:55:31.250Z"}
{"level":"info","message":"⌛ Building environment","timeElapsed":117,"timestamp":"2026-09-23T11:55:31.388Z"}
{"level":"info","message":"⌛ Building environment","timeElapsed":129,"timestamp":"2026-09-23T11:55:31.520Z"}
{"level":"info","message":"⌛ Validating codigoRaton.wlk","timeElapsed":174,"timestamp":"2026-09-23T11:55:31.696Z"}
{"level":"info","message":"⌛ Building environment","timeElapsed":137,"timestamp":"2026-09-23T11:55:31.835Z"}
{"level":"info","message":"⌛ Validating codigoRaton.wlk","timeElapsed":163,"timestamp":"2026-09-23T11:55:31.999Z"}
{"level":"info","message":"⌛ Validating codigoRaton.wlk","timeElapsed":295,"timestamp":"2026-09-23T11:55:32.351Z"}
{"level":"info","message":"⌛ Validating codigoRaton.wlk","timeElapsed":156,"timestamp":"2026-09-23T11:55:32.519Z"}
{"level":"info","message":"⌛ Validating codigoRaton.wlk","timeElapsed":169,"timestamp":"2026-09-23T11:55:32.689Z"}
{"level":"info","message":"⌛ Validating codigoRaton.wlk","timeElapsed":160,"timestamp":"2026-09-23T11:55:32.852Z"}
{"level":"info","message":"⌛ Validating codigoRaton.wlk","timeElapsed":170,"timestamp":"2026-09-23T11:55:33.024Z"}
{"level":"info","message":"⌛ Validating codigoRaton.wlk","timeElapsed":164,"timestamp":"2026-09-23T11:55:33.188Z"}
{"level":"info","message":"⌛ Validating codigoRaton.wlk","timeElapsed":163,"timestamp":"2026-09-23T11:55:33.352Z"}
{"level":"info","message":"⌛ Validating codigoRaton.wlk","timeElapsed":148,"timestamp":"2026-09-23T11:55:33.508Z"}
{"level":"info","message":"⌛ Validating codigoRaton.wlk","timeElapsed":147,"timestamp":"2026-09-23T11:55:33.655Z"}
{"level":"info","message":"⌛ Validating codigoRaton.wlk","timeElapsed":153,"timestamp":"2026-09-23T11:55:33.812Z"}
{"level":"info","message":"⌛ Validating codigoRaton.wlk","timeElapsed":146,"timestamp":"2026-09-23T11:55:33.969Z"}
{"level":"info","message":"⌛ Validating codigoRaton.wlk","timeElapsed":140,"timestamp":"2026-09-23T11:55:34.118Z"}
{"level":"info","message":"⌛ Validating codigoRaton.wlk","timeElapsed":153,"timestamp":"2026-09-23T11:55:34.279Z"}
{"level":"info","message":"⌛ Validating codigoRaton.wlk","timeElapsed":313,"timestamp":"2026-09-23T11:55:34.682Z"}
{"level":"info","message":"⌛ Validating codigoRaton.wlk","timeElapsed":167,"timestamp":"2026-09-23T11:55:34.862Z"}
{"level":"info","message":"⌛ Validating codigoRaton.wlk","timeElapsed":145,"timestamp":"2026-09-23T11:55:35.012Z"}
{"level":"info","message":"⌛ Building environment","timeElapsed":569,"timestamp":"2026-09-23T11:58:39.284Z"}
{"level":"info","message":"⌛ Building environment","timeElapsed":250,"timestamp":"2026-09-23T11:58:39.537Z"}
{"level":"info","message":"⌛ Validating codigoRaton.wlk","timeElapsed":267,"timestamp":"2026-09-23T11:58:39.910Z"}
{"level":"info","message":"⌛ Building environment","timeElapsed":216,"timestamp":"2026-09-23T11:58:40.129Z"}
{"level":"info","message":"⌛ Autocomplete - Class","timeElapsed":163,"timestamp":"2026-09-23T11:58:40.301Z"}
{"level":"info","message":"⌛ Building environment","timeElapsed":225,"timestamp":"2026-09-23T11:58:40.536Z"}
{"level":"info","message":"⌛ Validating codigoRaton.wlk","timeElapsed":215,"timestamp":"2026-09-23T11:58:40.751Z"}
{"level":"info","message":"⌛ Building environment","timeElapsed":143,"timestamp":"2026-09-23T11:58:40.910Z"}
{"level":"info","message":"⌛ Building environment","timeElapsed":225,"timestamp":"2026-09-23T11:58:41.152Z"}
{"level":"info","message":"⌛ Building environment","timeElapsed":169,"timestamp":"2026-09-23T11:58:41.327Z"}
{"level":"info","message":"⌛ Validating codigoRaton.wlk","timeElapsed":263,"timestamp":"2026-09-23T11:58:41.611Z"}
{"level":"error","message":"✘ Failed to rebuild document Failed to parse codigoRaton.wlk: \n-- PARSING FAILED --------------------------------------------------\n\n  41 |     method\n  42 | \n> 43 | }\n     | ^\n\nExpected one of the following: \n\n'!=', '!==', '%', '&&', '*', '**', '+', '-', '->', '..', '..<', '/', '<', '<<', '<<<', '<=', '<=>', '<>', '==', '===', '>', '>..', '>=', '>>', '>>>', '?:', 'and', 'invert', 'negate', 'or', 'plus', '||', identifier, whitespace\n","stack":"Error: Failed to parse codigoRaton.wlk: \n-- PARSING FAILED --------------------------------------------------\n\n  41 |     method\n  42 | \n> 43 | }\n     | ^\n\nExpected one of the following: \n\n'!=', '!==', '%', '&&', '*', '**', '+', '-', '->', '..', '..<', '/', '<', '<<', '<<<', '<=', '<=>', '<>', '==', '===', '>', '>..', '>=', '>>', '>>>', '?:', 'and', 'invert', 'negate', 'or', 'plus', '||', identifier, whitespace\n\n    at c:\\Users\\sotoj\\.vscode\\extensions\\uqbar.wollok-lsp-ide-0.5.5\\out\\server\\src\\server.js:2385:13026\n    at Array.map (<anonymous>)\n    at z1n (c:\\Users\\sotoj\\.vscode\\extensions\\uqbar.wollok-lsp-ide-0.5.5\\out\\server\\src\\server.js:2385:12950)\n    at H2.buildEnvironmentFrom (c:\\Users\\sotoj\\.vscode\\extensions\\uqbar.wollok-lsp-ide-0.5.5\\out\\server\\src\\server.js:2430:5254)\n    at H2.updateEnvironmentWith (c:\\Users\\sotoj\\.vscode\\extensions\\uqbar.wollok-lsp-ide-0.5.5\\out\\server\\src\\server.js:2430:4989)\n    at QF (c:\\Users\\sotoj\\.vscode\\extensions\\uqbar.wollok-lsp-ide-0.5.5\\out\\server\\src\\server.js:2430:7383)\n    at V3.invoke (c:\\Users\\sotoj\\.vscode\\extensions\\uqbar.wollok-lsp-ide-0.5.5\\out\\server\\src\\server.js:3:157330)\n    at o.fire (c:\\Users\\sotoj\\.vscode\\extensions\\uqbar.wollok-lsp-ide-0.5.5\\out\\server\\src\\server.js:3:158100)\n    at c:\\Users\\sotoj\\.vscode\\extensions\\uqbar.wollok-lsp-ide-0.5.5\\out\\server\\src\\server.js:37:57871\n    at nd (c:\\Users\\sotoj\\.vscode\\extensions\\uqbar.wollok-lsp-ide-0.5.5\\out\\server\\src\\server.js:8:1561)","timestamp":"2026-09-23T11:58:41.912Z"}
{"level":"error","message":"✘ Failed to rebuild document Failed to parse codigoRaton.wlk: \n-- PARSING FAILED --------------------------------------------------\n\n  41 |     method \n  42 | \n> 43 | }\n     | ^\n\nExpected one of the following: \n\n'!=', '!==', '%', '&&', '*', '**', '+', '-', '->', '..', '..<', '/', '<', '<<', '<<<', '<=', '<=>', '<>', '==', '===', '>', '>..', '>=', '>>', '>>>', '?:', 'and', 'invert', 'negate', 'or', 'plus', '||', identifier, whitespace\n","stack":"Error: Failed to parse codigoRaton.wlk: \n-- PARSING FAILED --------------------------------------------------\n\n  41 |     method \n  42 | \n> 43 | }\n     | ^\n\nExpected one of the following: \n\n'!=', '!==', '%', '&&', '*', '**', '+', '-', '->', '..', '..<', '/', '<', '<<', '<<<', '<=', '<=>', '<>', '==', '===', '>', '>..', '>=', '>>', '>>>', '?:', 'and', 'invert', 'negate', 'or', 'plus', '||', identifier, whitespace\n\n    at c:\\Users\\sotoj\\.vscode\\extensions\\uqbar.wollok-lsp-ide-0.5.5\\out\\server\\src\\server.js:2385:13026\n    at Array.map (<anonymous>)\n    at z1n (c:\\Users\\sotoj\\.vscode\\extensions\\uqbar.wollok-lsp-ide-0.5.5\\out\\server\\src\\server.js:2385:12950)\n    at H2.buildEnvironmentFrom (c:\\Users\\sotoj\\.vscode\\extensions\\uqbar.wollok-lsp-ide-0.5.5\\out\\server\\src\\server.js:2430:5254)\n    at H2.updateEnvironmentWith (c:\\Users\\sotoj\\.vscode\\extensions\\uqbar.wollok-lsp-ide-0.5.5\\out\\server\\src\\server.js:2430:4989)\n    at QF (c:\\Users\\sotoj\\.vscode\\extensions\\uqbar.wollok-lsp-ide-0.5.5\\out\\server\\src\\server.js:2430:7383)\n    at V3.invoke (c:\\Users\\sotoj\\.vscode\\extensions\\uqbar.wollok-lsp-ide-0.5.5\\out\\server\\src\\server.js:3:157330)\n    at o.fire (c:\\Users\\sotoj\\.vscode\\extensions\\uqbar.wollok-lsp-ide-0.5.5\\out\\server\\src\\server.js:3:158100)\n    at c:\\Users\\sotoj\\.vscode\\extensions\\uqbar.wollok-lsp-ide-0.5.5\\out\\server\\src\\server.js:37:57871\n    at nd (c:\\Users\\sotoj\\.vscode\\extensions\\uqbar.wollok-lsp-ide-0.5.5\\out\\server\\src\\server.js:8:1561)","timestamp":"2026-09-23T11:58:41.962Z"}
{"level":"info","message":"⌛ Validating codigoRaton.wlk","timeElapsed":208,"timestamp":"2026-09-23T11:58:42.177Z"}
{"level":"info","message":"⌛ Validating codigoRaton.wlk","timeElapsed":236,"timestamp":"2026-09-23T11:58:42.424Z"}
{"level":"info","message":"⌛ Building environment","timeElapsed":145,"timestamp":"2026-09-23T11:58:42.576Z"}
{"level":"info","message":"⌛ Building environment","timeElapsed":143,"timestamp":"2026-09-23T11:58:42.738Z"}
{"level":"info","message":"⌛ Validating codigoRaton.wlk","timeElapsed":179,"timestamp":"2026-09-23T11:58:42.961Z"}
{"level":"info","message":"⌛ Building environment","timeElapsed":119,"timestamp":"2026-09-23T11:58:43.084Z"}
{"level":"info","message":"⌛ Validating codigoRaton.wlk","timeElapsed":216,"timestamp":"2026-09-23T11:58:43.302Z"}
{"level":"info","message":"⌛ Building environment","timeElapsed":425,"timestamp":"2026-09-23T11:58:43.900Z"}
{"level":"info","message":"⌛ Building environment","timeElapsed":139,"timestamp":"2026-09-23T11:58:44.041Z"}
{"level":"info","message":"⌛ Building environment","timeElapsed":111,"timestamp":"2026-09-23T11:58:44.155Z"}
{"level":"info","message":"⌛ Building environment","timeElapsed":133,"timestamp":"2026-09-23T11:58:44.318Z"}
{"level":"info","message":"⌛ Building environment","timeElapsed":156,"timestamp":"2026-09-23T11:58:44.477Z"}
{"level":"info","message":"⌛ Building environment","timeElapsed":135,"timestamp":"2026-09-23T11:58:44.624Z"}
{"level":"info","message":"⌛ Building environment","timeElapsed":211,"timestamp":"2026-09-23T11:58:44.886Z"}
{"level":"info","message":"⌛ Validating codigoRaton.wlk","timeElapsed":202,"timestamp":"2026-09-23T11:58:45.089Z"}
{"level":"info","message":"⌛ Validating codigoRaton.wlk","timeElapsed":159,"timestamp":"2026-09-23T11:58:45.268Z"}
{"level":"info","message":"⌛ Validating codigoRaton.wlk","timeElapsed":170,"timestamp":"2026-09-23T11:58:45.440Z"}
{"level":"info","message":"⌛ Building environment","timeElapsed":131,"timestamp":"2026-09-23T11:58:45.572Z"}
{"level":"info","message":"⌛ Building environment","timeElapsed":111,"timestamp":"2026-09-23T11:58:45.687Z"}
{"level":"info","message":"⌛ Building environment","timeElapsed":200,"timestamp":"2026-09-23T11:58:45.909Z"}
{"level":"info","message":"⌛ Validating codigoRaton.wlk","timeElapsed":182,"timestamp":"2026-09-23T11:58:46.104Z"}
{"level":"info","message":"⌛ Validating codigoRaton.wlk","timeElapsed":231,"timestamp":"2026-09-23T11:58:46.366Z"}
{"level":"info","message":"⌛ Validating codigoRaton.wlk","timeElapsed":154,"timestamp":"2026-09-23T11:58:46.523Z"}
{"level":"info","message":"⌛ Validating codigoRaton.wlk","timeElapsed":154,"timestamp":"2026-09-23T11:58:46.680Z"}
{"level":"info","message":"⌛ Validating codigoRaton.wlk","timeElapsed":152,"timestamp":"2026-09-23T11:58:46.834Z"}
{"level":"info","message":"⌛ Validating codigoRaton.wlk","timeElapsed":159,"timestamp":"2026-09-23T11:58:46.994Z"}
{"level":"info","message":"⌛ Validating codigoRaton.wlk","timeElapsed":154,"timestamp":"2026-09-23T11:58:47.149Z"}
{"level":"info","message":"⌛ Validating codigoRaton.wlk","timeElapsed":160,"timestamp":"2026-09-23T11:58:47.310Z"}
{"level":"info","message":"⌛ Validating codigoRaton.wlk","timeElapsed":159,"timestamp":"2026-09-23T11:58:47.473Z"}
{"level":"info","message":"⌛ Validating codigoRaton.wlk","timeElapsed":166,"timestamp":"2026-09-23T11:58:47.640Z"}
{"level":"info","message":"⌛ Building environment","timeElapsed":241,"timestamp":"2026-09-23T12:00:51.410Z"}
{"level":"info","message":"⌛ Building environment","timeElapsed":278,"timestamp":"2026-09-23T12:00:51.739Z"}
{"level":"info","message":"⌛ Validating codigoRaton.wlk","timeElapsed":192,"timestamp":"2026-09-23T12:00:51.935Z"}
{"level":"info","message":"⌛ Building environment","timeElapsed":477,"timestamp":"2026-09-23T12:00:52.415Z"}
{"level":"info","message":"⌛ Building environment","timeElapsed":241,"timestamp":"2026-09-23T12:00:52.715Z"}
{"level":"info","message":"⌛ Validating codigoRaton.wlk","timeElapsed":218,"timestamp":"2026-09-23T12:00:52.934Z"}
{"level":"info","message":"⌛ Validating codigoRaton.wlk","timeElapsed":220,"timestamp":"2026-09-23T12:00:53.177Z"}
{"level":"info","message":"⌛ Validating codigoRaton.wlk","timeElapsed":182,"timestamp":"2026-09-23T12:00:53.362Z"}
{"level":"info","message":"⌛ Building environment","timeElapsed":131,"timestamp":"2026-09-23T12:01:03.191Z"}
{"level":"info","message":"⌛ Validating codigoRaton.wlk","timeElapsed":180,"timestamp":"2026-09-23T12:01:03.383Z"}
{"level":"info","message":"⌛ Building environment","timeElapsed":157,"timestamp":"2026-09-23T12:01:03.919Z"}
{"level":"info","message":"⌛ Validating codigoRaton.wlk","timeElapsed":563,"timestamp":"2026-09-23T12:01:04.488Z"}
{"level":"info","message":"⌛ Building environment","timeElapsed":143,"timestamp":"2026-09-23T12:01:04.725Z"}
{"level":"info","message":"⌛ Building environment","timeElapsed":141,"timestamp":"2026-09-23T12:01:04.867Z"}
{"level":"info","message":"⌛ Validating codigoRaton.wlk","timeElapsed":201,"timestamp":"2026-09-23T12:01:05.083Z"}
{"level":"info","message":"⌛ Validating codigoRaton.wlk","timeElapsed":187,"timestamp":"2026-09-23T12:01:05.279Z"}
{"level":"info","message":"⌛ Building environment","timeElapsed":233,"timestamp":"2026-09-23T12:03:24.821Z"}
{"level":"info","message":"⌛ Building environment","timeElapsed":220,"timestamp":"2026-09-23T12:03:25.060Z"}
{"level":"info","message":"⌛ Validating codigoRaton.wlk","timeElapsed":171,"timestamp":"2026-09-23T12:03:25.237Z"}
{"level":"info","message":"⌛ Validating codigoRaton.wlk","timeElapsed":166,"timestamp":"2026-09-23T12:03:25.492Z"}
{"level":"info","message":"⌛ Building environment","timeElapsed":215,"timestamp":"2026-09-23T12:03:27.468Z"}
{"level":"info","message":"⌛ Building environment","timeElapsed":192,"timestamp":"2026-09-23T12:03:27.707Z"}
{"level":"info","message":"⌛ Validating codigoRaton.wlk","timeElapsed":591,"timestamp":"2026-09-23T12:03:28.330Z"}
{"level":"info","message":"⌛ Building environment","timeElapsed":128,"timestamp":"2026-09-23T12:03:28.466Z"}
{"level":"info","message":"⌛ Validating codigoRaton.wlk","timeElapsed":180,"timestamp":"2026-09-23T12:03:28.648Z"}
{"level":"info","message":"⌛ Building environment","timeElapsed":196,"timestamp":"2026-09-23T12:03:28.889Z"}
{"level":"info","message":"⌛ Building environment","timeElapsed":142,"timestamp":"2026-09-23T12:03:29.039Z"}
{"level":"error","message":"✘ Failed to rebuild document Failed to parse codigoRaton.wlk: \n-- PARSING FAILED --------------------------------------------------\n\n  32 |     method\n  33 | \n> 34 | }\n     | ^\n  35 | \n  36 | class Comida {\n\nExpected one of the following: \n\n'!=', '!==', '%', '&&', '*', '**', '+', '-', '->', '..', '..<', '/', '<', '<<', '<<<', '<=', '<=>', '<>', '==', '===', '>', '>..', '>=', '>>', '>>>', '?:', '@', 'and', 'class', 'const', 'describe', 'invert', 'mixin', 'negate', 'object', 'only', 'or', 'package', 'plus', 'program', 'test', 'var', '{', '||', EOF, comment, identifier, not \"}\r\n\r\n\", whitespace\n","stack":"Error: Failed to parse codigoRaton.wlk: \n-- PARSING FAILED --------------------------------------------------\n\n  32 |     method\n  33 | \n> 34 | }\n     | ^\n  35 | \n  36 | class Comida {\n\nExpected one of the following: \n\n'!=', '!==', '%', '&&', '*', '**', '+', '-', '->', '..', '..<', '/', '<', '<<', '<<<', '<=', '<=>', '<>', '==', '===', '>', '>..', '>=', '>>', '>>>', '?:', '@', 'and', 'class', 'const', 'describe', 'invert', 'mixin', 'negate', 'object', 'only', 'or', 'package', 'plus', 'program', 'test', 'var', '{', '||', EOF, comment, identifier, not \"}\r\n\r\n\", whitespace\n\n    at c:\\Users\\sotoj\\.vscode\\extensions\\uqbar.wollok-lsp-ide-0.5.5\\out\\server\\src\\server.js:2385:13026\n    at Array.map (<anonymous>)\n    at z1n (c:\\Users\\sotoj\\.vscode\\extensions\\uqbar.wollok-lsp-ide-0.5.5\\out\\server\\src\\server.js:2385:12950)\n    at H2.buildEnvironmentFrom (c:\\Users\\sotoj\\.vscode\\extensions\\uqbar.wollok-lsp-ide-0.5.5\\out\\server\\src\\server.js:2430:5254)\n    at H2.updateEnvironmentWith (c:\\Users\\sotoj\\.vscode\\extensions\\uqbar.wollok-lsp-ide-0.5.5\\out\\server\\src\\server.js:2430:4989)\n    at QF (c:\\Users\\sotoj\\.vscode\\extensions\\uqbar.wollok-lsp-ide-0.5.5\\out\\server\\src\\server.js:2430:7383)\n    at V3.invoke (c:\\Users\\sotoj\\.vscode\\extensions\\uqbar.wollok-lsp-ide-0.5.5\\out\\server\\src\\server.js:3:157330)\n    at o.fire (c:\\Users\\sotoj\\.vscode\\extensions\\uqbar.wollok-lsp-ide-0.5.5\\out\\server\\src\\server.js:3:158100)\n    at c:\\Users\\sotoj\\.vscode\\extensions\\uqbar.wollok-lsp-ide-0.5.5\\out\\server\\src\\server.js:37:57871\n    at nd (c:\\Users\\sotoj\\.vscode\\extensions\\uqbar.wollok-lsp-ide-0.5.5\\out\\server\\src\\server.js:8:1561)","timestamp":"2026-09-23T12:03:29.096Z"}
{"level":"error","message":"✘ Failed to rebuild document Failed to parse codigoRaton.wlk: \n-- PARSING FAILED --------------------------------------------------\n\n  32 |     method \n  33 | \n> 34 | }\n     | ^\n  35 | \n  36 | class Comida {\n\nExpected one of the following: \n\n'!=', '!==', '%', '&&', '*', '**', '+', '-', '->', '..', '..<', '/', '<', '<<', '<<<', '<=', '<=>', '<>', '==', '===', '>', '>..', '>=', '>>', '>>>', '?:', '@', 'and', 'class', 'const', 'describe', 'invert', 'mixin', 'negate', 'object', 'only', 'or', 'package', 'plus', 'program', 'test', 'var', '{', '||', EOF, comment, identifier, not \"}\r\n\r\n\", whitespace\n","stack":"Error: Failed to parse codigoRaton.wlk: \n-- PARSING FAILED --------------------------------------------------\n\n  32 |     method \n  33 | \n> 34 | }\n     | ^\n  35 | \n  36 | class Comida {\n\nExpected one of the following: \n\n'!=', '!==', '%', '&&', '*', '**', '+', '-', '->', '..', '..<', '/', '<', '<<', '<<<', '<=', '<=>', '<>', '==', '===', '>', '>..', '>=', '>>', '>>>', '?:', '@', 'and', 'class', 'const', 'describe', 'invert', 'mixin', 'negate', 'object', 'only', 'or', 'package', 'plus', 'program', 'test', 'var', '{', '||', EOF, comment, identifier, not \"}\r\n\r\n\", whitespace\n\n    at c:\\Users\\sotoj\\.vscode\\extensions\\uqbar.wollok-lsp-ide-0.5.5\\out\\server\\src\\server.js:2385:13026\n    at Array.map (<anonymous>)\n    at z1n (c:\\Users\\sotoj\\.vscode\\extensions\\uqbar.wollok-lsp-ide-0.5.5\\out\\server\\src\\server.js:2385:12950)\n    at H2.buildEnvironmentFrom (c:\\Users\\sotoj\\.vscode\\extensions\\uqbar.wollok-lsp-ide-0.5.5\\out\\server\\src\\server.js:2430:5254)\n    at H2.updateEnvironmentWith (c:\\Users\\sotoj\\.vscode\\extensions\\uqbar.wollok-lsp-ide-0.5.5\\out\\server\\src\\server.js:2430:4989)\n    at QF (c:\\Users\\sotoj\\.vscode\\extensions\\uqbar.wollok-lsp-ide-0.5.5\\out\\server\\src\\server.js:2430:7383)\n    at V3.invoke (c:\\Users\\sotoj\\.vscode\\extensions\\uqbar.wollok-lsp-ide-0.5.5\\out\\server\\src\\server.js:3:157330)\n    at o.fire (c:\\Users\\sotoj\\.vscode\\extensions\\uqbar.wollok-lsp-ide-0.5.5\\out\\server\\src\\server.js:3:158100)\n    at c:\\Users\\sotoj\\.vscode\\extensions\\uqbar.wollok-lsp-ide-0.5.5\\out\\server\\src\\server.js:37:57871\n    at nd (c:\\Users\\sotoj\\.vscode\\extensions\\uqbar.wollok-lsp-ide-0.5.5\\out\\server\\src\\server.js:8:1561)","timestamp":"2026-09-23T12:03:29.114Z"}
{"level":"info","message":"⌛ Validating codigoRaton.wlk","timeElapsed":245,"timestamp":"2026-09-23T12:03:29.361Z"}
{"level":"info","message":"⌛ Validating codigoRaton.wlk","timeElapsed":234,"timestamp":"2026-09-23T12:03:29.603Z"}
{"level":"info","message":"⌛ Validating codigoRaton.wlk","timeElapsed":240,"timestamp":"2026-09-23T12:03:29.843Z"}
{"level":"info","message":"⌛ Building environment","timeElapsed":223,"timestamp":"2026-09-23T12:03:30.067Z"}
{"level":"info","message":"⌛ Building environment","timeElapsed":156,"timestamp":"2026-09-23T12:03:30.246Z"}
{"level":"info","message":"⌛ Autocomplete - Method","timeElapsed":123,"timestamp":"2026-09-23T12:03:30.399Z"}
{"level":"info","message":"⌛ Building environment","timeElapsed":215,"timestamp":"2026-09-23T12:03:30.615Z"}
{"level":"info","message":"⌛ Building environment","timeElapsed":154,"timestamp":"2026-09-23T12:03:30.774Z"}
{"level":"info","message":"⌛ Building environment","timeElapsed":158,"timestamp":"2026-09-23T12:03:30.933Z"}
{"level":"info","message":"⌛ Validating codigoRaton.wlk","timeElapsed":226,"timestamp":"2026-09-23T12:03:31.160Z"}
{"level":"info","message":"⌛ Building environment","timeElapsed":169,"timestamp":"2026-09-23T12:03:31.332Z"}
{"level":"info","message":"⌛ Validating codigoRaton.wlk","timeElapsed":266,"timestamp":"2026-09-23T12:03:31.633Z"}
{"level":"info","message":"⌛ Building environment","timeElapsed":342,"timestamp":"2026-09-23T12:03:32.195Z"}
{"level":"info","message":"⌛ Building environment","timeElapsed":134,"timestamp":"2026-09-23T12:03:32.340Z"}
{"level":"info","message":"⌛ Validating codigoRaton.wlk","timeElapsed":168,"timestamp":"2026-09-23T12:03:32.514Z"}
{"level":"info","message":"⌛ Validating codigoRaton.wlk","timeElapsed":171,"timestamp":"2026-09-23T12:03:32.685Z"}
{"level":"info","message":"⌛ Validating codigoRaton.wlk","timeElapsed":160,"timestamp":"2026-09-23T12:03:32.880Z"}
{"level":"info","message":"⌛ Building environment","timeElapsed":167,"timestamp":"2026-09-23T12:03:33.047Z"}
{"level":"info","message":"⌛ Validating codigoRaton.wlk","timeElapsed":155,"timestamp":"2026-09-23T12:03:33.223Z"}
{"level":"info","message":"⌛ Building environment","timeElapsed":199,"timestamp":"2026-09-23T12:03:33.461Z"}
{"level":"info","message":"⌛ Building environment","timeElapsed":148,"timestamp":"2026-09-23T12:03:33.634Z"}
{"level":"info","message":"⌛ Validating codigoRaton.wlk","timeElapsed":226,"timestamp":"2026-09-23T12:03:33.874Z"}
{"level":"info","message":"⌛ Validating codigoRaton.wlk","timeElapsed":192,"timestamp":"2026-09-23T12:03:34.069Z"}
{"level":"info","message":"⌛ Validating codigoRaton.wlk","timeElapsed":174,"timestamp":"2026-09-23T12:03:34.253Z"}
{"level":"info","message":"⌛ Validating codigoRaton.wlk","timeElapsed":192,"timestamp":"2026-09-23T12:03:34.446Z"}
{"level":"info","message":"⌛ Validating codigoRaton.wlk","timeElapsed":244,"timestamp":"2026-09-23T12:03:34.769Z"}
{"level":"info","message":"⌛ Building environment","timeElapsed":154,"timestamp":"2026-09-23T12:03:34.926Z"}
{"level":"info","message":"⌛ Building environment","timeElapsed":171,"timestamp":"2026-09-23T12:03:35.106Z"}
{"level":"info","message":"⌛ Building environment","timeElapsed":159,"timestamp":"2026-09-23T12:03:35.266Z"}
{"level":"info","message":"⌛ Validating codigoRaton.wlk","timeElapsed":186,"timestamp":"2026-09-23T12:03:35.462Z"}
{"level":"info","message":"⌛ Validating codigoRaton.wlk","timeElapsed":173,"timestamp":"2026-09-23T12:03:35.747Z"}
{"level":"info","message":"⌛ Validating codigoRaton.wlk","timeElapsed":189,"timestamp":"2026-09-23T12:03:35.946Z"}
{"level":"info","message":"⌛ Building environment","timeElapsed":158,"timestamp":"2026-09-23T12:03:36.278Z"}
{"level":"info","message":"⌛ Validating codigoRaton.wlk","timeElapsed":181,"timestamp":"2026-09-23T12:03:36.461Z"}
{"level":"info","message":"⌛ Building environment","timeElapsed":292,"timestamp":"2026-09-23T12:03:43.925Z"}
{"level":"info","message":"⌛ Validating codigoRaton.wlk","timeElapsed":165,"timestamp":"2026-09-23T12:03:44.217Z"}
{"level":"info","message":"⌛ Building environment","timeElapsed":187,"timestamp":"2026-09-23T12:04:07.547Z"}
{"level":"info","message":"⌛ Validating codigoRaton.wlk","timeElapsed":208,"timestamp":"2026-09-23T12:04:07.757Z"}
{"level":"info","message":"⌛ Building environment","timeElapsed":172,"timestamp":"2026-09-23T12:04:16.067Z"}
{"level":"info","message":"⌛ Validating codigoRaton.wlk","timeElapsed":255,"timestamp":"2026-09-23T12:04:16.335Z"}
{"level":"info","message":"⌛ Building environment","timeElapsed":144,"timestamp":"2026-09-23T12:04:16.481Z"}
{"level":"info","message":"⌛ Building environment","timeElapsed":231,"timestamp":"2026-09-23T12:04:16.760Z"}
{"level":"info","message":"⌛ Building environment","timeElapsed":137,"timestamp":"2026-09-23T12:04:16.930Z"}
{"level":"info","message":"⌛ Validating codigoRaton.wlk","timeElapsed":212,"timestamp":"2026-09-23T12:04:17.192Z"}
{"level":"info","message":"⌛ Building environment","timeElapsed":169,"timestamp":"2026-09-23T12:04:17.366Z"}
{"level":"info","message":"⌛ Validating codigoRaton.wlk","timeElapsed":435,"timestamp":"2026-09-23T12:04:17.896Z"}
{"level":"info","message":"⌛ Validating codigoRaton.wlk","timeElapsed":201,"timestamp":"2026-09-23T12:04:18.107Z"}
{"level":"info","message":"⌛ Validating codigoRaton.wlk","timeElapsed":197,"timestamp":"2026-09-23T12:04:18.307Z"}
{"level":"info","message":"⌛ Building environment","timeElapsed":120,"timestamp":"2026-09-23T12:04:18.430Z"}
{"level":"info","message":"⌛ Building environment","timeElapsed":155,"timestamp":"2026-09-23T12:04:18.605Z"}
{"level":"info","message":"⌛ Validating codigoRaton.wlk","timeElapsed":232,"timestamp":"2026-09-23T12:04:18.849Z"}
{"level":"info","message":"⌛ Building environment","timeElapsed":156,"timestamp":"2026-09-23T12:04:19.095Z"}
{"level":"info","message":"⌛ Validating codigoRaton.wlk","timeElapsed":250,"timestamp":"2026-09-23T12:04:19.407Z"}
{"level":"info","message":"⌛ Building environment","timeElapsed":266,"timestamp":"2026-09-23T12:04:19.685Z"}
{"level":"info","message":"⌛ Validating codigoRaton.wlk","timeElapsed":242,"timestamp":"2026-09-23T12:04:19.935Z"}
{"level":"info","message":"⌛ Building environment","timeElapsed":158,"timestamp":"2026-09-23T12:04:20.110Z"}
{"level":"info","message":"⌛ Building environment","timeElapsed":192,"timestamp":"2026-09-23T12:04:20.353Z"}
{"level":"info","message":"⌛ Building environment","timeElapsed":318,"timestamp":"2026-09-23T12:04:20.718Z"}
{"level":"info","message":"⌛ Validating codigoRaton.wlk","timeElapsed":251,"timestamp":"2026-09-23T12:04:20.972Z"}
{"level":"info","message":"⌛ Validating codigoRaton.wlk","timeElapsed":267,"timestamp":"2026-09-23T12:04:21.266Z"}
{"level":"info","message":"⌛ Validating codigoRaton.wlk","timeElapsed":183,"timestamp":"2026-09-23T12:04:21.470Z"}
{"level":"info","message":"⌛ Building environment","timeElapsed":157,"timestamp":"2026-09-23T12:04:21.630Z"}
{"level":"info","message":"⌛ Validating codigoRaton.wlk","timeElapsed":198,"timestamp":"2026-09-23T12:04:21.879Z"}
{"level":"info","message":"⌛ Validating codigoRaton.wlk","timeElapsed":217,"timestamp":"2026-09-23T12:04:22.179Z"}
{"level":"info","message":"⌛ Building environment","timeElapsed":180,"timestamp":"2026-09-23T12:04:38.588Z"}
{"level":"info","message":"⌛ Validating codigoRaton.wlk","timeElapsed":202,"timestamp":"2026-09-23T12:04:38.791Z"}
{"level":"info","message":"⌛ Building environment","timeElapsed":382,"timestamp":"2026-09-23T12:04:40.687Z"}
{"level":"info","message":"⌛ Building environment","timeElapsed":127,"timestamp":"2026-09-23T12:04:40.923Z"}
{"level":"info","message":"⌛ Validating codigoRaton.wlk","timeElapsed":155,"timestamp":"2026-09-23T12:04:41.108Z"}
{"level":"info","message":"⌛ Validating codigoRaton.wlk","timeElapsed":229,"timestamp":"2026-09-23T12:04:41.373Z"}
{"level":"info","message":"⌛ Building environment","timeElapsed":180,"timestamp":"2026-09-23T12:04:41.697Z"}
{"level":"info","message":"⌛ Validating codigoRaton.wlk","timeElapsed":249,"timestamp":"2026-09-23T12:04:41.959Z"}
{"level":"info","message":"⌛ Building environment","timeElapsed":143,"timestamp":"2026-09-23T12:04:42.105Z"}
{"level":"info","message":"⌛ Validating codigoRaton.wlk","timeElapsed":203,"timestamp":"2026-09-23T12:04:42.318Z"}
{"level":"info","message":"⌛ Building environment","timeElapsed":138,"timestamp":"2026-09-23T12:04:42.456Z"}
{"level":"info","message":"⌛ Validating codigoRaton.wlk","timeElapsed":305,"timestamp":"2026-09-23T12:04:42.770Z"}
{"level":"info","message":"⌛ Building environment","timeElapsed":187,"timestamp":"2026-09-23T12:04:42.977Z"}
{"level":"info","message":"⌛ Building environment","timeElapsed":192,"timestamp":"2026-09-23T12:04:43.210Z"}
{"level":"info","message":"⌛ Building environment","timeElapsed":180,"timestamp":"2026-09-23T12:04:43.391Z"}
{"level":"info","message":"⌛ Validating codigoRaton.wlk","timeElapsed":171,"timestamp":"2026-09-23T12:04:43.563Z"}
{"level":"info","message":"⌛ Building environment","timeElapsed":235,"timestamp":"2026-09-23T12:04:43.883Z"}
{"level":"info","message":"⌛ Validating codigoRaton.wlk","timeElapsed":198,"timestamp":"2026-09-23T12:04:44.083Z"}
{"level":"info","message":"⌛ Building environment","timeElapsed":618,"timestamp":"2026-09-23T12:04:44.702Z"}
{"level":"info","message":"⌛ Validating codigoRaton.wlk","timeElapsed":296,"timestamp":"2026-09-23T12:04:44.999Z"}
{"level":"error","message":"✘ Failed to rebuild document Failed to parse codigoRaton.wlk: \n-- PARSING FAILED --------------------------------------------------\n\n  35 |     method\n  36 | \n> 37 | }\n     | ^\n  38 | \n  39 | class Comida {\n\nExpected one of the following: \n\n'!=', '!==', '%', '&&', '*', '**', '+', '-', '->', '..', '..<', '/', '<', '<<', '<<<', '<=', '<=>', '<>', '==', '===', '>', '>..', '>=', '>>', '>>>', '?:', '@', 'and', 'class', 'const', 'describe', 'invert', 'mixin', 'negate', 'object', 'only', 'or', 'package', 'plus', 'program', 'test', 'var', '{', '||', EOF, comment, identifier, not \"}\r\n\r\n\", whitespace\n","stack":"Error: Failed to parse codigoRaton.wlk: \n-- PARSING FAILED --------------------------------------------------\n\n  35 |     method\n  36 | \n> 37 | }\n     | ^\n  38 | \n  39 | class Comida {\n\nExpected one of the following: \n\n'!=', '!==', '%', '&&', '*', '**', '+', '-', '->', '..', '..<', '/', '<', '<<', '<<<', '<=', '<=>', '<>', '==', '===', '>', '>..', '>=', '>>', '>>>', '?:', '@', 'and', 'class', 'const', 'describe', 'invert', 'mixin', 'negate', 'object', 'only', 'or', 'package', 'plus', 'program', 'test', 'var', '{', '||', EOF, comment, identifier, not \"}\r\n\r\n\", whitespace\n\n    at c:\\Users\\sotoj\\.vscode\\extensions\\uqbar.wollok-lsp-ide-0.5.5\\out\\server\\src\\server.js:2385:13026\n    at Array.map (<anonymous>)\n    at z1n (c:\\Users\\sotoj\\.vscode\\extensions\\uqbar.wollok-lsp-ide-0.5.5\\out\\server\\src\\server.js:2385:12950)\n    at H2.buildEnvironmentFrom (c:\\Users\\sotoj\\.vscode\\extensions\\uqbar.wollok-lsp-ide-0.5.5\\out\\server\\src\\server.js:2430:5254)\n    at H2.updateEnvironmentWith (c:\\Users\\sotoj\\.vscode\\extensions\\uqbar.wollok-lsp-ide-0.5.5\\out\\server\\src\\server.js:2430:4989)\n    at QF (c:\\Users\\sotoj\\.vscode\\extensions\\uqbar.wollok-lsp-ide-0.5.5\\out\\server\\src\\server.js:2430:7383)\n    at V3.invoke (c:\\Users\\sotoj\\.vscode\\extensions\\uqbar.wollok-lsp-ide-0.5.5\\out\\server\\src\\server.js:3:157330)\n    at o.fire (c:\\Users\\sotoj\\.vscode\\extensions\\uqbar.wollok-lsp-ide-0.5.5\\out\\server\\src\\server.js:3:158100)\n    at c:\\Users\\sotoj\\.vscode\\extensions\\uqbar.wollok-lsp-ide-0.5.5\\out\\server\\src\\server.js:37:57871\n    at nd (c:\\Users\\sotoj\\.vscode\\extensions\\uqbar.wollok-lsp-ide-0.5.5\\out\\server\\src\\server.js:8:1561)","timestamp":"2026-09-23T12:04:45.056Z"}
{"level":"error","message":"✘ Failed to rebuild document Failed to parse codigoRaton.wlk: \n-- PARSING FAILED --------------------------------------------------\n\n  35 |     method \n  36 | \n> 37 | }\n     | ^\n  38 | \n  39 | class Comida {\n\nExpected one of the following: \n\n'!=', '!==', '%', '&&', '*', '**', '+', '-', '->', '..', '..<', '/', '<', '<<', '<<<', '<=', '<=>', '<>', '==', '===', '>', '>..', '>=', '>>', '>>>', '?:', '@', 'and', 'class', 'const', 'describe', 'invert', 'mixin', 'negate', 'object', 'only', 'or', 'package', 'plus', 'program', 'test', 'var', '{', '||', EOF, comment, identifier, not \"}\r\n\r\n\", whitespace\n","stack":"Error: Failed to parse codigoRaton.wlk: \n-- PARSING FAILED --------------------------------------------------\n\n  35 |     method \n  36 | \n> 37 | }\n     | ^\n  38 | \n  39 | class Comida {\n\nExpected one of the following: \n\n'!=', '!==', '%', '&&', '*', '**', '+', '-', '->', '..', '..<', '/', '<', '<<', '<<<', '<=', '<=>', '<>', '==', '===', '>', '>..', '>=', '>>', '>>>', '?:', '@', 'and', 'class', 'const', 'describe', 'invert', 'mixin', 'negate', 'object', 'only', 'or', 'package', 'plus', 'program', 'test', 'var', '{', '||', EOF, comment, identifier, not \"}\r\n\r\n\", whitespace\n\n    at c:\\Users\\sotoj\\.vscode\\extensions\\uqbar.wollok-lsp-ide-0.5.5\\out\\server\\src\\server.js:2385:13026\n    at Array.map (<anonymous>)\n    at z1n (c:\\Users\\sotoj\\.vscode\\extensions\\uqbar.wollok-lsp-ide-0.5.5\\out\\server\\src\\server.js:2385:12950)\n    at H2.buildEnvironmentFrom (c:\\Users\\sotoj\\.vscode\\extensions\\uqbar.wollok-lsp-ide-0.5.5\\out\\server\\src\\server.js:2430:5254)\n    at H2.updateEnvironmentWith (c:\\Users\\sotoj\\.vscode\\extensions\\uqbar.wollok-lsp-ide-0.5.5\\out\\server\\src\\server.js:2430:4989)\n    at QF (c:\\Users\\sotoj\\.vscode\\extensions\\uqbar.wollok-lsp-ide-0.5.5\\out\\server\\src\\server.js:2430:7383)\n    at V3.invoke (c:\\Users\\sotoj\\.vscode\\extensions\\uqbar.wollok-lsp-ide-0.5.5\\out\\server\\src\\server.js:3:157330)\n    at o.fire (c:\\Users\\sotoj\\.vscode\\extensions\\uqbar.wollok-lsp-ide-0.5.5\\out\\server\\src\\server.js:3:158100)\n    at c:\\Users\\sotoj\\.vscode\\extensions\\uqbar.wollok-lsp-ide-0.5.5\\out\\server\\src\\server.js:37:57871\n    at nd (c:\\Users\\sotoj\\.vscode\\extensions\\uqbar.wollok-lsp-ide-0.5.5\\out\\server\\src\\server.js:8:1561)","timestamp":"2026-09-23T12:04:45.077Z"}
{"level":"info","message":"⌛ Validating codigoRaton.wlk","timeElapsed":199,"timestamp":"2026-09-23T12:04:45.313Z"}
{"level":"info","message":"⌛ Building environment","timeElapsed":203,"timestamp":"2026-09-23T12:04:45.557Z"}
{"level":"info","message":"⌛ Building environment","timeElapsed":157,"timestamp":"2026-09-23T12:04:45.715Z"}
{"level":"info","message":"⌛ Building environment","timeElapsed":139,"timestamp":"2026-09-23T12:04:45.896Z"}
{"level":"info","message":"⌛ Building environment","timeElapsed":113,"timestamp":"2026-09-23T12:04:46.034Z"}
{"level":"info","message":"⌛ Building environment","timeElapsed":144,"timestamp":"2026-09-23T12:04:46.183Z"}
{"level":"info","message":"⌛ Validating codigoRaton.wlk","timeElapsed":270,"timestamp":"2026-09-23T12:04:46.457Z"}
{"level":"info","message":"⌛ Building environment","timeElapsed":230,"timestamp":"2026-09-23T12:04:46.755Z"}
{"level":"info","message":"⌛ Building environment","timeElapsed":134,"timestamp":"2026-09-23T12:04:46.891Z"}
{"level":"info","message":"⌛ Building environment","timeElapsed":117,"timestamp":"2026-09-23T12:04:47.008Z"}
{"level":"info","message":"⌛ Validating codigoRaton.wlk","timeElapsed":172,"timestamp":"2026-09-23T12:04:47.225Z"}
{"level":"info","message":"⌛ Validating codigoRaton.wlk","timeElapsed":179,"timestamp":"2026-09-23T12:04:47.415Z"}
{"level":"info","message":"⌛ Validating codigoRaton.wlk","timeElapsed":165,"timestamp":"2026-09-23T12:04:47.581Z"}
{"level":"info","message":"⌛ Validating codigoRaton.wlk","timeElapsed":184,"timestamp":"2026-09-23T12:04:47.821Z"}
{"level":"info","message":"⌛ Validating codigoRaton.wlk","timeElapsed":180,"timestamp":"2026-09-23T12:04:48.006Z"}
{"level":"info","message":"⌛ Building environment","timeElapsed":158,"timestamp":"2026-09-23T12:04:48.167Z"}
{"level":"info","message":"⌛ Building environment","timeElapsed":138,"timestamp":"2026-09-23T12:04:48.310Z"}
{"level":"info","message":"⌛ Validating codigoRaton.wlk","timeElapsed":162,"timestamp":"2026-09-23T12:04:48.495Z"}
{"level":"info","message":"⌛ Validating codigoRaton.wlk","timeElapsed":161,"timestamp":"2026-09-23T12:04:48.661Z"}
{"level":"info","message":"⌛ Validating codigoRaton.wlk","timeElapsed":170,"timestamp":"2026-09-23T12:04:48.832Z"}
{"level":"info","message":"⌛ Validating codigoRaton.wlk","timeElapsed":237,"timestamp":"2026-09-23T12:04:49.070Z"}
{"level":"info","message":"⌛ Validating codigoRaton.wlk","timeElapsed":156,"timestamp":"2026-09-23T12:04:49.238Z"}
{"level":"info","message":"⌛ Building environment","timeElapsed":393,"timestamp":"2026-09-23T12:04:49.856Z"}
{"level":"info","message":"⌛ Validating codigoRaton.wlk","timeElapsed":211,"timestamp":"2026-09-23T12:04:50.088Z"}
{"level":"info","message":"⌛ Building environment","timeElapsed":163,"timestamp":"2026-09-23T12:04:51.190Z"}
{"level":"info","message":"⌛ Validating codigoRaton.wlk","timeElapsed":205,"timestamp":"2026-09-23T12:04:51.397Z"}
{"level":"info","message":"⌛ Building environment","timeElapsed":234,"timestamp":"2026-09-23T12:04:51.724Z"}
{"level":"info","message":"⌛ Building environment","timeElapsed":211,"timestamp":"2026-09-23T12:04:51.940Z"}
{"level":"error","message":"✘ Completions for node Return (undefined - codigoRaton.wlk) failed: Error: [Return]{9b2730} at codigoRaton.wlk:-- exhausted all cases without a match [Return]{9b2730} at codigoRaton.wlk:-- exhausted all cases without a match","stack":"Error: [Return]{9b2730} at codigoRaton.wlk:-- exhausted all cases without a match\n    at c:\\Users\\sotoj\\.vscode\\extensions\\uqbar.wollok-lsp-ide-0.5.5\\out\\server\\src\\server.js:38:6142\n    at L2 (c:\\Users\\sotoj\\.vscode\\extensions\\uqbar.wollok-lsp-ide-0.5.5\\out\\server\\src\\server.js:2421:42)\n    at Jh (c:\\Users\\sotoj\\.vscode\\extensions\\uqbar.wollok-lsp-ide-0.5.5\\out\\server\\src\\server.js:2421:1092)\n    at w5n (c:\\Users\\sotoj\\.vscode\\extensions\\uqbar.wollok-lsp-ide-0.5.5\\out\\server\\src\\server.js:2421:1248)\n    at c:\\Users\\sotoj\\.vscode\\extensions\\uqbar.wollok-lsp-ide-0.5.5\\out\\server\\src\\server.js:38:6131\n    at L2 (c:\\Users\\sotoj\\.vscode\\extensions\\uqbar.wollok-lsp-ide-0.5.5\\out\\server\\src\\server.js:2421:42)\n    at c:\\Users\\sotoj\\.vscode\\extensions\\uqbar.wollok-lsp-ide-0.5.5\\out\\server\\src\\server.js:2421:2988\n    at c:\\Users\\sotoj\\.vscode\\extensions\\uqbar.wollok-lsp-ide-0.5.5\\out\\server\\src\\server.js:2430:8440\n    at c:\\Users\\sotoj\\.vscode\\extensions\\uqbar.wollok-lsp-ide-0.5.5\\out\\server\\src\\server.js:37:74872\n    at Ke (c:\\Users\\sotoj\\.vscode\\extensions\\uqbar.wollok-lsp-ide-0.5.5\\out\\server\\src\\server.js:7:8527)","timestamp":"2026-09-23T12:04:52.025Z"}
{"level":"info","message":"⌛ Building environment","timeElapsed":279,"timestamp":"2026-09-23T12:04:52.315Z"}
{"level":"info","message":"⌛ Validating codigoRaton.wlk","timeElapsed":242,"timestamp":"2026-09-23T12:04:52.559Z"}
{"level":"info","message":"⌛ Building environment","timeElapsed":117,"timestamp":"2026-09-23T12:04:52.681Z"}
{"level":"info","message":"⌛ Validating codigoRaton.wlk","timeElapsed":183,"timestamp":"2026-09-23T12:04:52.876Z"}
{"level":"info","message":"⌛ Building environment","timeElapsed":173,"timestamp":"2026-09-23T12:04:53.109Z"}
{"level":"info","message":"⌛ Building environment","timeElapsed":141,"timestamp":"2026-09-23T12:04:53.254Z"}
{"level":"info","message":"⌛ Building environment","timeElapsed":118,"timestamp":"2026-09-23T12:04:53.374Z"}
{"level":"info","message":"⌛ Building environment","timeElapsed":150,"timestamp":"2026-09-23T12:04:53.558Z"}
{"level":"info","message":"⌛ Validating codigoRaton.wlk","timeElapsed":180,"timestamp":"2026-09-23T12:04:53.752Z"}
{"level":"info","message":"⌛ Building environment","timeElapsed":219,"timestamp":"2026-09-23T12:04:54.012Z"}
{"level":"info","message":"⌛ Validating codigoRaton.wlk","timeElapsed":192,"timestamp":"2026-09-23T12:04:54.206Z"}
{"level":"info","message":"⌛ Validating codigoRaton.wlk","timeElapsed":171,"timestamp":"2026-09-23T12:04:54.395Z"}
{"level":"info","message":"⌛ Validating codigoRaton.wlk","timeElapsed":192,"timestamp":"2026-09-23T12:04:54.594Z"}
{"level":"info","message":"⌛ Validating codigoRaton.wlk","timeElapsed":170,"timestamp":"2026-09-23T12:04:54.765Z"}
{"level":"info","message":"⌛ Validating codigoRaton.wlk","timeElapsed":164,"timestamp":"2026-09-23T12:04:54.929Z"}
{"level":"info","message":"⌛ Validating codigoRaton.wlk","timeElapsed":163,"timestamp":"2026-09-23T12:04:55.093Z"}
{"level":"info","message":"⌛ Building environment","timeElapsed":162,"timestamp":"2026-09-23T12:05:19.053Z"}
{"level":"info","message":"⌛ Validating codigoRaton.wlk","timeElapsed":268,"timestamp":"2026-09-23T12:05:19.379Z"}
{"level":"info","message":"⌛ Building environment","timeElapsed":221,"timestamp":"2026-09-23T12:05:19.614Z"}
{"level":"info","message":"⌛ Building environment","timeElapsed":110,"timestamp":"2026-09-23T12:05:19.737Z"}
{"level":"info","message":"⌛ Validating codigoRaton.wlk","timeElapsed":493,"timestamp":"2026-09-23T12:05:20.339Z"}
{"level":"info","message":"⌛ Validating codigoRaton.wlk","timeElapsed":257,"timestamp":"2026-09-23T12:05:20.702Z"}
{"level":"info","message":"⌛ Building environment","timeElapsed":165,"timestamp":"2026-09-23T12:05:20.885Z"}
{"level":"info","message":"⌛ Building environment","timeElapsed":159,"timestamp":"2026-09-23T12:05:21.047Z"}
{"level":"info","message":"⌛ Building environment","timeElapsed":131,"timestamp":"2026-09-23T12:05:21.202Z"}
{"level":"info","message":"⌛ Building environment","timeElapsed":157,"timestamp":"2026-09-23T12:05:21.361Z"}
{"level":"info","message":"⌛ Building environment","timeElapsed":183,"timestamp":"2026-09-23T12:05:21.550Z"}
{"level":"info","message":"⌛ Building environment","timeElapsed":279,"timestamp":"2026-09-23T12:05:21.915Z"}
{"level":"info","message":"⌛ Validating codigoRaton.wlk","timeElapsed":214,"timestamp":"2026-09-23T12:05:22.132Z"}
{"level":"info","message":"⌛ Validating codigoRaton.wlk","timeElapsed":195,"timestamp":"2026-09-23T12:05:22.337Z"}
{"level":"info","message":"⌛ Validating codigoRaton.wlk","timeElapsed":172,"timestamp":"2026-09-23T12:05:22.530Z"}
{"level":"info","message":"⌛ Validating codigoRaton.wlk","timeElapsed":240,"timestamp":"2026-09-23T12:05:22.773Z"}
{"level":"info","message":"⌛ Validating codigoRaton.wlk","timeElapsed":174,"timestamp":"2026-09-23T12:05:22.952Z"}
{"level":"info","message":"⌛ Validating codigoRaton.wlk","timeElapsed":184,"timestamp":"2026-09-23T12:05:23.141Z"}
{"level":"info","message":"⌛ Building environment","timeElapsed":150,"timestamp":"2026-09-23T12:05:28.620Z"}
{"level":"info","message":"⌛ Validating codigoRaton.wlk","timeElapsed":172,"timestamp":"2026-09-23T12:05:28.794Z"}
{"level":"info","message":"⌛ Building environment","timeElapsed":175,"timestamp":"2026-09-23T12:05:31.333Z"}
{"level":"info","message":"⌛ Validating codigoRaton.wlk","timeElapsed":246,"timestamp":"2026-09-23T12:05:31.583Z"}
{"level":"info","message":"⌛ Building environment","timeElapsed":149,"timestamp":"2026-09-23T12:05:31.733Z"}
{"level":"info","message":"⌛ Validating codigoRaton.wlk","timeElapsed":180,"timestamp":"2026-09-23T12:05:31.914Z"}
{"level":"info","message":"⌛ Building environment","timeElapsed":148,"timestamp":"2026-09-23T12:05:36.404Z"}
{"level":"info","message":"⌛ Validating codigoRaton.wlk","timeElapsed":242,"timestamp":"2026-09-23T12:05:36.651Z"}
{"level":"info","message":"⌛ Building environment","timeElapsed":196,"timestamp":"2026-09-23T12:05:36.906Z"}
{"level":"info","message":"⌛ Validating codigoRaton.wlk","timeElapsed":208,"timestamp":"2026-09-23T12:05:37.123Z"}
{"level":"info","message":"⌛ Building environment","timeElapsed":156,"timestamp":"2026-09-23T12:05:40.432Z"}
{"level":"info","message":"⌛ Validating codigoRaton.wlk","timeElapsed":471,"timestamp":"2026-09-23T12:05:40.933Z"}
{"level":"info","message":"⌛ Building environment","timeElapsed":179,"timestamp":"2026-09-23T12:05:41.119Z"}
{"level":"info","message":"⌛ Validating codigoRaton.wlk","timeElapsed":240,"timestamp":"2026-09-23T12:05:41.389Z"}
{"level":"info","message":"⌛ Building environment","timeElapsed":172,"timestamp":"2026-09-23T12:08:37.065Z"}
{"level":"info","message":"⌛ Validating codigoRaton.wlk","timeElapsed":254,"timestamp":"2026-09-23T12:08:37.339Z"}
{"level":"info","message":"⌛ Building environment","timeElapsed":428,"timestamp":"2026-09-23T12:08:38.133Z"}
{"level":"info","message":"⌛ Building environment","timeElapsed":154,"timestamp":"2026-09-23T12:08:38.336Z"}
{"level":"info","message":"⌛ Building environment","timeElapsed":162,"timestamp":"2026-09-23T12:08:38.507Z"}
{"level":"info","message":"⌛ Validating codigoRaton.wlk","timeElapsed":205,"timestamp":"2026-09-23T12:08:38.766Z"}
{"level":"info","message":"⌛ Validating codigoRaton.wlk","timeElapsed":214,"timestamp":"2026-09-23T12:08:38.997Z"}
{"level":"info","message":"⌛ Building environment","timeElapsed":205,"timestamp":"2026-09-23T12:08:39.208Z"}
{"level":"info","message":"⌛ Validating codigoRaton.wlk","timeElapsed":262,"timestamp":"2026-09-23T12:08:39.472Z"}
{"level":"info","message":"⌛ Building environment","timeElapsed":155,"timestamp":"2026-09-23T12:08:39.653Z"}
{"level":"info","message":"⌛ Validating codigoRaton.wlk","timeElapsed":265,"timestamp":"2026-09-23T12:08:39.929Z"}
{"level":"info","message":"⌛ Building environment","timeElapsed":172,"timestamp":"2026-09-23T12:08:40.153Z"}
{"level":"info","message":"⌛ Building environment","timeElapsed":132,"timestamp":"2026-09-23T12:08:40.335Z"}
{"level":"info","message":"⌛ Building environment","timeElapsed":214,"timestamp":"2026-09-23T12:08:40.573Z"}
{"level":"info","message":"⌛ Validating codigoRaton.wlk","timeElapsed":184,"timestamp":"2026-09-23T12:08:40.760Z"}
{"level":"info","message":"⌛ Building environment","timeElapsed":154,"timestamp":"2026-09-23T12:08:40.919Z"}
{"level":"info","message":"⌛ Building environment","timeElapsed":108,"timestamp":"2026-09-23T12:08:41.029Z"}
{"level":"info","message":"⌛ Validating codigoRaton.wlk","timeElapsed":166,"timestamp":"2026-09-23T12:08:41.231Z"}
{"level":"info","message":"⌛ Validating codigoRaton.wlk","timeElapsed":234,"timestamp":"2026-09-23T12:08:41.510Z"}
{"level":"info","message":"⌛ Validating codigoRaton.wlk","timeElapsed":161,"timestamp":"2026-09-23T12:08:41.671Z"}
{"level":"info","message":"⌛ Validating codigoRaton.wlk","timeElapsed":160,"timestamp":"2026-09-23T12:08:41.832Z"}
{"level":"info","message":"⌛ Validating codigoRaton.wlk","timeElapsed":196,"timestamp":"2026-09-23T12:08:42.038Z"}
{"level":"info","message":"⌛ Building environment","timeElapsed":171,"timestamp":"2026-09-23T12:08:53.508Z"}
{"level":"info","message":"⌛ Validating codigoRaton.wlk","timeElapsed":184,"timestamp":"2026-09-23T12:08:53.693Z"}
{"level":"info","message":"⌛ Building environment","timeElapsed":129,"timestamp":"2026-09-23T12:08:54.085Z"}
{"level":"info","message":"⌛ Validating codigoRaton.wlk","timeElapsed":172,"timestamp":"2026-09-23T12:08:54.259Z"}
{"level":"info","message":"⌛ Building environment","timeElapsed":211,"timestamp":"2026-09-23T12:08:54.783Z"}
{"level":"info","message":"⌛ Building environment","timeElapsed":213,"timestamp":"2026-09-23T12:08:55.040Z"}
{"level":"info","message":"⌛ Validating codigoRaton.wlk","timeElapsed":255,"timestamp":"2026-09-23T12:08:55.296Z"}
{"level":"info","message":"⌛ Building environment","timeElapsed":182,"timestamp":"2026-09-23T12:08:55.479Z"}
{"level":"info","message":"⌛ Validating codigoRaton.wlk","timeElapsed":232,"timestamp":"2026-09-23T12:08:55.713Z"}
{"level":"info","message":"⌛ Building environment","timeElapsed":176,"timestamp":"2026-09-23T12:08:55.970Z"}
{"level":"info","message":"⌛ Building environment","timeElapsed":165,"timestamp":"2026-09-23T12:08:56.137Z"}
{"level":"info","message":"⌛ Validating codigoRaton.wlk","timeElapsed":213,"timestamp":"2026-09-23T12:08:56.351Z"}
{"level":"info","message":"⌛ Building environment","timeElapsed":175,"timestamp":"2026-09-23T12:08:56.545Z"}
{"level":"info","message":"⌛ Building environment","timeElapsed":115,"timestamp":"2026-09-23T12:08:56.660Z"}
{"level":"info","message":"⌛ Validating codigoRaton.wlk","timeElapsed":318,"timestamp":"2026-09-23T12:08:57.080Z"}
{"level":"info","message":"⌛ Validating codigoRaton.wlk","timeElapsed":503,"timestamp":"2026-09-23T12:08:57.600Z"}
{"level":"info","message":"⌛ Building environment","timeElapsed":199,"timestamp":"2026-09-23T12:08:57.804Z"}
{"level":"info","message":"⌛ Validating codigoRaton.wlk","timeElapsed":188,"timestamp":"2026-09-23T12:08:57.994Z"}
{"level":"info","message":"⌛ Validating codigoRaton.wlk","timeElapsed":201,"timestamp":"2026-09-23T12:08:58.196Z"}
{"level":"info","message":"⌛ Building environment","timeElapsed":128,"timestamp":"2026-09-23T12:08:58.324Z"}
{"level":"info","message":"⌛ Building environment","timeElapsed":140,"timestamp":"2026-09-23T12:08:58.514Z"}
{"level":"info","message":"⌛ Building environment","timeElapsed":161,"timestamp":"2026-09-23T12:08:58.697Z"}
{"level":"info","message":"⌛ Building environment","timeElapsed":295,"timestamp":"2026-09-23T12:08:59.012Z"}
{"level":"info","message":"⌛ Building environment","timeElapsed":140,"timestamp":"2026-09-23T12:08:59.153Z"}
{"level":"info","message":"⌛ Building environment","timeElapsed":123,"timestamp":"2026-09-23T12:08:59.297Z"}
{"level":"info","message":"⌛ Validating codigoRaton.wlk","timeElapsed":202,"timestamp":"2026-09-23T12:08:59.552Z"}
{"level":"info","message":"⌛ Building environment","timeElapsed":133,"timestamp":"2026-09-23T12:08:59.697Z"}
{"level":"info","message":"⌛ Validating codigoRaton.wlk","timeElapsed":195,"timestamp":"2026-09-23T12:08:59.896Z"}
{"level":"info","message":"⌛ Validating codigoRaton.wlk","timeElapsed":187,"timestamp":"2026-09-23T12:09:00.216Z"}
{"level":"info","message":"⌛ Building environment","timeElapsed":197,"timestamp":"2026-09-23T12:09:00.425Z"}
{"level":"info","message":"⌛ Validating codigoRaton.wlk","timeElapsed":245,"timestamp":"2026-09-23T12:09:00.672Z"}
{"level":"info","message":"⌛ Building environment","timeElapsed":143,"timestamp":"2026-09-23T12:09:00.815Z"}
{"level":"info","message":"⌛ Validating codigoRaton.wlk","timeElapsed":180,"timestamp":"2026-09-23T12:09:01.009Z"}
{"level":"info","message":"⌛ Validating codigoRaton.wlk","timeElapsed":189,"timestamp":"2026-09-23T12:09:01.203Z"}
{"level":"info","message":"⌛ Validating codigoRaton.wlk","timeElapsed":156,"timestamp":"2026-09-23T12:09:01.363Z"}
{"level":"info","message":"⌛ Building environment","timeElapsed":186,"timestamp":"2026-09-23T12:09:01.593Z"}
{"level":"info","message":"⌛ Validating codigoRaton.wlk","timeElapsed":180,"timestamp":"2026-09-23T12:09:01.782Z"}
{"level":"info","message":"⌛ Building environment","timeElapsed":127,"timestamp":"2026-09-23T12:09:01.912Z"}
{"level":"info","message":"⌛ Validating codigoRaton.wlk","timeElapsed":173,"timestamp":"2026-09-23T12:09:02.087Z"}
{"level":"info","message":"⌛ Building environment","timeElapsed":382,"timestamp":"2026-09-23T12:09:02.485Z"}
{"level":"info","message":"⌛ Validating codigoRaton.wlk","timeElapsed":169,"timestamp":"2026-09-23T12:09:02.661Z"}
{"level":"info","message":"⌛ Validating codigoRaton.wlk","timeElapsed":416,"timestamp":"2026-09-23T12:09:03.182Z"}
{"level":"info","message":"⌛ Validating codigoRaton.wlk","timeElapsed":284,"timestamp":"2026-09-23T12:09:03.468Z"}
{"level":"info","message":"⌛ Validating codigoRaton.wlk","timeElapsed":178,"timestamp":"2026-09-23T12:09:03.651Z"}
{"level":"info","message":"⌛ Building environment","timeElapsed":261,"timestamp":"2026-09-23T12:09:03.913Z"}
{"level":"error","message":"✘ Completions for node Return (undefined - codigoRaton.wlk) failed: Error: [Return]{43313c} at codigoRaton.wlk:-- exhausted all cases without a match [Return]{43313c} at codigoRaton.wlk:-- exhausted all cases without a match","stack":"Error: [Return]{43313c} at codigoRaton.wlk:-- exhausted all cases without a match\n    at c:\\Users\\sotoj\\.vscode\\extensions\\uqbar.wollok-lsp-ide-0.5.5\\out\\server\\src\\server.js:38:6142\n    at L2 (c:\\Users\\sotoj\\.vscode\\extensions\\uqbar.wollok-lsp-ide-0.5.5\\out\\server\\src\\server.js:2421:42)\n    at Jh (c:\\Users\\sotoj\\.vscode\\extensions\\uqbar.wollok-lsp-ide-0.5.5\\out\\server\\src\\server.js:2421:1092)\n    at w5n (c:\\Users\\sotoj\\.vscode\\extensions\\uqbar.wollok-lsp-ide-0.5.5\\out\\server\\src\\server.js:2421:1248)\n    at c:\\Users\\sotoj\\.vscode\\extensions\\uqbar.wollok-lsp-ide-0.5.5\\out\\server\\src\\server.js:38:6131\n    at L2 (c:\\Users\\sotoj\\.vscode\\extensions\\uqbar.wollok-lsp-ide-0.5.5\\out\\server\\src\\server.js:2421:42)\n    at c:\\Users\\sotoj\\.vscode\\extensions\\uqbar.wollok-lsp-ide-0.5.5\\out\\server\\src\\server.js:2421:2988\n    at c:\\Users\\sotoj\\.vscode\\extensions\\uqbar.wollok-lsp-ide-0.5.5\\out\\server\\src\\server.js:2430:8440\n    at c:\\Users\\sotoj\\.vscode\\extensions\\uqbar.wollok-lsp-ide-0.5.5\\out\\server\\src\\server.js:37:74872\n    at Ke (c:\\Users\\sotoj\\.vscode\\extensions\\uqbar.wollok-lsp-ide-0.5.5\\out\\server\\src\\server.js:7:8527)","timestamp":"2026-09-23T12:09:03.956Z"}
{"level":"info","message":"⌛ Building environment","timeElapsed":271,"timestamp":"2026-09-23T12:09:04.232Z"}
{"level":"info","message":"⌛ Building environment","timeElapsed":125,"timestamp":"2026-09-23T12:09:04.358Z"}
{"level":"info","message":"⌛ Building environment","timeElapsed":142,"timestamp":"2026-09-23T12:09:04.518Z"}
{"level":"info","message":"⌛ Building environment","timeElapsed":299,"timestamp":"2026-09-23T12:09:04.819Z"}
{"level":"info","message":"⌛ Building environment","timeElapsed":138,"timestamp":"2026-09-23T12:09:04.961Z"}
{"level":"info","message":"⌛ Validating codigoRaton.wlk","timeElapsed":192,"timestamp":"2026-09-23T12:09:05.161Z"}
{"level":"info","message":"⌛ Validating codigoRaton.wlk","timeElapsed":202,"timestamp":"2026-09-23T12:09:05.379Z"}
{"level":"info","message":"⌛ Validating codigoRaton.wlk","timeElapsed":162,"timestamp":"2026-09-23T12:09:05.541Z"}
{"level":"info","message":"⌛ Validating codigoRaton.wlk","timeElapsed":163,"timestamp":"2026-09-23T12:09:05.707Z"}
{"level":"info","message":"⌛ Validating codigoRaton.wlk","timeElapsed":244,"timestamp":"2026-09-23T12:09:06.001Z"}
{"level":"info","message":"⌛ Validating codigoRaton.wlk","timeElapsed":165,"timestamp":"2026-09-23T12:09:06.173Z"}
{"level":"info","message":"⌛ Building environment","timeElapsed":199,"timestamp":"2026-09-23T12:09:11.374Z"}
{"level":"info","message":"⌛ Validating codigoRaton.wlk","timeElapsed":246,"timestamp":"2026-09-23T12:09:11.622Z"}
{"level":"info","message":"⌛ Building environment","timeElapsed":132,"timestamp":"2026-09-23T12:09:11.758Z"}
{"level":"info","message":"⌛ Validating codigoRaton.wlk","timeElapsed":177,"timestamp":"2026-09-23T12:09:11.937Z"}
{"level":"info","message":"⌛ Building environment","timeElapsed":165,"timestamp":"2026-09-23T12:09:12.301Z"}
{"level":"info","message":"⌛ Validating codigoRaton.wlk","timeElapsed":198,"timestamp":"2026-09-23T12:09:12.502Z"}
{"level":"info","message":"⌛ Building environment","timeElapsed":209,"timestamp":"2026-09-23T12:09:12.952Z"}
{"level":"info","message":"⌛ Building environment","timeElapsed":484,"timestamp":"2026-09-23T12:09:13.474Z"}
{"level":"info","message":"⌛ Validating codigoRaton.wlk","timeElapsed":301,"timestamp":"2026-09-23T12:09:13.777Z"}
{"level":"info","message":"⌛ Building environment","timeElapsed":206,"timestamp":"2026-09-23T12:09:14.060Z"}
{"level":"info","message":"⌛ Building environment","timeElapsed":183,"timestamp":"2026-09-23T12:09:14.248Z"}
{"level":"info","message":"⌛ Building environment","timeElapsed":151,"timestamp":"2026-09-23T12:09:14.400Z"}
{"level":"info","message":"⌛ Validating codigoRaton.wlk","timeElapsed":179,"timestamp":"2026-09-23T12:09:14.581Z"}
{"level":"info","message":"⌛ Building environment","timeElapsed":210,"timestamp":"2026-09-23T12:09:14.794Z"}
{"level":"info","message":"⌛ Validating codigoRaton.wlk","timeElapsed":252,"timestamp":"2026-09-23T12:09:15.061Z"}
{"level":"info","message":"⌛ Validating codigoRaton.wlk","timeElapsed":181,"timestamp":"2026-09-23T12:09:15.252Z"}
{"level":"info","message":"⌛ Validating codigoRaton.wlk","timeElapsed":167,"timestamp":"2026-09-23T12:09:15.440Z"}
{"level":"info","message":"⌛ Validating codigoRaton.wlk","timeElapsed":168,"timestamp":"2026-09-23T12:09:15.609Z"}
{"level":"info","message":"⌛ Building environment","timeElapsed":178,"timestamp":"2026-09-23T12:09:15.788Z"}
{"level":"info","message":"⌛ Building environment","timeElapsed":141,"timestamp":"2026-09-23T12:09:15.940Z"}
{"level":"info","message":"⌛ Validating codigoRaton.wlk","timeElapsed":253,"timestamp":"2026-09-23T12:09:16.303Z"}
{"level":"info","message":"⌛ Building environment","timeElapsed":225,"timestamp":"2026-09-23T12:09:16.529Z"}
{"level":"info","message":"⌛ Validating codigoRaton.wlk","timeElapsed":213,"timestamp":"2026-09-23T12:09:16.744Z"}
{"level":"info","message":"⌛ Building environment","timeElapsed":156,"timestamp":"2026-09-23T12:09:16.950Z"}
{"level":"info","message":"⌛ Building environment","timeElapsed":122,"timestamp":"2026-09-23T12:09:17.072Z"}
{"level":"info","message":"⌛ Building environment","timeElapsed":145,"timestamp":"2026-09-23T12:09:17.224Z"}
{"level":"info","message":"⌛ Building environment","timeElapsed":145,"timestamp":"2026-09-23T12:09:17.370Z"}
{"level":"info","message":"⌛ Validating codigoRaton.wlk","timeElapsed":204,"timestamp":"2026-09-23T12:09:17.620Z"}
{"level":"info","message":"⌛ Building environment","timeElapsed":157,"timestamp":"2026-09-23T12:09:17.784Z"}
{"level":"info","message":"⌛ Building environment","timeElapsed":146,"timestamp":"2026-09-23T12:09:17.931Z"}
{"level":"info","message":"⌛ Validating codigoRaton.wlk","timeElapsed":298,"timestamp":"2026-09-23T12:09:18.283Z"}
{"level":"info","message":"⌛ Validating codigoRaton.wlk","timeElapsed":467,"timestamp":"2026-09-23T12:09:18.750Z"}
{"level":"info","message":"⌛ Validating codigoRaton.wlk","timeElapsed":163,"timestamp":"2026-09-23T12:09:18.923Z"}
{"level":"info","message":"⌛ Validating codigoRaton.wlk","timeElapsed":182,"timestamp":"2026-09-23T12:09:19.106Z"}
{"level":"info","message":"⌛ Validating codigoRaton.wlk","timeElapsed":238,"timestamp":"2026-09-23T12:09:19.408Z"}
{"level":"info","message":"⌛ Validating codigoRaton.wlk","timeElapsed":200,"timestamp":"2026-09-23T12:09:19.624Z"}
{"level":"info","message":"⌛ Building environment","timeElapsed":155,"timestamp":"2026-09-23T12:09:19.796Z"}
{"level":"info","message":"⌛ Building environment","timeElapsed":152,"timestamp":"2026-09-23T12:09:19.951Z"}
{"level":"info","message":"⌛ Building environment","timeElapsed":157,"timestamp":"2026-09-23T12:09:20.121Z"}
{"level":"info","message":"⌛ Building environment","timeElapsed":189,"timestamp":"2026-09-23T12:09:20.321Z"}
{"level":"info","message":"⌛ Building environment","timeElapsed":568,"timestamp":"2026-09-23T12:09:20.948Z"}
{"level":"info","message":"⌛ Validating codigoRaton.wlk","timeElapsed":344,"timestamp":"2026-09-23T12:09:21.307Z"}
{"level":"info","message":"⌛ Validating codigoRaton.wlk","timeElapsed":177,"timestamp":"2026-09-23T12:09:21.488Z"}
{"level":"info","message":"⌛ Validating codigoRaton.wlk","timeElapsed":187,"timestamp":"2026-09-23T12:09:21.676Z"}
{"level":"info","message":"⌛ Building environment","timeElapsed":143,"timestamp":"2026-09-23T12:09:21.820Z"}
{"level":"error","message":"✘ Completions for node Return (undefined - codigoRaton.wlk) failed: Error: [Return]{88437b} at codigoRaton.wlk:-- exhausted all cases without a match [Return]{88437b} at codigoRaton.wlk:-- exhausted all cases without a match","stack":"Error: [Return]{88437b} at codigoRaton.wlk:-- exhausted all cases without a match\n    at c:\\Users\\sotoj\\.vscode\\extensions\\uqbar.wollok-lsp-ide-0.5.5\\out\\server\\src\\server.js:38:6142\n    at L2 (c:\\Users\\sotoj\\.vscode\\extensions\\uqbar.wollok-lsp-ide-0.5.5\\out\\server\\src\\server.js:2421:42)\n    at Jh (c:\\Users\\sotoj\\.vscode\\extensions\\uqbar.wollok-lsp-ide-0.5.5\\out\\server\\src\\server.js:2421:1092)\n    at w5n (c:\\Users\\sotoj\\.vscode\\extensions\\uqbar.wollok-lsp-ide-0.5.5\\out\\server\\src\\server.js:2421:1248)\n    at c:\\Users\\sotoj\\.vscode\\extensions\\uqbar.wollok-lsp-ide-0.5.5\\out\\server\\src\\server.js:38:6131\n    at L2 (c:\\Users\\sotoj\\.vscode\\extensions\\uqbar.wollok-lsp-ide-0.5.5\\out\\server\\src\\server.js:2421:42)\n    at c:\\Users\\sotoj\\.vscode\\extensions\\uqbar.wollok-lsp-ide-0.5.5\\out\\server\\src\\server.js:2421:2988\n    at c:\\Users\\sotoj\\.vscode\\extensions\\uqbar.wollok-lsp-ide-0.5.5\\out\\server\\src\\server.js:2430:8440\n    at c:\\Users\\sotoj\\.vscode\\extensions\\uqbar.wollok-lsp-ide-0.5.5\\out\\server\\src\\server.js:37:74872\n    at Ke (c:\\Users\\sotoj\\.vscode\\extensions\\uqbar.wollok-lsp-ide-0.5.5\\out\\server\\src\\server.js:7:8527)","timestamp":"2026-09-23T12:09:21.859Z"}
{"level":"info","message":"⌛ Validating codigoRaton.wlk","timeElapsed":159,"timestamp":"2026-09-23T12:09:22.025Z"}
{"level":"info","message":"⌛ Building environment","timeElapsed":174,"timestamp":"2026-09-23T12:09:22.203Z"}
{"level":"info","message":"⌛ Building environment","timeElapsed":249,"timestamp":"2026-09-23T12:09:22.542Z"}
{"level":"info","message":"⌛ Building environment","timeElapsed":201,"timestamp":"2026-09-23T12:09:22.745Z"}
{"level":"info","message":"⌛ Building environment","timeElapsed":161,"timestamp":"2026-09-23T12:09:22.916Z"}
{"level":"info","message":"⌛ Building environment","timeElapsed":313,"timestamp":"2026-09-23T12:09:23.261Z"}
{"level":"info","message":"⌛ Validating codigoRaton.wlk","timeElapsed":245,"timestamp":"2026-09-23T12:09:23.516Z"}
{"level":"info","message":"⌛ Building environment","timeElapsed":254,"timestamp":"2026-09-23T12:09:23.847Z"}
{"level":"info","message":"⌛ Building environment","timeElapsed":212,"timestamp":"2026-09-23T12:09:24.064Z"}
{"level":"info","message":"⌛ Validating codigoRaton.wlk","timeElapsed":264,"timestamp":"2026-09-23T12:09:24.338Z"}
{"level":"info","message":"⌛ Validating codigoRaton.wlk","timeElapsed":590,"timestamp":"2026-09-23T12:09:24.936Z"}
{"level":"info","message":"⌛ Validating codigoRaton.wlk","timeElapsed":183,"timestamp":"2026-09-23T12:09:25.130Z"}
{"level":"info","message":"⌛ Validating codigoRaton.wlk","timeElapsed":179,"timestamp":"2026-09-23T12:09:25.310Z"}
{"level":"info","message":"⌛ Validating codigoRaton.wlk","timeElapsed":265,"timestamp":"2026-09-23T12:09:25.575Z"}
{"level":"info","message":"⌛ Validating codigoRaton.wlk","timeElapsed":160,"timestamp":"2026-09-23T12:09:25.736Z"}
{"level":"info","message":"⌛ Validating codigoRaton.wlk","timeElapsed":167,"timestamp":"2026-09-23T12:09:25.986Z"}
{"level":"info","message":"⌛ Validating codigoRaton.wlk","timeElapsed":153,"timestamp":"2026-09-23T12:09:26.144Z"}
{"level":"info","message":"⌛ Building environment","timeElapsed":180,"timestamp":"2026-09-23T12:09:27.100Z"}
{"level":"info","message":"⌛ Validating codigoRaton.wlk","timeElapsed":181,"timestamp":"2026-09-23T12:09:27.294Z"}
{"level":"info","message":"⌛ Building environment","timeElapsed":164,"timestamp":"2026-09-23T12:09:27.682Z"}
{"level":"info","message":"⌛ Building environment","timeElapsed":215,"timestamp":"2026-09-23T12:09:27.962Z"}
{"level":"info","message":"⌛ Validating codigoRaton.wlk","timeElapsed":233,"timestamp":"2026-09-23T12:09:28.197Z"}
{"level":"info","message":"⌛ Building environment","timeElapsed":152,"timestamp":"2026-09-23T12:09:28.431Z"}
{"level":"info","message":"⌛ Building environment","timeElapsed":140,"timestamp":"2026-09-23T12:09:28.574Z"}
{"level":"info","message":"⌛ Validating codigoRaton.wlk","timeElapsed":204,"timestamp":"2026-09-23T12:09:28.781Z"}
{"level":"info","message":"⌛ Building environment","timeElapsed":143,"timestamp":"2026-09-23T12:09:28.930Z"}
{"level":"info","message":"⌛ Validating codigoRaton.wlk","timeElapsed":195,"timestamp":"2026-09-23T12:09:29.127Z"}
{"level":"info","message":"⌛ Validating codigoRaton.wlk","timeElapsed":171,"timestamp":"2026-09-23T12:09:29.400Z"}
{"level":"info","message":"⌛ Validating codigoRaton.wlk","timeElapsed":158,"timestamp":"2026-09-23T12:09:29.562Z"}
{"level":"info","message":"⌛ Building environment","timeElapsed":166,"timestamp":"2026-09-23T12:09:31.231Z"}
{"level":"info","message":"⌛ Validating codigoRaton.wlk","timeElapsed":447,"timestamp":"2026-09-23T12:09:31.702Z"}
{"level":"info","message":"⌛ Building environment","timeElapsed":152,"timestamp":"2026-09-23T12:09:32.024Z"}
{"level":"info","message":"⌛ Validating codigoRaton.wlk","timeElapsed":274,"timestamp":"2026-09-23T12:09:32.301Z"}
{"level":"info","message":"⌛ Building environment","timeElapsed":236,"timestamp":"2026-09-23T12:09:32.637Z"}
{"level":"info","message":"⌛ Building environment","timeElapsed":235,"timestamp":"2026-09-23T12:09:32.873Z"}
{"level":"info","message":"⌛ Building environment","timeElapsed":214,"timestamp":"2026-09-23T12:09:33.147Z"}
{"level":"info","message":"⌛ Building environment","timeElapsed":132,"timestamp":"2026-09-23T12:09:33.284Z"}
{"level":"info","message":"⌛ Validating codigoRaton.wlk","timeElapsed":227,"timestamp":"2026-09-23T12:09:33.541Z"}
{"level":"info","message":"⌛ Building environment","timeElapsed":197,"timestamp":"2026-09-23T12:09:33.743Z"}
{"level":"info","message":"⌛ Building environment","timeElapsed":165,"timestamp":"2026-09-23T12:09:33.915Z"}
{"level":"info","message":"⌛ Validating codigoRaton.wlk","timeElapsed":232,"timestamp":"2026-09-23T12:09:34.242Z"}
{"level":"info","message":"⌛ Building environment","timeElapsed":193,"timestamp":"2026-09-23T12:09:34.438Z"}
{"level":"info","message":"⌛ Validating codigoRaton.wlk","timeElapsed":262,"timestamp":"2026-09-23T12:09:34.746Z"}
{"level":"info","message":"⌛ Validating codigoRaton.wlk","timeElapsed":217,"timestamp":"2026-09-23T12:09:34.964Z"}
{"level":"info","message":"⌛ Building environment","timeElapsed":135,"timestamp":"2026-09-23T12:09:35.111Z"}
{"level":"info","message":"⌛ Building environment","timeElapsed":148,"timestamp":"2026-09-23T12:09:35.310Z"}
{"level":"info","message":"⌛ Validating codigoRaton.wlk","timeElapsed":171,"timestamp":"2026-09-23T12:09:35.520Z"}
{"level":"info","message":"⌛ Building environment","timeElapsed":218,"timestamp":"2026-09-23T12:09:35.774Z"}
{"level":"info","message":"⌛ Validating codigoRaton.wlk","timeElapsed":194,"timestamp":"2026-09-23T12:09:36.024Z"}
{"level":"info","message":"⌛ Building environment","timeElapsed":439,"timestamp":"2026-09-23T12:09:36.469Z"}
{"level":"info","message":"⌛ Building environment","timeElapsed":138,"timestamp":"2026-09-23T12:09:36.658Z"}
{"level":"info","message":"⌛ Validating codigoRaton.wlk","timeElapsed":171,"timestamp":"2026-09-23T12:09:36.831Z"}
{"level":"info","message":"⌛ Building environment","timeElapsed":131,"timestamp":"2026-09-23T12:09:36.962Z"}
{"level":"info","message":"⌛ Building environment","timeElapsed":154,"timestamp":"2026-09-23T12:09:37.133Z"}
{"level":"info","message":"⌛ Building environment","timeElapsed":255,"timestamp":"2026-09-23T12:09:37.405Z"}
{"level":"info","message":"⌛ Validating codigoRaton.wlk","timeElapsed":185,"timestamp":"2026-09-23T12:09:37.592Z"}
{"level":"info","message":"⌛ Validating codigoRaton.wlk","timeElapsed":168,"timestamp":"2026-09-23T12:09:37.787Z"}
{"level":"info","message":"⌛ Validating codigoRaton.wlk","timeElapsed":160,"timestamp":"2026-09-23T12:09:37.970Z"}
{"level":"info","message":"⌛ Validating codigoRaton.wlk","timeElapsed":176,"timestamp":"2026-09-23T12:09:38.156Z"}
{"level":"info","message":"⌛ Validating codigoRaton.wlk","timeElapsed":168,"timestamp":"2026-09-23T12:09:38.325Z"}
{"level":"info","message":"⌛ Validating codigoRaton.wlk","timeElapsed":164,"timestamp":"2026-09-23T12:09:38.490Z"}
{"level":"info","message":"⌛ Validating codigoRaton.wlk","timeElapsed":178,"timestamp":"2026-09-23T12:09:38.683Z"}
{"level":"info","message":"⌛ Validating codigoRaton.wlk","timeElapsed":170,"timestamp":"2026-09-23T12:09:38.854Z"}
{"level":"info","message":"⌛ Building environment","timeElapsed":182,"timestamp":"2026-09-23T12:11:36.302Z"}
{"level":"info","message":"⌛ Validating codigoRaton.wlk","timeElapsed":252,"timestamp":"2026-09-23T12:11:36.558Z"}
{"level":"info","message":"⌛ Building environment","timeElapsed":173,"timestamp":"2026-09-23T12:11:36.780Z"}
{"level":"info","message":"⌛ Validating codigoRaton.wlk","timeElapsed":179,"timestamp":"2026-09-23T12:11:37.020Z"}
{"level":"info","message":"⌛ Building environment","timeElapsed":143,"timestamp":"2026-09-23T12:11:37.370Z"}
{"level":"info","message":"⌛ Validating codigoRaton.wlk","timeElapsed":204,"timestamp":"2026-09-23T12:11:37.617Z"}
{"level":"info","message":"⌛ Building environment","timeElapsed":406,"timestamp":"2026-09-23T12:11:38.389Z"}
{"level":"info","message":"⌛ Validating codigoRaton.wlk","timeElapsed":197,"timestamp":"2026-09-23T12:11:38.624Z"}
{"level":"info","message":"⌛ Building environment","timeElapsed":201,"timestamp":"2026-09-23T12:12:05.785Z"}
{"level":"info","message":"⌛ Validating codigoRaton.wlk","timeElapsed":233,"timestamp":"2026-09-23T12:12:06.075Z"}
{"level":"info","message":"⌛ Building environment","timeElapsed":234,"timestamp":"2026-09-23T12:12:06.853Z"}
{"level":"info","message":"⌛ Building environment","timeElapsed":240,"timestamp":"2026-09-23T12:12:07.138Z"}
{"level":"info","message":"⌛ Validating codigoRaton.wlk","timeElapsed":263,"timestamp":"2026-09-23T12:12:07.503Z"}
{"level":"info","message":"⌛ Building environment","timeElapsed":163,"timestamp":"2026-09-23T12:12:07.671Z"}
{"level":"info","message":"⌛ Building environment","timeElapsed":147,"timestamp":"2026-09-23T12:12:07.829Z"}
{"level":"info","message":"⌛ Validating codigoRaton.wlk","timeElapsed":196,"timestamp":"2026-09-23T12:12:08.026Z"}
{"level":"info","message":"⌛ Building environment","timeElapsed":227,"timestamp":"2026-09-23T12:12:08.256Z"}
{"level":"info","message":"⌛ Building environment","timeElapsed":191,"timestamp":"2026-09-23T12:12:08.449Z"}
{"level":"info","message":"⌛ Validating codigoRaton.wlk","timeElapsed":253,"timestamp":"2026-09-23T12:12:08.917Z"}
{"level":"info","message":"⌛ Validating codigoRaton.wlk","timeElapsed":184,"timestamp":"2026-09-23T12:12:09.103Z"}
{"level":"info","message":"⌛ Building environment","timeElapsed":162,"timestamp":"2026-09-23T12:12:09.274Z"}
{"level":"error","message":"✘ Completions for node Variable ([20:9, 20:16] - codigoRaton.wlk) failed: Error: p [Variable]{66f1ea} at codigoRaton.wlk:20 exhausted all cases without a match p [Variable]{66f1ea} at codigoRaton.wlk:20 exhausted all cases without a match","stack":"Error: p [Variable]{66f1ea} at codigoRaton.wlk:20 exhausted all cases without a match\n    at c:\\Users\\sotoj\\.vscode\\extensions\\uqbar.wollok-lsp-ide-0.5.5\\out\\server\\src\\server.js:38:6142\n    at L2 (c:\\Users\\sotoj\\.vscode\\extensions\\uqbar.wollok-lsp-ide-0.5.5\\out\\server\\src\\server.js:2421:42)\n    at c:\\Users\\sotoj\\.vscode\\extensions\\uqbar.wollok-lsp-ide-0.5.5\\out\\server\\src\\server.js:2421:2988\n    at c:\\Users\\sotoj\\.vscode\\extensions\\uqbar.wollok-lsp-ide-0.5.5\\out\\server\\src\\server.js:2430:8440\n    at c:\\Users\\sotoj\\.vscode\\extensions\\uqbar.wollok-lsp-ide-0.5.5\\out\\server\\src\\server.js:37:74872\n    at Ke (c:\\Users\\sotoj\\.vscode\\extensions\\uqbar.wollok-lsp-ide-0.5.5\\out\\server\\src\\server.js:7:8527)\n    at It (c:\\Users\\sotoj\\.vscode\\extensions\\uqbar.wollok-lsp-ide-0.5.5\\out\\server\\src\\server.js:7:6189)\n    at et (c:\\Users\\sotoj\\.vscode\\extensions\\uqbar.wollok-lsp-ide-0.5.5\\out\\server\\src\\server.js:7:6378)\n    at Immediate._onImmediate (c:\\Users\\sotoj\\.vscode\\extensions\\uqbar.wollok-lsp-ide-0.5.5\\out\\server\\src\\server.js:7:6142)\n    at process.processImmediate (node:internal/timers:504:21)","timestamp":"2026-09-23T12:12:09.325Z"}
{"level":"info","message":"⌛ Building environment","timeElapsed":332,"timestamp":"2026-09-23T12:12:09.663Z"}
{"level":"info","message":"⌛ Building environment","timeElapsed":181,"timestamp":"2026-09-23T12:12:09.846Z"}
{"level":"info","message":"⌛ Validating codigoRaton.wlk","timeElapsed":175,"timestamp":"2026-09-23T12:12:10.023Z"}
{"level":"info","message":"⌛ Building environment","timeElapsed":198,"timestamp":"2026-09-23T12:12:10.283Z"}
{"level":"info","message":"⌛ Building environment","timeElapsed":136,"timestamp":"2026-09-23T12:12:10.422Z"}
{"level":"info","message":"⌛ Validating codigoRaton.wlk","timeElapsed":262,"timestamp":"2026-09-23T12:12:10.685Z"}
{"level":"info","message":"⌛ Building environment","timeElapsed":180,"timestamp":"2026-09-23T12:12:10.866Z"}
{"level":"info","message":"⌛ Building environment","timeElapsed":164,"timestamp":"2026-09-23T12:12:11.037Z"}
{"level":"info","message":"⌛ Validating codigoRaton.wlk","timeElapsed":184,"timestamp":"2026-09-23T12:12:11.255Z"}
{"level":"info","message":"⌛ Validating codigoRaton.wlk","timeElapsed":255,"timestamp":"2026-09-23T12:12:11.604Z"}
{"level":"info","message":"⌛ Validating codigoRaton.wlk","timeElapsed":242,"timestamp":"2026-09-23T12:12:11.850Z"}
{"level":"info","message":"⌛ Validating codigoRaton.wlk","timeElapsed":173,"timestamp":"2026-09-23T12:12:12.025Z"}
{"level":"info","message":"⌛ Validating codigoRaton.wlk","timeElapsed":206,"timestamp":"2026-09-23T12:12:12.239Z"}
{"level":"info","message":"⌛ Building environment","timeElapsed":199,"timestamp":"2026-09-23T12:12:12.446Z"}
{"level":"info","message":"⌛ Building environment","timeElapsed":118,"timestamp":"2026-09-23T12:12:12.566Z"}
{"level":"info","message":"⌛ Building environment","timeElapsed":123,"timestamp":"2026-09-23T12:12:12.722Z"}
{"level":"info","message":"⌛ Validating codigoRaton.wlk","timeElapsed":174,"timestamp":"2026-09-23T12:12:12.899Z"}
{"level":"info","message":"⌛ Building environment","timeElapsed":164,"timestamp":"2026-09-23T12:12:13.171Z"}
{"level":"info","message":"⌛ Validating codigoRaton.wlk","timeElapsed":180,"timestamp":"2026-09-23T12:12:13.355Z"}
{"level":"info","message":"⌛ Building environment","timeElapsed":127,"timestamp":"2026-09-23T12:12:13.506Z"}
{"level":"info","message":"⌛ Building environment","timeElapsed":134,"timestamp":"2026-09-23T12:12:13.655Z"}
{"level":"info","message":"⌛ Building environment","timeElapsed":135,"timestamp":"2026-09-23T12:12:13.792Z"}
{"level":"info","message":"⌛ Validating codigoRaton.wlk","timeElapsed":170,"timestamp":"2026-09-23T12:12:13.972Z"}
{"level":"info","message":"⌛ Validating codigoRaton.wlk","timeElapsed":221,"timestamp":"2026-09-23T12:12:14.239Z"}
{"level":"info","message":"⌛ Validating codigoRaton.wlk","timeElapsed":155,"timestamp":"2026-09-23T12:12:14.403Z"}
{"level":"info","message":"⌛ Validating codigoRaton.wlk","timeElapsed":158,"timestamp":"2026-09-23T12:12:14.565Z"}
{"level":"info","message":"⌛ Validating codigoRaton.wlk","timeElapsed":166,"timestamp":"2026-09-23T12:12:14.736Z"}
{"level":"info","message":"⌛ Validating codigoRaton.wlk","timeElapsed":176,"timestamp":"2026-09-23T12:12:14.914Z"}
{"level":"info","message":"⌛ Validating codigoRaton.wlk","timeElapsed":172,"timestamp":"2026-09-23T12:12:15.090Z"}
{"level":"info","message":"⌛ Building environment","timeElapsed":211,"timestamp":"2026-09-23T12:12:26.445Z"}
{"level":"error","message":"✘ Completions for node Variable ([20:9, 20:22] - codigoRaton.wlk) failed: Error: pos [Variable]{d0a3ee} at codigoRaton.wlk:20 exhausted all cases without a match pos [Variable]{d0a3ee} at codigoRaton.wlk:20 exhausted all cases without a match","stack":"Error: pos [Variable]{d0a3ee} at codigoRaton.wlk:20 exhausted all cases without a match\n    at c:\\Users\\sotoj\\.vscode\\extensions\\uqbar.wollok-lsp-ide-0.5.5\\out\\server\\src\\server.js:38:6142\n    at L2 (c:\\Users\\sotoj\\.vscode\\extensions\\uqbar.wollok-lsp-ide-0.5.5\\out\\server\\src\\server.js:2421:42)\n    at Jh (c:\\Users\\sotoj\\.vscode\\extensions\\uqbar.wollok-lsp-ide-0.5.5\\out\\server\\src\\server.js:2421:1092)\n    at w5n (c:\\Users\\sotoj\\.vscode\\extensions\\uqbar.wollok-lsp-ide-0.5.5\\out\\server\\src\\server.js:2421:1248)\n    at c:\\Users\\sotoj\\.vscode\\extensions\\uqbar.wollok-lsp-ide-0.5.5\\out\\server\\src\\server.js:38:6131\n    at L2 (c:\\Users\\sotoj\\.vscode\\extensions\\uqbar.wollok-lsp-ide-0.5.5\\out\\server\\src\\server.js:2421:42)\n    at c:\\Users\\sotoj\\.vscode\\extensions\\uqbar.wollok-lsp-ide-0.5.5\\out\\server\\src\\server.js:2421:2988\n    at c:\\Users\\sotoj\\.vscode\\extensions\\uqbar.wollok-lsp-ide-0.5.5\\out\\server\\src\\server.js:2430:8440\n    at c:\\Users\\sotoj\\.vscode\\extensions\\uqbar.wollok-lsp-ide-0.5.5\\out\\server\\src\\server.js:37:74872\n    at Ke (c:\\Users\\sotoj\\.vscode\\extensions\\uqbar.wollok-lsp-ide-0.5.5\\out\\server\\src\\server.js:7:8527)","timestamp":"2026-09-23T12:12:26.491Z"}
{"level":"info","message":"⌛ Validating codigoRaton.wlk","timeElapsed":313,"timestamp":"2026-09-23T12:12:26.810Z"}
{"level":"info","message":"⌛ Building environment","timeElapsed":181,"timestamp":"2026-09-23T12:12:27.001Z"}
{"level":"info","message":"⌛ Building environment","timeElapsed":137,"timestamp":"2026-09-23T12:12:27.247Z"}
{"level":"info","message":"⌛ Validating codigoRaton.wlk","timeElapsed":218,"timestamp":"2026-09-23T12:12:27.468Z"}
{"level":"info","message":"⌛ Validating codigoRaton.wlk","timeElapsed":180,"timestamp":"2026-09-23T12:12:27.668Z"}
{"level":"info","message":"⌛ Building environment","timeElapsed":155,"timestamp":"2026-09-23T12:12:27.827Z"}
{"level":"info","message":"⌛ Validating codigoRaton.wlk","timeElapsed":527,"timestamp":"2026-09-23T12:12:28.364Z"}
{"level":"info","message":"⌛ Building environment","timeElapsed":185,"timestamp":"2026-09-23T12:12:28.630Z"}
{"level":"info","message":"⌛ Building environment","timeElapsed":147,"timestamp":"2026-09-23T12:12:28.903Z"}
{"level":"info","message":"⌛ Building environment","timeElapsed":155,"timestamp":"2026-09-23T12:12:29.059Z"}
{"level":"info","message":"⌛ Validating codigoRaton.wlk","timeElapsed":239,"timestamp":"2026-09-23T12:12:29.302Z"}
{"level":"info","message":"⌛ Building environment","timeElapsed":267,"timestamp":"2026-09-23T12:12:29.576Z"}
{"level":"info","message":"⌛ Validating codigoRaton.wlk","timeElapsed":258,"timestamp":"2026-09-23T12:12:29.837Z"}
{"level":"info","message":"⌛ Validating codigoRaton.wlk","timeElapsed":232,"timestamp":"2026-09-23T12:12:30.085Z"}
{"level":"info","message":"⌛ Building environment","timeElapsed":214,"timestamp":"2026-09-23T12:12:30.307Z"}
{"level":"info","message":"⌛ Building environment","timeElapsed":135,"timestamp":"2026-09-23T12:12:30.447Z"}
{"level":"info","message":"⌛ Building environment","timeElapsed":137,"timestamp":"2026-09-23T12:12:30.588Z"}
{"level":"info","message":"⌛ Validating codigoRaton.wlk","timeElapsed":162,"timestamp":"2026-09-23T12:12:30.757Z"}
{"level":"info","message":"⌛ Building environment","timeElapsed":158,"timestamp":"2026-09-23T12:12:31.025Z"}
{"level":"info","message":"⌛ Building environment","timeElapsed":131,"timestamp":"2026-09-23T12:12:31.166Z"}
{"level":"info","message":"⌛ Validating codigoRaton.wlk","timeElapsed":196,"timestamp":"2026-09-23T12:12:31.385Z"}
{"level":"info","message":"⌛ Validating codigoRaton.wlk","timeElapsed":169,"timestamp":"2026-09-23T12:12:31.559Z"}
{"level":"info","message":"⌛ Validating codigoRaton.wlk","timeElapsed":169,"timestamp":"2026-09-23T12:12:31.738Z"}
{"level":"info","message":"⌛ Validating codigoRaton.wlk","timeElapsed":171,"timestamp":"2026-09-23T12:12:31.920Z"}
{"level":"info","message":"⌛ Validating codigoRaton.wlk","timeElapsed":184,"timestamp":"2026-09-23T12:12:32.142Z"}
{"level":"info","message":"⌛ Building environment","timeElapsed":197,"timestamp":"2026-09-23T12:12:32.958Z"}
{"level":"info","message":"⌛ Validating codigoRaton.wlk","timeElapsed":224,"timestamp":"2026-09-23T12:12:33.224Z"}
{"level":"info","message":"⌛ Building environment","timeElapsed":486,"timestamp":"2026-09-23T12:12:33.720Z"}
{"level":"info","message":"⌛ Building environment","timeElapsed":176,"timestamp":"2026-09-23T12:12:33.947Z"}
{"level":"info","message":"⌛ Validating codigoRaton.wlk","timeElapsed":201,"timestamp":"2026-09-23T12:12:34.149Z"}
{"level":"info","message":"⌛ Building environment","timeElapsed":139,"timestamp":"2026-09-23T12:12:34.428Z"}
{"level":"info","message":"⌛ Validating codigoRaton.wlk","timeElapsed":183,"timestamp":"2026-09-23T12:12:34.665Z"}
{"level":"info","message":"⌛ Building environment","timeElapsed":153,"timestamp":"2026-09-23T12:12:34.818Z"}
{"level":"info","message":"⌛ Building environment","timeElapsed":131,"timestamp":"2026-09-23T12:12:34.951Z"}
{"level":"info","message":"⌛ Validating codigoRaton.wlk","timeElapsed":175,"timestamp":"2026-09-23T12:12:35.129Z"}
{"level":"info","message":"⌛ Validating codigoRaton.wlk","timeElapsed":172,"timestamp":"2026-09-23T12:12:35.402Z"}
{"level":"info","message":"⌛ Validating codigoRaton.wlk","timeElapsed":161,"timestamp":"2026-09-23T12:12:35.575Z"}
{"level":"info","message":"⌛ Building environment","timeElapsed":191,"timestamp":"2026-09-23T12:12:42.568Z"}
{"level":"info","message":"⌛ Building environment","timeElapsed":149,"timestamp":"2026-09-23T12:12:42.743Z"}
{"level":"info","message":"⌛ Validating codigoRaton.wlk","timeElapsed":185,"timestamp":"2026-09-23T12:12:42.929Z"}
{"level":"info","message":"⌛ Validating codigoRaton.wlk","timeElapsed":160,"timestamp":"2026-09-23T12:12:43.116Z"}
{"level":"info","message":"⌛ Building environment","timeElapsed":217,"timestamp":"2026-09-23T12:13:14.957Z"}
{"level":"info","message":"⌛ Validating codigoRaton.wlk","timeElapsed":233,"timestamp":"2026-09-23T12:13:15.194Z"}
{"level":"info","message":"⌛ Building environment","timeElapsed":147,"timestamp":"2026-09-23T12:13:15.361Z"}
{"level":"info","message":"⌛ Validating codigoRaton.wlk","timeElapsed":172,"timestamp":"2026-09-23T12:13:15.558Z"}
{"level":"info","message":"⌛ Building environment","timeElapsed":267,"timestamp":"2026-09-23T12:13:15.855Z"}
{"level":"info","message":"⌛ Autocomplete - Singleton","timeElapsed":262,"timestamp":"2026-09-23T12:13:16.117Z"}
{"level":"info","message":"⌛ Building environment","timeElapsed":209,"timestamp":"2026-09-23T12:13:16.349Z"}
{"level":"info","message":"⌛ Building environment","timeElapsed":183,"timestamp":"2026-09-23T12:13:16.537Z"}
{"level":"info","message":"⌛ Validating codigoRaton.wlk","timeElapsed":275,"timestamp":"2026-09-23T12:13:16.850Z"}
{"level":"info","message":"⌛ Building environment","timeElapsed":225,"timestamp":"2026-09-23T12:13:17.090Z"}
{"level":"info","message":"⌛ Validating codigoRaton.wlk","timeElapsed":178,"timestamp":"2026-09-23T12:13:17.271Z"}
{"level":"info","message":"⌛ Building environment","timeElapsed":132,"timestamp":"2026-09-23T12:13:17.404Z"}
{"level":"info","message":"⌛ Validating codigoRaton.wlk","timeElapsed":207,"timestamp":"2026-09-23T12:13:17.613Z"}
{"level":"error","message":"✘ Failed to rebuild document Failed to parse codigoRaton.wlk: \n-- PARSING FAILED --------------------------------------------------\n\n  24 | \n  25 |     method\n> 26 | }\n     | ^\n  27 | \n  28 | object raton {\n\nExpected one of the following: \n\n'!=', '!==', '%', '&&', '*', '**', '+', '-', '->', '..', '..<', '/', '<', '<<', '<<<', '<=', '<=>', '<>', '==', '===', '>', '>..', '>=', '>>', '>>>', '?:', 'and', 'invert', 'negate', 'or', 'plus', '||', identifier, whitespace\n","stack":"Error: Failed to parse codigoRaton.wlk: \n-- PARSING FAILED --------------------------------------------------\n\n  24 | \n  25 |     method\n> 26 | }\n     | ^\n  27 | \n  28 | object raton {\n\nExpected one of the following: \n\n'!=', '!==', '%', '&&', '*', '**', '+', '-', '->', '..', '..<', '/', '<', '<<', '<<<', '<=', '<=>', '<>', '==', '===', '>', '>..', '>=', '>>', '>>>', '?:', 'and', 'invert', 'negate', 'or', 'plus', '||', identifier, whitespace\n\n    at c:\\Users\\sotoj\\.vscode\\extensions\\uqbar.wollok-lsp-ide-0.5.5\\out\\server\\src\\server.js:2385:13026\n    at Array.map (<anonymous>)\n    at z1n (c:\\Users\\sotoj\\.vscode\\extensions\\uqbar.wollok-lsp-ide-0.5.5\\out\\server\\src\\server.js:2385:12950)\n    at H2.buildEnvironmentFrom (c:\\Users\\sotoj\\.vscode\\extensions\\uqbar.wollok-lsp-ide-0.5.5\\out\\server\\src\\server.js:2430:5254)\n    at H2.updateEnvironmentWith (c:\\Users\\sotoj\\.vscode\\extensions\\uqbar.wollok-lsp-ide-0.5.5\\out\\server\\src\\server.js:2430:4989)\n    at QF (c:\\Users\\sotoj\\.vscode\\extensions\\uqbar.wollok-lsp-ide-0.5.5\\out\\server\\src\\server.js:2430:7383)\n    at V3.invoke (c:\\Users\\sotoj\\.vscode\\extensions\\uqbar.wollok-lsp-ide-0.5.5\\out\\server\\src\\server.js:3:157330)\n    at o.fire (c:\\Users\\sotoj\\.vscode\\extensions\\uqbar.wollok-lsp-ide-0.5.5\\out\\server\\src\\server.js:3:158100)\n    at c:\\Users\\sotoj\\.vscode\\extensions\\uqbar.wollok-lsp-ide-0.5.5\\out\\server\\src\\server.js:37:57871\n    at nd (c:\\Users\\sotoj\\.vscode\\extensions\\uqbar.wollok-lsp-ide-0.5.5\\out\\server\\src\\server.js:8:1561)","timestamp":"2026-09-23T12:13:17.653Z"}
{"level":"error","message":"✘ Failed to rebuild document Failed to parse codigoRaton.wlk: \n-- PARSING FAILED --------------------------------------------------\n\n  24 | \n  25 |     method \n> 26 | }\n     | ^\n  27 | \n  28 | object raton {\n\nExpected one of the following: \n\n'!=', '!==', '%', '&&', '*', '**', '+', '-', '->', '..', '..<', '/', '<', '<<', '<<<', '<=', '<=>', '<>', '==', '===', '>', '>..', '>=', '>>', '>>>', '?:', 'and', 'invert', 'negate', 'or', 'plus', '||', identifier, whitespace\n","stack":"Error: Failed to parse codigoRaton.wlk: \n-- PARSING FAILED --------------------------------------------------\n\n  24 | \n  25 |     method \n> 26 | }\n     | ^\n  27 | \n  28 | object raton {\n\nExpected one of the following: \n\n'!=', '!==', '%', '&&', '*', '**', '+', '-', '->', '..', '..<', '/', '<', '<<', '<<<', '<=', '<=>', '<>', '==', '===', '>', '>..', '>=', '>>', '>>>', '?:', 'and', 'invert', 'negate', 'or', 'plus', '||', identifier, whitespace\n\n    at c:\\Users\\sotoj\\.vscode\\extensions\\uqbar.wollok-lsp-ide-0.5.5\\out\\server\\src\\server.js:2385:13026\n    at Array.map (<anonymous>)\n    at z1n (c:\\Users\\sotoj\\.vscode\\extensions\\uqbar.wollok-lsp-ide-0.5.5\\out\\server\\src\\server.js:2385:12950)\n    at H2.buildEnvironmentFrom (c:\\Users\\sotoj\\.vscode\\extensions\\uqbar.wollok-lsp-ide-0.5.5\\out\\server\\src\\server.js:2430:5254)\n    at H2.updateEnvironmentWith (c:\\Users\\sotoj\\.vscode\\extensions\\uqbar.wollok-lsp-ide-0.5.5\\out\\server\\src\\server.js:2430:4989)\n    at QF (c:\\Users\\sotoj\\.vscode\\extensions\\uqbar.wollok-lsp-ide-0.5.5\\out\\server\\src\\server.js:2430:7383)\n    at V3.invoke (c:\\Users\\sotoj\\.vscode\\extensions\\uqbar.wollok-lsp-ide-0.5.5\\out\\server\\src\\server.js:3:157330)\n    at o.fire (c:\\Users\\sotoj\\.vscode\\extensions\\uqbar.wollok-lsp-ide-0.5.5\\out\\server\\src\\server.js:3:158100)\n    at c:\\Users\\sotoj\\.vscode\\extensions\\uqbar.wollok-lsp-ide-0.5.5\\out\\server\\src\\server.js:37:57871\n    at nd (c:\\Users\\sotoj\\.vscode\\extensions\\uqbar.wollok-lsp-ide-0.5.5\\out\\server\\src\\server.js:8:1561)","timestamp":"2026-09-23T12:13:17.683Z"}
{"level":"info","message":"⌛ Validating codigoRaton.wlk","timeElapsed":344,"timestamp":"2026-09-23T12:13:18.063Z"}
{"level":"info","message":"⌛ Validating codigoRaton.wlk","timeElapsed":312,"timestamp":"2026-09-23T12:13:18.424Z"}
{"level":"info","message":"⌛ Building environment","timeElapsed":153,"timestamp":"2026-09-23T12:13:18.584Z"}
{"level":"info","message":"⌛ Building environment","timeElapsed":194,"timestamp":"2026-09-23T12:13:18.782Z"}
{"level":"info","message":"⌛ Building environment","timeElapsed":145,"timestamp":"2026-09-23T12:13:18.990Z"}
{"level":"info","message":"⌛ Building environment","timeElapsed":112,"timestamp":"2026-09-23T12:13:19.106Z"}
{"level":"info","message":"⌛ Building environment","timeElapsed":170,"timestamp":"2026-09-23T12:13:19.278Z"}
{"level":"info","message":"⌛ Building environment","timeElapsed":559,"timestamp":"2026-09-23T12:13:19.972Z"}
{"level":"info","message":"⌛ Building environment","timeElapsed":143,"timestamp":"2026-09-23T12:13:20.117Z"}
{"level":"info","message":"⌛ Validating codigoRaton.wlk","timeElapsed":248,"timestamp":"2026-09-23T12:13:20.366Z"}
{"level":"info","message":"⌛ Building environment","timeElapsed":163,"timestamp":"2026-09-23T12:13:20.530Z"}
{"level":"info","message":"⌛ Validating codigoRaton.wlk","timeElapsed":225,"timestamp":"2026-09-23T12:13:20.757Z"}
{"level":"info","message":"⌛ Validating codigoRaton.wlk","timeElapsed":194,"timestamp":"2026-09-23T12:13:20.965Z"}
{"level":"info","message":"⌛ Validating codigoRaton.wlk","timeElapsed":228,"timestamp":"2026-09-23T12:13:21.227Z"}
{"level":"info","message":"⌛ Building environment","timeElapsed":220,"timestamp":"2026-09-23T12:13:21.450Z"}
{"level":"info","message":"⌛ Validating codigoRaton.wlk","timeElapsed":218,"timestamp":"2026-09-23T12:13:21.716Z"}
{"level":"info","message":"⌛ Building environment","timeElapsed":129,"timestamp":"2026-09-23T12:13:21.855Z"}
{"level":"info","message":"⌛ Building environment","timeElapsed":136,"timestamp":"2026-09-23T12:13:22.015Z"}
{"level":"info","message":"⌛ Validating codigoRaton.wlk","timeElapsed":170,"timestamp":"2026-09-23T12:13:22.192Z"}
{"level":"info","message":"⌛ Validating codigoRaton.wlk","timeElapsed":199,"timestamp":"2026-09-23T12:13:22.444Z"}
{"level":"info","message":"⌛ Building environment","timeElapsed":196,"timestamp":"2026-09-23T12:13:22.645Z"}
{"level":"info","message":"⌛ Building environment","timeElapsed":167,"timestamp":"2026-09-23T12:13:22.813Z"}
{"level":"info","message":"⌛ Validating codigoRaton.wlk","timeElapsed":164,"timestamp":"2026-09-23T12:13:23.003Z"}
{"level":"info","message":"⌛ Building environment","timeElapsed":143,"timestamp":"2026-09-23T12:13:23.149Z"}
{"level":"info","message":"⌛ Building environment","timeElapsed":130,"timestamp":"2026-09-23T12:13:23.296Z"}
{"level":"info","message":"⌛ Validating codigoRaton.wlk","timeElapsed":179,"timestamp":"2026-09-23T12:13:23.476Z"}
{"level":"info","message":"⌛ Building environment","timeElapsed":306,"timestamp":"2026-09-23T12:13:23.783Z"}
{"level":"info","message":"⌛ Validating codigoRaton.wlk","timeElapsed":207,"timestamp":"2026-09-23T12:13:23.994Z"}
{"level":"info","message":"⌛ Validating codigoRaton.wlk","timeElapsed":276,"timestamp":"2026-09-23T12:13:24.293Z"}
{"level":"info","message":"⌛ Validating codigoRaton.wlk","timeElapsed":374,"timestamp":"2026-09-23T12:13:24.668Z"}
{"level":"info","message":"⌛ Building environment","timeElapsed":146,"timestamp":"2026-09-23T12:13:24.815Z"}
{"level":"info","message":"⌛ Validating codigoRaton.wlk","timeElapsed":170,"timestamp":"2026-09-23T12:13:24.987Z"}
{"level":"info","message":"⌛ Validating codigoRaton.wlk","timeElapsed":168,"timestamp":"2026-09-23T12:13:25.172Z"}
{"level":"info","message":"⌛ Validating codigoRaton.wlk","timeElapsed":201,"timestamp":"2026-09-23T12:13:25.374Z"}
{"level":"info","message":"⌛ Validating codigoRaton.wlk","timeElapsed":212,"timestamp":"2026-09-23T12:13:25.641Z"}
{"level":"info","message":"⌛ Validating codigoRaton.wlk","timeElapsed":196,"timestamp":"2026-09-23T12:13:25.839Z"}
{"level":"info","message":"⌛ Building environment","timeElapsed":172,"timestamp":"2026-09-23T12:13:26.019Z"}
{"level":"info","message":"⌛ Validating codigoRaton.wlk","timeElapsed":239,"timestamp":"2026-09-23T12:13:26.260Z"}
{"level":"info","message":"⌛ Building environment","timeElapsed":154,"timestamp":"2026-09-23T12:13:26.427Z"}
{"level":"info","message":"⌛ Validating codigoRaton.wlk","timeElapsed":185,"timestamp":"2026-09-23T12:13:26.620Z"}
{"level":"info","message":"⌛ Building environment","timeElapsed":620,"timestamp":"2026-09-23T12:13:27.438Z"}
{"level":"error","message":"✘ Completions for node Return (undefined - codigoRaton.wlk) failed: Error: [Return]{d0ad03} at codigoRaton.wlk:-- exhausted all cases without a match [Return]{d0ad03} at codigoRaton.wlk:-- exhausted all cases without a match","stack":"Error: [Return]{d0ad03} at codigoRaton.wlk:-- exhausted all cases without a match\n    at c:\\Users\\sotoj\\.vscode\\extensions\\uqbar.wollok-lsp-ide-0.5.5\\out\\server\\src\\server.js:38:6142\n    at L2 (c:\\Users\\sotoj\\.vscode\\extensions\\uqbar.wollok-lsp-ide-0.5.5\\out\\server\\src\\server.js:2421:42)\n    at Jh (c:\\Users\\sotoj\\.vscode\\extensions\\uqbar.wollok-lsp-ide-0.5.5\\out\\server\\src\\server.js:2421:1092)\n    at w5n (c:\\Users\\sotoj\\.vscode\\extensions\\uqbar.wollok-lsp-ide-0.5.5\\out\\server\\src\\server.js:2421:1248)\n    at c:\\Users\\sotoj\\.vscode\\extensions\\uqbar.wollok-lsp-ide-0.5.5\\out\\server\\src\\server.js:38:6131\n    at L2 (c:\\Users\\sotoj\\.vscode\\extensions\\uqbar.wollok-lsp-ide-0.5.5\\out\\server\\src\\server.js:2421:42)\n    at c:\\Users\\sotoj\\.vscode\\extensions\\uqbar.wollok-lsp-ide-0.5.5\\out\\server\\src\\server.js:2421:2988\n    at c:\\Users\\sotoj\\.vscode\\extensions\\uqbar.wollok-lsp-ide-0.5.5\\out\\server\\src\\server.js:2430:8440\n    at c:\\Users\\sotoj\\.vscode\\extensions\\uqbar.wollok-lsp-ide-0.5.5\\out\\server\\src\\server.js:37:74872\n    at Ke (c:\\Users\\sotoj\\.vscode\\extensions\\uqbar.wollok-lsp-ide-0.5.5\\out\\server\\src\\server.js:7:8527)","timestamp":"2026-09-23T12:13:27.539Z"}
{"level":"info","message":"⌛ Building environment","timeElapsed":312,"timestamp":"2026-09-23T12:13:27.859Z"}
{"level":"info","message":"⌛ Building environment","timeElapsed":152,"timestamp":"2026-09-23T12:13:28.015Z"}
{"level":"info","message":"⌛ Building environment","timeElapsed":242,"timestamp":"2026-09-23T12:13:28.259Z"}
{"level":"info","message":"⌛ Validating codigoRaton.wlk","timeElapsed":176,"timestamp":"2026-09-23T12:13:28.473Z"}
{"level":"info","message":"⌛ Building environment","timeElapsed":209,"timestamp":"2026-09-23T12:13:28.747Z"}
{"level":"info","message":"⌛ Building environment","timeElapsed":171,"timestamp":"2026-09-23T12:13:29.000Z"}
{"level":"info","message":"⌛ Building environment","timeElapsed":220,"timestamp":"2026-09-23T12:13:29.222Z"}
{"level":"info","message":"⌛ Validating codigoRaton.wlk","timeElapsed":205,"timestamp":"2026-09-23T12:13:29.431Z"}
{"level":"info","message":"⌛ Validating codigoRaton.wlk","timeElapsed":196,"timestamp":"2026-09-23T12:13:29.630Z"}
{"level":"info","message":"⌛ Validating codigoRaton.wlk","timeElapsed":174,"timestamp":"2026-09-23T12:13:29.827Z"}
{"level":"info","message":"⌛ Validating codigoRaton.wlk","timeElapsed":256,"timestamp":"2026-09-23T12:13:30.132Z"}
{"level":"info","message":"⌛ Validating codigoRaton.wlk","timeElapsed":206,"timestamp":"2026-09-23T12:13:30.345Z"}
{"level":"info","message":"⌛ Building environment","timeElapsed":173,"timestamp":"2026-09-23T12:13:30.526Z"}
{"level":"info","message":"⌛ Validating codigoRaton.wlk","timeElapsed":236,"timestamp":"2026-09-23T12:13:30.766Z"}
{"level":"info","message":"⌛ Building environment","timeElapsed":168,"timestamp":"2026-09-23T12:13:30.967Z"}
{"level":"info","message":"⌛ Validating codigoRaton.wlk","timeElapsed":175,"timestamp":"2026-09-23T12:13:31.145Z"}
{"level":"info","message":"⌛ Validating codigoRaton.wlk","timeElapsed":181,"timestamp":"2026-09-23T12:13:31.452Z"}
{"level":"info","message":"⌛ Building environment","timeElapsed":558,"timestamp":"2026-09-23T12:13:38.467Z"}
{"level":"error","message":"✘ Completions for node Send ([25:31, 27:6] - codigoRaton.wlk) failed: Error: [Send]{7386ee} at codigoRaton.wlk:25 exhausted all cases without a match [Send]{7386ee} at codigoRaton.wlk:25 exhausted all cases without a match","stack":"Error: [Send]{7386ee} at codigoRaton.wlk:25 exhausted all cases without a match\n    at c:\\Users\\sotoj\\.vscode\\extensions\\uqbar.wollok-lsp-ide-0.5.5\\out\\server\\src\\server.js:38:6142\n    at L2 (c:\\Users\\sotoj\\.vscode\\extensions\\uqbar.wollok-lsp-ide-0.5.5\\out\\server\\src\\server.js:2421:42)\n    at Jh (c:\\Users\\sotoj\\.vscode\\extensions\\uqbar.wollok-lsp-ide-0.5.5\\out\\server\\src\\server.js:2421:1092)\n    at w5n (c:\\Users\\sotoj\\.vscode\\extensions\\uqbar.wollok-lsp-ide-0.5.5\\out\\server\\src\\server.js:2421:1248)\n    at c:\\Users\\sotoj\\.vscode\\extensions\\uqbar.wollok-lsp-ide-0.5.5\\out\\server\\src\\server.js:38:6131\n    at L2 (c:\\Users\\sotoj\\.vscode\\extensions\\uqbar.wollok-lsp-ide-0.5.5\\out\\server\\src\\server.js:2421:42)\n    at c:\\Users\\sotoj\\.vscode\\extensions\\uqbar.wollok-lsp-ide-0.5.5\\out\\server\\src\\server.js:2421:2988\n    at c:\\Users\\sotoj\\.vscode\\extensions\\uqbar.wollok-lsp-ide-0.5.5\\out\\server\\src\\server.js:2430:8440\n    at c:\\Users\\sotoj\\.vscode\\extensions\\uqbar.wollok-lsp-ide-0.5.5\\out\\server\\src\\server.js:37:74872\n    at Ke (c:\\Users\\sotoj\\.vscode\\extensions\\uqbar.wollok-lsp-ide-0.5.5\\out\\server\\src\\server.js:7:8527)","timestamp":"2026-09-23T12:13:38.513Z"}
{"level":"error","message":"✘ Completions for node Return (undefined - codigoRaton.wlk) failed: Error: [Return]{9a0644} at codigoRaton.wlk:-- exhausted all cases without a match [Return]{9a0644} at codigoRaton.wlk:-- exhausted all cases without a match","stack":"Error: [Return]{9a0644} at codigoRaton.wlk:-- exhausted all cases without a match\n    at c:\\Users\\sotoj\\.vscode\\extensions\\uqbar.wollok-lsp-ide-0.5.5\\out\\server\\src\\server.js:38:6142\n    at L2 (c:\\Users\\sotoj\\.vscode\\extensions\\uqbar.wollok-lsp-ide-0.5.5\\out\\server\\src\\server.js:2421:42)\n    at Jh (c:\\Users\\sotoj\\.vscode\\extensions\\uqbar.wollok-lsp-ide-0.5.5\\out\\server\\src\\server.js:2421:1092)\n    at L2 (c:\\Users\\sotoj\\.vscode\\extensions\\uqbar.wollok-lsp-ide-0.5.5\\out\\server\\src\\server.js:2421:544)\n    at Jh (c:\\Users\\sotoj\\.vscode\\extensions\\uqbar.wollok-lsp-ide-0.5.5\\out\\server\\src\\server.js:2421:1092)\n    at w5n (c:\\Users\\sotoj\\.vscode\\extensions\\uqbar.wollok-lsp-ide-0.5.5\\out\\server\\src\\server.js:2421:1248)\n    at c:\\Users\\sotoj\\.vscode\\extensions\\uqbar.wollok-lsp-ide-0.5.5\\out\\server\\src\\server.js:38:6131\n    at L2 (c:\\Users\\sotoj\\.vscode\\extensions\\uqbar.wollok-lsp-ide-0.5.5\\out\\server\\src\\server.js:2421:42)\n    at c:\\Users\\sotoj\\.vscode\\extensions\\uqbar.wollok-lsp-ide-0.5.5\\out\\server\\src\\server.js:2421:2988\n    at c:\\Users\\sotoj\\.vscode\\extensions\\uqbar.wollok-lsp-ide-0.5.5\\out\\server\\src\\server.js:2430:8440","timestamp":"2026-09-23T12:13:38.514Z"}
{"level":"info","message":"⌛ Building environment","timeElapsed":205,"timestamp":"2026-09-23T12:13:38.747Z"}
{"level":"info","message":"⌛ Building environment","timeElapsed":168,"timestamp":"2026-09-23T12:13:38.915Z"}
{"level":"info","message":"⌛ Building environment","timeElapsed":188,"timestamp":"2026-09-23T12:13:39.105Z"}
{"level":"info","message":"⌛ Validating codigoRaton.wlk","timeElapsed":234,"timestamp":"2026-09-23T12:13:39.343Z"}
{"level":"info","message":"⌛ Building environment","timeElapsed":211,"timestamp":"2026-09-23T12:13:39.656Z"}
{"level":"info","message":"⌛ Validating codigoRaton.wlk","timeElapsed":241,"timestamp":"2026-09-23T12:13:39.983Z"}
{"level":"info","message":"⌛ Validating codigoRaton.wlk","timeElapsed":183,"timestamp":"2026-09-23T12:13:40.180Z"}
{"level":"info","message":"⌛ Validating codigoRaton.wlk","timeElapsed":210,"timestamp":"2026-09-23T12:13:40.399Z"}
{"level":"info","message":"⌛ Validating codigoRaton.wlk","timeElapsed":221,"timestamp":"2026-09-23T12:13:40.637Z"}
{"level":"info","message":"⌛ Building environment","timeElapsed":394,"timestamp":"2026-09-23T12:13:45.679Z"}
{"level":"error","message":"✘ Completions for node Send ([25:31, 27:6] - codigoRaton.wlk) failed: Error: [Send]{0b5659} at codigoRaton.wlk:25 exhausted all cases without a match [Send]{0b5659} at codigoRaton.wlk:25 exhausted all cases without a match","stack":"Error: [Send]{0b5659} at codigoRaton.wlk:25 exhausted all cases without a match\n    at c:\\Users\\sotoj\\.vscode\\extensions\\uqbar.wollok-lsp-ide-0.5.5\\out\\server\\src\\server.js:38:6142\n    at L2 (c:\\Users\\sotoj\\.vscode\\extensions\\uqbar.wollok-lsp-ide-0.5.5\\out\\server\\src\\server.js:2421:42)\n    at Jh (c:\\Users\\sotoj\\.vscode\\extensions\\uqbar.wollok-lsp-ide-0.5.5\\out\\server\\src\\server.js:2421:1092)\n    at w5n (c:\\Users\\sotoj\\.vscode\\extensions\\uqbar.wollok-lsp-ide-0.5.5\\out\\server\\src\\server.js:2421:1248)\n    at c:\\Users\\sotoj\\.vscode\\extensions\\uqbar.wollok-lsp-ide-0.5.5\\out\\server\\src\\server.js:38:6131\n    at L2 (c:\\Users\\sotoj\\.vscode\\extensions\\uqbar.wollok-lsp-ide-0.5.5\\out\\server\\src\\server.js:2421:42)\n    at c:\\Users\\sotoj\\.vscode\\extensions\\uqbar.wollok-lsp-ide-0.5.5\\out\\server\\src\\server.js:2421:2988\n    at c:\\Users\\sotoj\\.vscode\\extensions\\uqbar.wollok-lsp-ide-0.5.5\\out\\server\\src\\server.js:2430:8440\n    at c:\\Users\\sotoj\\.vscode\\extensions\\uqbar.wollok-lsp-ide-0.5.5\\out\\server\\src\\server.js:37:74872\n    at Ke (c:\\Users\\sotoj\\.vscode\\extensions\\uqbar.wollok-lsp-ide-0.5.5\\out\\server\\src\\server.js:7:8527)","timestamp":"2026-09-23T12:13:45.851Z"}
{"level":"error","message":"✘ Completions for node Return (undefined - codigoRaton.wlk) failed: Error: [Return]{e68553} at codigoRaton.wlk:-- exhausted all cases without a match [Return]{e68553} at codigoRaton.wlk:-- exhausted all cases without a match","stack":"Error: [Return]{e68553} at codigoRaton.wlk:-- exhausted all cases without a match\n    at c:\\Users\\sotoj\\.vscode\\extensions\\uqbar.wollok-lsp-ide-0.5.5\\out\\server\\src\\server.js:38:6142\n    at L2 (c:\\Users\\sotoj\\.vscode\\extensions\\uqbar.wollok-lsp-ide-0.5.5\\out\\server\\src\\server.js:2421:42)\n    at Jh (c:\\Users\\sotoj\\.vscode\\extensions\\uqbar.wollok-lsp-ide-0.5.5\\out\\server\\src\\server.js:2421:1092)\n    at L2 (c:\\Users\\sotoj\\.vscode\\extensions\\uqbar.wollok-lsp-ide-0.5.5\\out\\server\\src\\server.js:2421:544)\n    at Jh (c:\\Users\\sotoj\\.vscode\\extensions\\uqbar.wollok-lsp-ide-0.5.5\\out\\server\\src\\server.js:2421:1092)\n    at w5n (c:\\Users\\sotoj\\.vscode\\extensions\\uqbar.wollok-lsp-ide-0.5.5\\out\\server\\src\\server.js:2421:1248)\n    at c:\\Users\\sotoj\\.vscode\\extensions\\uqbar.wollok-lsp-ide-0.5.5\\out\\server\\src\\server.js:38:6131\n    at L2 (c:\\Users\\sotoj\\.vscode\\extensions\\uqbar.wollok-lsp-ide-0.5.5\\out\\server\\src\\server.js:2421:42)\n    at c:\\Users\\sotoj\\.vscode\\extensions\\uqbar.wollok-lsp-ide-0.5.5\\out\\server\\src\\server.js:2421:2988\n    at c:\\Users\\sotoj\\.vscode\\extensions\\uqbar.wollok-lsp-ide-0.5.5\\out\\server\\src\\server.js:2430:8440","timestamp":"2026-09-23T12:13:45.852Z"}
{"level":"info","message":"⌛ Autocomplete - Reference","timeElapsed":142,"timestamp":"2026-09-23T12:13:45.855Z"}
{"level":"info","message":"⌛ Building environment","timeElapsed":125,"timestamp":"2026-09-23T12:13:46.001Z"}
{"level":"error","message":"✘ Completions for node Send ([25:31, 27:6] - codigoRaton.wlk) failed: Error: [Send]{77bed5} at codigoRaton.wlk:25 exhausted all cases without a match [Send]{77bed5} at codigoRaton.wlk:25 exhausted all cases without a match","stack":"Error: [Send]{77bed5} at codigoRaton.wlk:25 exhausted all cases without a match\n    at c:\\Users\\sotoj\\.vscode\\extensions\\uqbar.wollok-lsp-ide-0.5.5\\out\\server\\src\\server.js:38:6142\n    at L2 (c:\\Users\\sotoj\\.vscode\\extensions\\uqbar.wollok-lsp-ide-0.5.5\\out\\server\\src\\server.js:2421:42)\n    at Jh (c:\\Users\\sotoj\\.vscode\\extensions\\uqbar.wollok-lsp-ide-0.5.5\\out\\server\\src\\server.js:2421:1092)\n    at w5n (c:\\Users\\sotoj\\.vscode\\extensions\\uqbar.wollok-lsp-ide-0.5.5\\out\\server\\src\\server.js:2421:1248)\n    at c:\\Users\\sotoj\\.vscode\\extensions\\uqbar.wollok-lsp-ide-0.5.5\\out\\server\\src\\server.js:38:6131\n    at L2 (c:\\Users\\sotoj\\.vscode\\extensions\\uqbar.wollok-lsp-ide-0.5.5\\out\\server\\src\\server.js:2421:42)\n    at c:\\Users\\sotoj\\.vscode\\extensions\\uqbar.wollok-lsp-ide-0.5.5\\out\\server\\src\\server.js:2421:2988\n    at c:\\Users\\sotoj\\.vscode\\extensions\\uqbar.wollok-lsp-ide-0.5.5\\out\\server\\src\\server.js:2430:8440\n    at c:\\Users\\sotoj\\.vscode\\extensions\\uqbar.wollok-lsp-ide-0.5.5\\out\\server\\src\\server.js:37:74872\n    at Ke (c:\\Users\\sotoj\\.vscode\\extensions\\uqbar.wollok-lsp-ide-0.5.5\\out\\server\\src\\server.js:7:8527)","timestamp":"2026-09-23T12:13:46.184Z"}
{"level":"error","message":"✘ Completions for node Return (undefined - codigoRaton.wlk) failed: Error: [Return]{e41e69} at codigoRaton.wlk:-- exhausted all cases without a match [Return]{e41e69} at codigoRaton.wlk:-- exhausted all cases without a match","stack":"Error: [Return]{e41e69} at codigoRaton.wlk:-- exhausted all cases without a match\n    at c:\\Users\\sotoj\\.vscode\\extensions\\uqbar.wollok-lsp-ide-0.5.5\\out\\server\\src\\server.js:38:6142\n    at L2 (c:\\Users\\sotoj\\.vscode\\extensions\\uqbar.wollok-lsp-ide-0.5.5\\out\\server\\src\\server.js:2421:42)\n    at Jh (c:\\Users\\sotoj\\.vscode\\extensions\\uqbar.wollok-lsp-ide-0.5.5\\out\\server\\src\\server.js:2421:1092)\n    at L2 (c:\\Users\\sotoj\\.vscode\\extensions\\uqbar.wollok-lsp-ide-0.5.5\\out\\server\\src\\server.js:2421:544)\n    at Jh (c:\\Users\\sotoj\\.vscode\\extensions\\uqbar.wollok-lsp-ide-0.5.5\\out\\server\\src\\server.js:2421:1092)\n    at w5n (c:\\Users\\sotoj\\.vscode\\extensions\\uqbar.wollok-lsp-ide-0.5.5\\out\\server\\src\\server.js:2421:1248)\n    at c:\\Users\\sotoj\\.vscode\\extensions\\uqbar.wollok-lsp-ide-0.5.5\\out\\server\\src\\server.js:38:6131\n    at L2 (c:\\Users\\sotoj\\.vscode\\extensions\\uqbar.wollok-lsp-ide-0.5.5\\out\\server\\src\\server.js:2421:42)\n    at c:\\Users\\sotoj\\.vscode\\extensions\\uqbar.wollok-lsp-ide-0.5.5\\out\\server\\src\\server.js:2421:2988\n    at c:\\Users\\sotoj\\.vscode\\extensions\\uqbar.wollok-lsp-ide-0.5.5\\out\\server\\src\\server.js:2430:8440","timestamp":"2026-09-23T12:13:46.185Z"}
{"level":"info","message":"⌛ Validating codigoRaton.wlk","timeElapsed":243,"timestamp":"2026-09-23T12:13:46.435Z"}
{"level":"info","message":"⌛ Building environment","timeElapsed":171,"timestamp":"2026-09-23T12:13:46.610Z"}
{"level":"error","message":"✘ Completions for node Send ([25:31, 27:6] - codigoRaton.wlk) failed: Error: [Send]{ded03c} at codigoRaton.wlk:25 exhausted all cases without a match [Send]{ded03c} at codigoRaton.wlk:25 exhausted all cases without a match","stack":"Error: [Send]{ded03c} at codigoRaton.wlk:25 exhausted all cases without a match\n    at c:\\Users\\sotoj\\.vscode\\extensions\\uqbar.wollok-lsp-ide-0.5.5\\out\\server\\src\\server.js:38:6142\n    at L2 (c:\\Users\\sotoj\\.vscode\\extensions\\uqbar.wollok-lsp-ide-0.5.5\\out\\server\\src\\server.js:2421:42)\n    at Jh (c:\\Users\\sotoj\\.vscode\\extensions\\uqbar.wollok-lsp-ide-0.5.5\\out\\server\\src\\server.js:2421:1092)\n    at w5n (c:\\Users\\sotoj\\.vscode\\extensions\\uqbar.wollok-lsp-ide-0.5.5\\out\\server\\src\\server.js:2421:1248)\n    at c:\\Users\\sotoj\\.vscode\\extensions\\uqbar.wollok-lsp-ide-0.5.5\\out\\server\\src\\server.js:38:6131\n    at L2 (c:\\Users\\sotoj\\.vscode\\extensions\\uqbar.wollok-lsp-ide-0.5.5\\out\\server\\src\\server.js:2421:42)\n    at c:\\Users\\sotoj\\.vscode\\extensions\\uqbar.wollok-lsp-ide-0.5.5\\out\\server\\src\\server.js:2421:2988\n    at c:\\Users\\sotoj\\.vscode\\extensions\\uqbar.wollok-lsp-ide-0.5.5\\out\\server\\src\\server.js:2430:8440\n    at c:\\Users\\sotoj\\.vscode\\extensions\\uqbar.wollok-lsp-ide-0.5.5\\out\\server\\src\\server.js:37:74872\n    at Ke (c:\\Users\\sotoj\\.vscode\\extensions\\uqbar.wollok-lsp-ide-0.5.5\\out\\server\\src\\server.js:7:8527)","timestamp":"2026-09-23T12:13:46.659Z"}
{"level":"error","message":"✘ Completions for node Return (undefined - codigoRaton.wlk) failed: Error: [Return]{800379} at codigoRaton.wlk:-- exhausted all cases without a match [Return]{800379} at codigoRaton.wlk:-- exhausted all cases without a match","stack":"Error: [Return]{800379} at codigoRaton.wlk:-- exhausted all cases without a match\n    at c:\\Users\\sotoj\\.vscode\\extensions\\uqbar.wollok-lsp-ide-0.5.5\\out\\server\\src\\server.js:38:6142\n    at L2 (c:\\Users\\sotoj\\.vscode\\extensions\\uqbar.wollok-lsp-ide-0.5.5\\out\\server\\src\\server.js:2421:42)\n    at Jh (c:\\Users\\sotoj\\.vscode\\extensions\\uqbar.wollok-lsp-ide-0.5.5\\out\\server\\src\\server.js:2421:1092)\n    at L2 (c:\\Users\\sotoj\\.vscode\\extensions\\uqbar.wollok-lsp-ide-0.5.5\\out\\server\\src\\server.js:2421:544)\n    at Jh (c:\\Users\\sotoj\\.vscode\\extensions\\uqbar.wollok-lsp-ide-0.5.5\\out\\server\\src\\server.js:2421:1092)\n    at w5n (c:\\Users\\sotoj\\.vscode\\extensions\\uqbar.wollok-lsp-ide-0.5.5\\out\\server\\src\\server.js:2421:1248)\n    at c:\\Users\\sotoj\\.vscode\\extensions\\uqbar.wollok-lsp-ide-0.5.5\\out\\server\\src\\server.js:38:6131\n    at L2 (c:\\Users\\sotoj\\.vscode\\extensions\\uqbar.wollok-lsp-ide-0.5.5\\out\\server\\src\\server.js:2421:42)\n    at c:\\Users\\sotoj\\.vscode\\extensions\\uqbar.wollok-lsp-ide-0.5.5\\out\\server\\src\\server.js:2421:2988\n    at c:\\Users\\sotoj\\.vscode\\extensions\\uqbar.wollok-lsp-ide-0.5.5\\out\\server\\src\\server.js:2430:8440","timestamp":"2026-09-23T12:13:46.660Z"}
{"level":"info","message":"⌛ Validating codigoRaton.wlk","timeElapsed":204,"timestamp":"2026-09-23T12:13:46.868Z"}
{"level":"info","message":"⌛ Building environment","timeElapsed":176,"timestamp":"2026-09-23T12:13:47.048Z"}
{"level":"error","message":"✘ Completions for node Send ([25:31, 27:6] - codigoRaton.wlk) failed: Error: [Send]{011eda} at codigoRaton.wlk:25 exhausted all cases without a match [Send]{011eda} at codigoRaton.wlk:25 exhausted all cases without a match","stack":"Error: [Send]{011eda} at codigoRaton.wlk:25 exhausted all cases without a match\n    at c:\\Users\\sotoj\\.vscode\\extensions\\uqbar.wollok-lsp-ide-0.5.5\\out\\server\\src\\server.js:38:6142\n    at L2 (c:\\Users\\sotoj\\.vscode\\extensions\\uqbar.wollok-lsp-ide-0.5.5\\out\\server\\src\\server.js:2421:42)\n    at Jh (c:\\Users\\sotoj\\.vscode\\extensions\\uqbar.wollok-lsp-ide-0.5.5\\out\\server\\src\\server.js:2421:1092)\n    at w5n (c:\\Users\\sotoj\\.vscode\\extensions\\uqbar.wollok-lsp-ide-0.5.5\\out\\server\\src\\server.js:2421:1248)\n    at c:\\Users\\sotoj\\.vscode\\extensions\\uqbar.wollok-lsp-ide-0.5.5\\out\\server\\src\\server.js:38:6131\n    at L2 (c:\\Users\\sotoj\\.vscode\\extensions\\uqbar.wollok-lsp-ide-0.5.5\\out\\server\\src\\server.js:2421:42)\n    at c:\\Users\\sotoj\\.vscode\\extensions\\uqbar.wollok-lsp-ide-0.5.5\\out\\server\\src\\server.js:2421:2988\n    at c:\\Users\\sotoj\\.vscode\\extensions\\uqbar.wollok-lsp-ide-0.5.5\\out\\server\\src\\server.js:2430:8440\n    at c:\\Users\\sotoj\\.vscode\\extensions\\uqbar.wollok-lsp-ide-0.5.5\\out\\server\\src\\server.js:37:74872\n    at Ke (c:\\Users\\sotoj\\.vscode\\extensions\\uqbar.wollok-lsp-ide-0.5.5\\out\\server\\src\\server.js:7:8527)","timestamp":"2026-09-23T12:13:47.109Z"}
{"level":"error","message":"✘ Completions for node Return (undefined - codigoRaton.wlk) failed: Error: [Return]{34029c} at codigoRaton.wlk:-- exhausted all cases without a match [Return]{34029c} at codigoRaton.wlk:-- exhausted all cases without a match","stack":"Error: [Return]{34029c} at codigoRaton.wlk:-- exhausted all cases without a match\n    at c:\\Users\\sotoj\\.vscode\\extensions\\uqbar.wollok-lsp-ide-0.5.5\\out\\server\\src\\server.js:38:6142\n    at L2 (c:\\Users\\sotoj\\.vscode\\extensions\\uqbar.wollok-lsp-ide-0.5.5\\out\\server\\src\\server.js:2421:42)\n    at Jh (c:\\Users\\sotoj\\.vscode\\extensions\\uqbar.wollok-lsp-ide-0.5.5\\out\\server\\src\\server.js:2421:1092)\n    at L2 (c:\\Users\\sotoj\\.vscode\\extensions\\uqbar.wollok-lsp-ide-0.5.5\\out\\server\\src\\server.js:2421:544)\n    at Jh (c:\\Users\\sotoj\\.vscode\\extensions\\uqbar.wollok-lsp-ide-0.5.5\\out\\server\\src\\server.js:2421:1092)\n    at w5n (c:\\Users\\sotoj\\.vscode\\extensions\\uqbar.wollok-lsp-ide-0.5.5\\out\\server\\src\\server.js:2421:1248)\n    at c:\\Users\\sotoj\\.vscode\\extensions\\uqbar.wollok-lsp-ide-0.5.5\\out\\server\\src\\server.js:38:6131\n    at L2 (c:\\Users\\sotoj\\.vscode\\extensions\\uqbar.wollok-lsp-ide-0.5.5\\out\\server\\src\\server.js:2421:42)\n    at c:\\Users\\sotoj\\.vscode\\extensions\\uqbar.wollok-lsp-ide-0.5.5\\out\\server\\src\\server.js:2421:2988\n    at c:\\Users\\sotoj\\.vscode\\extensions\\uqbar.wollok-lsp-ide-0.5.5\\out\\server\\src\\server.js:2430:8440","timestamp":"2026-09-23T12:13:47.110Z"}
{"level":"info","message":"⌛ Building environment","timeElapsed":162,"timestamp":"2026-09-23T12:13:47.286Z"}
{"level":"info","message":"⌛ Validating codigoRaton.wlk","timeElapsed":195,"timestamp":"2026-09-23T12:13:47.511Z"}
{"level":"info","message":"⌛ Building environment","timeElapsed":145,"timestamp":"2026-09-23T12:13:47.742Z"}
{"level":"info","message":"⌛ Validating codigoRaton.wlk","timeElapsed":253,"timestamp":"2026-09-23T12:13:47.996Z"}
{"level":"info","message":"⌛ Validating codigoRaton.wlk","timeElapsed":225,"timestamp":"2026-09-23T12:13:48.245Z"}
{"level":"info","message":"⌛ Validating codigoRaton.wlk","timeElapsed":226,"timestamp":"2026-09-23T12:13:48.477Z"}
{"level":"info","message":"⌛ Building environment","timeElapsed":195,"timestamp":"2026-09-23T12:13:48.685Z"}
{"level":"info","message":"⌛ Building environment","timeElapsed":171,"timestamp":"2026-09-23T12:13:48.959Z"}
{"level":"info","message":"⌛ Building environment","timeElapsed":123,"timestamp":"2026-09-23T12:13:49.142Z"}
{"level":"info","message":"⌛ Building environment","timeElapsed":226,"timestamp":"2026-09-23T12:13:49.413Z"}
{"level":"info","message":"⌛ Building environment","timeElapsed":149,"timestamp":"2026-09-23T12:13:49.580Z"}
{"level":"info","message":"⌛ Validating codigoRaton.wlk","timeElapsed":192,"timestamp":"2026-09-23T12:13:49.773Z"}
{"level":"info","message":"⌛ Building environment","timeElapsed":142,"timestamp":"2026-09-23T12:13:49.921Z"}
{"level":"info","message":"⌛ Building environment","timeElapsed":144,"timestamp":"2026-09-23T12:13:50.078Z"}
{"level":"info","message":"⌛ Validating codigoRaton.wlk","timeElapsed":427,"timestamp":"2026-09-23T12:13:50.527Z"}
{"level":"info","message":"⌛ Validating codigoRaton.wlk","timeElapsed":299,"timestamp":"2026-09-23T12:13:50.950Z"}
{"level":"info","message":"⌛ Validating codigoRaton.wlk","timeElapsed":200,"timestamp":"2026-09-23T12:13:51.166Z"}
{"level":"info","message":"⌛ Validating codigoRaton.wlk","timeElapsed":190,"timestamp":"2026-09-23T12:13:51.357Z"}
{"level":"info","message":"⌛ Validating codigoRaton.wlk","timeElapsed":171,"timestamp":"2026-09-23T12:13:51.540Z"}
{"level":"info","message":"⌛ Validating codigoRaton.wlk","timeElapsed":209,"timestamp":"2026-09-23T12:13:51.760Z"}
{"level":"info","message":"⌛ Building environment","timeElapsed":221,"timestamp":"2026-09-23T12:13:51.982Z"}
{"level":"info","message":"⌛ Building environment","timeElapsed":129,"timestamp":"2026-09-23T12:13:52.132Z"}
{"level":"info","message":"⌛ Building environment","timeElapsed":240,"timestamp":"2026-09-23T12:13:52.390Z"}
{"level":"info","message":"⌛ Building environment","timeElapsed":151,"timestamp":"2026-09-23T12:13:52.550Z"}
{"level":"info","message":"⌛ Building environment","timeElapsed":244,"timestamp":"2026-09-23T12:13:52.856Z"}
{"level":"info","message":"⌛ Validating codigoRaton.wlk","timeElapsed":182,"timestamp":"2026-09-23T12:13:53.048Z"}
{"level":"info","message":"⌛ Validating codigoRaton.wlk","timeElapsed":168,"timestamp":"2026-09-23T12:13:53.217Z"}
{"level":"info","message":"⌛ Building environment","timeElapsed":155,"timestamp":"2026-09-23T12:13:53.378Z"}
{"level":"info","message":"⌛ Validating codigoRaton.wlk","timeElapsed":175,"timestamp":"2026-09-23T12:13:53.563Z"}
{"level":"info","message":"⌛ Validating codigoRaton.wlk","timeElapsed":163,"timestamp":"2026-09-23T12:13:53.743Z"}
{"level":"info","message":"⌛ Validating codigoRaton.wlk","timeElapsed":179,"timestamp":"2026-09-23T12:13:53.925Z"}
{"level":"info","message":"⌛ Validating codigoRaton.wlk","timeElapsed":198,"timestamp":"2026-09-23T12:13:54.200Z"}
{"level":"info","message":"⌛ Building environment","timeElapsed":201,"timestamp":"2026-09-23T12:13:54.500Z"}
{"level":"info","message":"⌛ Validating codigoRaton.wlk","timeElapsed":339,"timestamp":"2026-09-23T12:13:54.841Z"}
{"level":"info","message":"⌛ Building environment","timeElapsed":628,"timestamp":"2026-09-23T12:13:55.491Z"}
{"level":"error","message":"✘ Completions for node Send ([26:9, 26:24] - codigoRaton.wlk) failed: Error: [Send]{a82754} at codigoRaton.wlk:26 exhausted all cases without a match [Send]{a82754} at codigoRaton.wlk:26 exhausted all cases without a match","stack":"Error: [Send]{a82754} at codigoRaton.wlk:26 exhausted all cases without a match\n    at c:\\Users\\sotoj\\.vscode\\extensions\\uqbar.wollok-lsp-ide-0.5.5\\out\\server\\src\\server.js:38:6142\n    at L2 (c:\\Users\\sotoj\\.vscode\\extensions\\uqbar.wollok-lsp-ide-0.5.5\\out\\server\\src\\server.js:2421:42)\n    at Jh (c:\\Users\\sotoj\\.vscode\\extensions\\uqbar.wollok-lsp-ide-0.5.5\\out\\server\\src\\server.js:2421:1092)\n    at w5n (c:\\Users\\sotoj\\.vscode\\extensions\\uqbar.wollok-lsp-ide-0.5.5\\out\\server\\src\\server.js:2421:1248)\n    at c:\\Users\\sotoj\\.vscode\\extensions\\uqbar.wollok-lsp-ide-0.5.5\\out\\server\\src\\server.js:38:6131\n    at L2 (c:\\Users\\sotoj\\.vscode\\extensions\\uqbar.wollok-lsp-ide-0.5.5\\out\\server\\src\\server.js:2421:42)\n    at c:\\Users\\sotoj\\.vscode\\extensions\\uqbar.wollok-lsp-ide-0.5.5\\out\\server\\src\\server.js:2421:2988\n    at c:\\Users\\sotoj\\.vscode\\extensions\\uqbar.wollok-lsp-ide-0.5.5\\out\\server\\src\\server.js:2430:8440\n    at c:\\Users\\sotoj\\.vscode\\extensions\\uqbar.wollok-lsp-ide-0.5.5\\out\\server\\src\\server.js:37:74872\n    at Ke (c:\\Users\\sotoj\\.vscode\\extensions\\uqbar.wollok-lsp-ide-0.5.5\\out\\server\\src\\server.js:7:8527)","timestamp":"2026-09-23T12:13:55.541Z"}
{"level":"error","message":"✘ Completions for node Send ([25:31, 27:6] - codigoRaton.wlk) failed: Error: [Send]{447fcd} at codigoRaton.wlk:25 exhausted all cases without a match [Send]{447fcd} at codigoRaton.wlk:25 exhausted all cases without a match","stack":"Error: [Send]{447fcd} at codigoRaton.wlk:25 exhausted all cases without a match\n    at c:\\Users\\sotoj\\.vscode\\extensions\\uqbar.wollok-lsp-ide-0.5.5\\out\\server\\src\\server.js:38:6142\n    at L2 (c:\\Users\\sotoj\\.vscode\\extensions\\uqbar.wollok-lsp-ide-0.5.5\\out\\server\\src\\server.js:2421:42)\n    at Jh (c:\\Users\\sotoj\\.vscode\\extensions\\uqbar.wollok-lsp-ide-0.5.5\\out\\server\\src\\server.js:2421:1092)\n    at L2 (c:\\Users\\sotoj\\.vscode\\extensions\\uqbar.wollok-lsp-ide-0.5.5\\out\\server\\src\\server.js:2421:544)\n    at Jh (c:\\Users\\sotoj\\.vscode\\extensions\\uqbar.wollok-lsp-ide-0.5.5\\out\\server\\src\\server.js:2421:1092)\n    at w5n (c:\\Users\\sotoj\\.vscode\\extensions\\uqbar.wollok-lsp-ide-0.5.5\\out\\server\\src\\server.js:2421:1248)\n    at c:\\Users\\sotoj\\.vscode\\extensions\\uqbar.wollok-lsp-ide-0.5.5\\out\\server\\src\\server.js:38:6131\n    at L2 (c:\\Users\\sotoj\\.vscode\\extensions\\uqbar.wollok-lsp-ide-0.5.5\\out\\server\\src\\server.js:2421:42)\n    at c:\\Users\\sotoj\\.vscode\\extensions\\uqbar.wollok-lsp-ide-0.5.5\\out\\server\\src\\server.js:2421:2988\n    at c:\\Users\\sotoj\\.vscode\\extensions\\uqbar.wollok-lsp-ide-0.5.5\\out\\server\\src\\server.js:2430:8440","timestamp":"2026-09-23T12:13:55.541Z"}
{"level":"error","message":"✘ Completions for node Return (undefined - codigoRaton.wlk) failed: Error: [Return]{5f9b49} at codigoRaton.wlk:-- exhausted all cases without a match [Return]{5f9b49} at codigoRaton.wlk:-- exhausted all cases without a match","stack":"Error: [Return]{5f9b49} at codigoRaton.wlk:-- exhausted all cases without a match\n    at c:\\Users\\sotoj\\.vscode\\extensions\\uqbar.wollok-lsp-ide-0.5.5\\out\\server\\src\\server.js:38:6142\n    at L2 (c:\\Users\\sotoj\\.vscode\\extensions\\uqbar.wollok-lsp-ide-0.5.5\\out\\server\\src\\server.js:2421:42)\n    at Jh (c:\\Users\\sotoj\\.vscode\\extensions\\uqbar.wollok-lsp-ide-0.5.5\\out\\server\\src\\server.js:2421:1092)\n    at L2 (c:\\Users\\sotoj\\.vscode\\extensions\\uqbar.wollok-lsp-ide-0.5.5\\out\\server\\src\\server.js:2421:544)\n    at Jh (c:\\Users\\sotoj\\.vscode\\extensions\\uqbar.wollok-lsp-ide-0.5.5\\out\\server\\src\\server.js:2421:1092)\n    at L2 (c:\\Users\\sotoj\\.vscode\\extensions\\uqbar.wollok-lsp-ide-0.5.5\\out\\server\\src\\server.js:2421:544)\n    at Jh (c:\\Users\\sotoj\\.vscode\\extensions\\uqbar.wollok-lsp-ide-0.5.5\\out\\server\\src\\server.js:2421:1092)\n    at w5n (c:\\Users\\sotoj\\.vscode\\extensions\\uqbar.wollok-lsp-ide-0.5.5\\out\\server\\src\\server.js:2421:1248)\n    at c:\\Users\\sotoj\\.vscode\\extensions\\uqbar.wollok-lsp-ide-0.5.5\\out\\server\\src\\server.js:38:6131\n    at L2 (c:\\Users\\sotoj\\.vscode\\extensions\\uqbar.wollok-lsp-ide-0.5.5\\out\\server\\src\\server.js:2421:42)","timestamp":"2026-09-23T12:13:55.541Z"}
{"level":"info","message":"⌛ Building environment","timeElapsed":113,"timestamp":"2026-09-23T12:13:55.676Z"}
{"level":"info","message":"⌛ Building environment","timeElapsed":156,"timestamp":"2026-09-23T12:13:55.868Z"}
{"level":"info","message":"⌛ Building environment","timeElapsed":140,"timestamp":"2026-09-23T12:13:56.009Z"}
{"level":"info","message":"⌛ Building environment","timeElapsed":214,"timestamp":"2026-09-23T12:13:56.269Z"}
{"level":"info","message":"⌛ Validating codigoRaton.wlk","timeElapsed":258,"timestamp":"2026-09-23T12:13:56.574Z"}
{"level":"info","message":"⌛ Validating codigoRaton.wlk","timeElapsed":180,"timestamp":"2026-09-23T12:13:56.769Z"}
{"level":"info","message":"⌛ Validating codigoRaton.wlk","timeElapsed":264,"timestamp":"2026-09-23T12:13:57.048Z"}
{"level":"info","message":"⌛ Validating codigoRaton.wlk","timeElapsed":199,"timestamp":"2026-09-23T12:13:57.251Z"}
{"level":"info","message":"⌛ Validating codigoRaton.wlk","timeElapsed":233,"timestamp":"2026-09-23T12:13:57.496Z"}
{"level":"info","message":"⌛ Building environment","timeElapsed":445,"timestamp":"2026-09-23T12:14:03.988Z"}
{"level":"info","message":"⌛ Building environment","timeElapsed":233,"timestamp":"2026-09-23T12:14:04.326Z"}
{"level":"info","message":"⌛ Validating codigoRaton.wlk","timeElapsed":237,"timestamp":"2026-09-23T12:14:04.564Z"}
{"level":"info","message":"⌛ Building environment","timeElapsed":162,"timestamp":"2026-09-23T12:14:04.817Z"}
{"level":"info","message":"⌛ Building environment","timeElapsed":190,"timestamp":"2026-09-23T12:14:05.010Z"}
{"level":"info","message":"⌛ Validating codigoRaton.wlk","timeElapsed":209,"timestamp":"2026-09-23T12:14:05.220Z"}
{"level":"info","message":"⌛ Building environment","timeElapsed":138,"timestamp":"2026-09-23T12:14:05.359Z"}
{"level":"info","message":"⌛ Validating codigoRaton.wlk","timeElapsed":211,"timestamp":"2026-09-23T12:14:05.580Z"}
{"level":"info","message":"⌛ Validating codigoRaton.wlk","timeElapsed":203,"timestamp":"2026-09-23T12:14:05.874Z"}
{"level":"info","message":"⌛ Validating codigoRaton.wlk","timeElapsed":214,"timestamp":"2026-09-23T12:14:06.095Z"}
{"level":"info","message":"⌛ Building environment","timeElapsed":163,"timestamp":"2026-09-23T12:14:07.766Z"}
{"level":"info","message":"⌛ Validating codigoRaton.wlk","timeElapsed":199,"timestamp":"2026-09-23T12:14:07.982Z"}
{"level":"info","message":"⌛ Building environment","timeElapsed":145,"timestamp":"2026-09-23T12:14:11.770Z"}
{"level":"info","message":"⌛ Validating codigoRaton.wlk","timeElapsed":230,"timestamp":"2026-09-23T12:14:12.002Z"}
{"level":"info","message":"⌛ Building environment","timeElapsed":188,"timestamp":"2026-09-23T12:14:14.070Z"}
{"level":"info","message":"⌛ Validating codigoRaton.wlk","timeElapsed":207,"timestamp":"2026-09-23T12:14:14.291Z"}
{"level":"info","message":"⌛ Building environment","timeElapsed":165,"timestamp":"2026-09-23T12:14:15.861Z"}
{"level":"info","message":"⌛ Validating codigoRaton.wlk","timeElapsed":492,"timestamp":"2026-09-23T12:14:16.366Z"}
{"level":"info","message":"⌛ Building environment","timeElapsed":128,"timestamp":"2026-09-23T12:14:16.580Z"}
{"level":"info","message":"⌛ Validating codigoRaton.wlk","timeElapsed":272,"timestamp":"2026-09-23T12:14:16.913Z"}
{"level":"info","message":"⌛ Building environment","timeElapsed":336,"timestamp":"2026-09-23T12:14:17.262Z"}
{"level":"info","message":"⌛ Building environment","timeElapsed":222,"timestamp":"2026-09-23T12:14:17.496Z"}
{"level":"info","message":"⌛ Validating codigoRaton.wlk","timeElapsed":191,"timestamp":"2026-09-23T12:14:17.696Z"}
{"level":"info","message":"⌛ Building environment","timeElapsed":177,"timestamp":"2026-09-23T12:14:17.874Z"}
{"level":"info","message":"⌛ Validating codigoRaton.wlk","timeElapsed":289,"timestamp":"2026-09-23T12:14:18.166Z"}
{"level":"info","message":"⌛ Building environment","timeElapsed":131,"timestamp":"2026-09-23T12:14:18.325Z"}
{"level":"info","message":"⌛ Validating codigoRaton.wlk","timeElapsed":218,"timestamp":"2026-09-23T12:14:18.545Z"}
{"level":"info","message":"⌛ Building environment","timeElapsed":301,"timestamp":"2026-09-23T12:14:18.898Z"}
{"level":"info","message":"⌛ Building environment","timeElapsed":558,"timestamp":"2026-09-23T12:14:19.457Z"}
{"level":"info","message":"⌛ Validating codigoRaton.wlk","timeElapsed":221,"timestamp":"2026-09-23T12:14:19.681Z"}
{"level":"info","message":"⌛ Building environment","timeElapsed":149,"timestamp":"2026-09-23T12:14:19.872Z"}
{"level":"info","message":"⌛ Validating codigoRaton.wlk","timeElapsed":210,"timestamp":"2026-09-23T12:14:20.095Z"}
{"level":"info","message":"⌛ Building environment","timeElapsed":145,"timestamp":"2026-09-23T12:14:20.243Z"}
{"level":"info","message":"⌛ Building environment","timeElapsed":133,"timestamp":"2026-09-23T12:14:20.402Z"}
{"level":"info","message":"⌛ Validating codigoRaton.wlk","timeElapsed":168,"timestamp":"2026-09-23T12:14:20.578Z"}
{"level":"info","message":"⌛ Building environment","timeElapsed":500,"timestamp":"2026-09-23T12:14:21.091Z"}
{"level":"info","message":"⌛ Validating codigoRaton.wlk","timeElapsed":284,"timestamp":"2026-09-23T12:14:21.386Z"}
{"level":"info","message":"⌛ Validating codigoRaton.wlk","timeElapsed":240,"timestamp":"2026-09-23T12:14:21.658Z"}
{"level":"info","message":"⌛ Validating codigoRaton.wlk","timeElapsed":177,"timestamp":"2026-09-23T12:14:21.859Z"}
{"level":"info","message":"⌛ Building environment","timeElapsed":175,"timestamp":"2026-09-23T12:14:22.035Z"}
{"level":"info","message":"⌛ Validating codigoRaton.wlk","timeElapsed":203,"timestamp":"2026-09-23T12:14:22.255Z"}
{"level":"info","message":"⌛ Building environment","timeElapsed":231,"timestamp":"2026-09-23T12:14:22.490Z"}
{"level":"error","message":"✘ Completions for node Send ([27:9, 27:24] - codigoRaton.wlk) failed: Error: [Send]{404501} at codigoRaton.wlk:27 exhausted all cases without a match [Send]{404501} at codigoRaton.wlk:27 exhausted all cases without a match","stack":"Error: [Send]{404501} at codigoRaton.wlk:27 exhausted all cases without a match\n    at c:\\Users\\sotoj\\.vscode\\extensions\\uqbar.wollok-lsp-ide-0.5.5\\out\\server\\src\\server.js:38:6142\n    at L2 (c:\\Users\\sotoj\\.vscode\\extensions\\uqbar.wollok-lsp-ide-0.5.5\\out\\server\\src\\server.js:2421:42)\n    at Jh (c:\\Users\\sotoj\\.vscode\\extensions\\uqbar.wollok-lsp-ide-0.5.5\\out\\server\\src\\server.js:2421:1092)\n    at w5n (c:\\Users\\sotoj\\.vscode\\extensions\\uqbar.wollok-lsp-ide-0.5.5\\out\\server\\src\\server.js:2421:1248)\n    at c:\\Users\\sotoj\\.vscode\\extensions\\uqbar.wollok-lsp-ide-0.5.5\\out\\server\\src\\server.js:38:6131\n    at L2 (c:\\Users\\sotoj\\.vscode\\extensions\\uqbar.wollok-lsp-ide-0.5.5\\out\\server\\src\\server.js:2421:42)\n    at c:\\Users\\sotoj\\.vscode\\extensions\\uqbar.wollok-lsp-ide-0.5.5\\out\\server\\src\\server.js:2421:2988\n    at c:\\Users\\sotoj\\.vscode\\extensions\\uqbar.wollok-lsp-ide-0.5.5\\out\\server\\src\\server.js:2430:8440\n    at c:\\Users\\sotoj\\.vscode\\extensions\\uqbar.wollok-lsp-ide-0.5.5\\out\\server\\src\\server.js:37:74872\n    at Ke (c:\\Users\\sotoj\\.vscode\\extensions\\uqbar.wollok-lsp-ide-0.5.5\\out\\server\\src\\server.js:7:8527)","timestamp":"2026-09-23T12:14:22.539Z"}
{"level":"error","message":"✘ Completions for node Send ([25:31, 28:6] - codigoRaton.wlk) failed: Error: [Send]{50c9a5} at codigoRaton.wlk:25 exhausted all cases without a match [Send]{50c9a5} at codigoRaton.wlk:25 exhausted all cases without a match","stack":"Error: [Send]{50c9a5} at codigoRaton.wlk:25 exhausted all cases without a match\n    at c:\\Users\\sotoj\\.vscode\\extensions\\uqbar.wollok-lsp-ide-0.5.5\\out\\server\\src\\server.js:38:6142\n    at L2 (c:\\Users\\sotoj\\.vscode\\extensions\\uqbar.wollok-lsp-ide-0.5.5\\out\\server\\src\\server.js:2421:42)\n    at Jh (c:\\Users\\sotoj\\.vscode\\extensions\\uqbar.wollok-lsp-ide-0.5.5\\out\\server\\src\\server.js:2421:1092)\n    at L2 (c:\\Users\\sotoj\\.vscode\\extensions\\uqbar.wollok-lsp-ide-0.5.5\\out\\server\\src\\server.js:2421:544)\n    at Jh (c:\\Users\\sotoj\\.vscode\\extensions\\uqbar.wollok-lsp-ide-0.5.5\\out\\server\\src\\server.js:2421:1092)\n    at w5n (c:\\Users\\sotoj\\.vscode\\extensions\\uqbar.wollok-lsp-ide-0.5.5\\out\\server\\src\\server.js:2421:1248)\n    at c:\\Users\\sotoj\\.vscode\\extensions\\uqbar.wollok-lsp-ide-0.5.5\\out\\server\\src\\server.js:38:6131\n    at L2 (c:\\Users\\sotoj\\.vscode\\extensions\\uqbar.wollok-lsp-ide-0.5.5\\out\\server\\src\\server.js:2421:42)\n    at c:\\Users\\sotoj\\.vscode\\extensions\\uqbar.wollok-lsp-ide-0.5.5\\out\\server\\src\\server.js:2421:2988\n    at c:\\Users\\sotoj\\.vscode\\extensions\\uqbar.wollok-lsp-ide-0.5.5\\out\\server\\src\\server.js:2430:8440","timestamp":"2026-09-23T12:14:22.540Z"}
{"level":"error","message":"✘ Completions for node Return (undefined - codigoRaton.wlk) failed: Error: [Return]{113f5d} at codigoRaton.wlk:-- exhausted all cases without a match [Return]{113f5d} at codigoRaton.wlk:-- exhausted all cases without a match","stack":"Error: [Return]{113f5d} at codigoRaton.wlk:-- exhausted all cases without a match\n    at c:\\Users\\sotoj\\.vscode\\extensions\\uqbar.wollok-lsp-ide-0.5.5\\out\\server\\src\\server.js:38:6142\n    at L2 (c:\\Users\\sotoj\\.vscode\\extensions\\uqbar.wollok-lsp-ide-0.5.5\\out\\server\\src\\server.js:2421:42)\n    at Jh (c:\\Users\\sotoj\\.vscode\\extensions\\uqbar.wollok-lsp-ide-0.5.5\\out\\server\\src\\server.js:2421:1092)\n    at L2 (c:\\Users\\sotoj\\.vscode\\extensions\\uqbar.wollok-lsp-ide-0.5.5\\out\\server\\src\\server.js:2421:544)\n    at Jh (c:\\Users\\sotoj\\.vscode\\extensions\\uqbar.wollok-lsp-ide-0.5.5\\out\\server\\src\\server.js:2421:1092)\n    at L2 (c:\\Users\\sotoj\\.vscode\\extensions\\uqbar.wollok-lsp-ide-0.5.5\\out\\server\\src\\server.js:2421:544)\n    at Jh (c:\\Users\\sotoj\\.vscode\\extensions\\uqbar.wollok-lsp-ide-0.5.5\\out\\server\\src\\server.js:2421:1092)\n    at w5n (c:\\Users\\sotoj\\.vscode\\extensions\\uqbar.wollok-lsp-ide-0.5.5\\out\\server\\src\\server.js:2421:1248)\n    at c:\\Users\\sotoj\\.vscode\\extensions\\uqbar.wollok-lsp-ide-0.5.5\\out\\server\\src\\server.js:38:6131\n    at L2 (c:\\Users\\sotoj\\.vscode\\extensions\\uqbar.wollok-lsp-ide-0.5.5\\out\\server\\src\\server.js:2421:42)","timestamp":"2026-09-23T12:14:22.540Z"}
{"level":"info","message":"⌛ Building environment","timeElapsed":161,"timestamp":"2026-09-23T12:14:22.709Z"}
{"level":"info","message":"⌛ Building environment","timeElapsed":170,"timestamp":"2026-09-23T12:14:22.883Z"}
{"level":"info","message":"⌛ Building environment","timeElapsed":116,"timestamp":"2026-09-23T12:14:23.005Z"}
{"level":"info","message":"⌛ Validating codigoRaton.wlk","timeElapsed":157,"timestamp":"2026-09-23T12:14:23.202Z"}
{"level":"info","message":"⌛ Building environment","timeElapsed":720,"timestamp":"2026-09-23T12:14:24.033Z"}
{"level":"info","message":"⌛ Autocomplete - Singleton","timeElapsed":211,"timestamp":"2026-09-23T12:14:24.381Z"}
{"level":"info","message":"⌛ Validating codigoRaton.wlk","timeElapsed":281,"timestamp":"2026-09-23T12:14:24.730Z"}
{"level":"info","message":"⌛ Validating codigoRaton.wlk","timeElapsed":397,"timestamp":"2026-09-23T12:14:25.139Z"}
{"level":"info","message":"⌛ Validating codigoRaton.wlk","timeElapsed":228,"timestamp":"2026-09-23T12:14:25.370Z"}
{"level":"info","message":"⌛ Validating codigoRaton.wlk","timeElapsed":224,"timestamp":"2026-09-23T12:14:25.603Z"}
{"level":"info","message":"⌛ Building environment","timeElapsed":196,"timestamp":"2026-09-23T12:14:25.805Z"}
{"level":"info","message":"⌛ Building environment","timeElapsed":238,"timestamp":"2026-09-23T12:14:26.046Z"}
{"level":"info","message":"⌛ Building environment","timeElapsed":236,"timestamp":"2026-09-23T12:14:26.288Z"}
{"level":"info","message":"⌛ Building environment","timeElapsed":335,"timestamp":"2026-09-23T12:14:26.672Z"}
{"level":"info","message":"⌛ Building environment","timeElapsed":193,"timestamp":"2026-09-23T12:14:26.870Z"}
{"level":"info","message":"⌛ Building environment","timeElapsed":217,"timestamp":"2026-09-23T12:14:27.089Z"}
{"level":"info","message":"⌛ Validating codigoRaton.wlk","timeElapsed":259,"timestamp":"2026-09-23T12:14:27.360Z"}
{"level":"info","message":"⌛ Building environment","timeElapsed":171,"timestamp":"2026-09-23T12:14:27.572Z"}
{"level":"info","message":"⌛ Building environment","timeElapsed":181,"timestamp":"2026-09-23T12:14:27.757Z"}
{"level":"info","message":"⌛ Validating codigoRaton.wlk","timeElapsed":178,"timestamp":"2026-09-23T12:14:27.978Z"}
{"level":"info","message":"⌛ Validating codigoRaton.wlk","timeElapsed":228,"timestamp":"2026-09-23T12:14:28.314Z"}
{"level":"info","message":"⌛ Validating codigoRaton.wlk","timeElapsed":170,"timestamp":"2026-09-23T12:14:28.486Z"}
{"level":"info","message":"⌛ Validating codigoRaton.wlk","timeElapsed":164,"timestamp":"2026-09-23T12:14:28.654Z"}
{"level":"info","message":"⌛ Validating codigoRaton.wlk","timeElapsed":164,"timestamp":"2026-09-23T12:14:28.819Z"}
{"level":"info","message":"⌛ Validating codigoRaton.wlk","timeElapsed":160,"timestamp":"2026-09-23T12:14:28.981Z"}
{"level":"info","message":"⌛ Validating codigoRaton.wlk","timeElapsed":176,"timestamp":"2026-09-23T12:14:29.158Z"}
{"level":"info","message":"⌛ Validating codigoRaton.wlk","timeElapsed":156,"timestamp":"2026-09-23T12:14:29.322Z"}
{"level":"info","message":"⌛ Building environment","timeElapsed":230,"timestamp":"2026-09-23T12:14:37.178Z"}
{"level":"info","message":"⌛ Validating codigoRaton.wlk","timeElapsed":178,"timestamp":"2026-09-23T12:14:37.361Z"}
{"level":"info","message":"⌛ Building environment","timeElapsed":173,"timestamp":"2026-09-23T12:14:49.269Z"}
{"level":"error","message":"✘ Completions for node NamedArgument ([21:35, 21:51] - codigoRaton.wlk) failed: Error: [NamedArgument]{019002} at codigoRaton.wlk:21 exhausted all cases without a match [NamedArgument]{019002} at codigoRaton.wlk:21 exhausted all cases without a match","stack":"Error: [NamedArgument]{019002} at codigoRaton.wlk:21 exhausted all cases without a match\n    at c:\\Users\\sotoj\\.vscode\\extensions\\uqbar.wollok-lsp-ide-0.5.5\\out\\server\\src\\server.js:38:6142\n    at L2 (c:\\Users\\sotoj\\.vscode\\extensions\\uqbar.wollok-lsp-ide-0.5.5\\out\\server\\src\\server.js:2421:42)\n    at c:\\Users\\sotoj\\.vscode\\extensions\\uqbar.wollok-lsp-ide-0.5.5\\out\\server\\src\\server.js:2421:2988\n    at c:\\Users\\sotoj\\.vscode\\extensions\\uqbar.wollok-lsp-ide-0.5.5\\out\\server\\src\\server.js:2430:8440\n    at c:\\Users\\sotoj\\.vscode\\extensions\\uqbar.wollok-lsp-ide-0.5.5\\out\\server\\src\\server.js:37:74872\n    at Ke (c:\\Users\\sotoj\\.vscode\\extensions\\uqbar.wollok-lsp-ide-0.5.5\\out\\server\\src\\server.js:7:8527)\n    at It (c:\\Users\\sotoj\\.vscode\\extensions\\uqbar.wollok-lsp-ide-0.5.5\\out\\server\\src\\server.js:7:6189)\n    at et (c:\\Users\\sotoj\\.vscode\\extensions\\uqbar.wollok-lsp-ide-0.5.5\\out\\server\\src\\server.js:7:6378)\n    at Immediate._onImmediate (c:\\Users\\sotoj\\.vscode\\extensions\\uqbar.wollok-lsp-ide-0.5.5\\out\\server\\src\\server.js:7:6142)\n    at process.processImmediate (node:internal/timers:504:21)","timestamp":"2026-09-23T12:14:49.305Z"}
{"level":"info","message":"⌛ Validating codigoRaton.wlk","timeElapsed":670,"timestamp":"2026-09-23T12:14:49.980Z"}
{"level":"info","message":"⌛ Building environment","timeElapsed":191,"timestamp":"2026-09-23T12:14:50.180Z"}
{"level":"info","message":"⌛ Building environment","timeElapsed":189,"timestamp":"2026-09-23T12:14:50.371Z"}
{"level":"info","message":"⌛ Building environment","timeElapsed":148,"timestamp":"2026-09-23T12:14:50.523Z"}
{"level":"info","message":"⌛ Building environment","timeElapsed":140,"timestamp":"2026-09-23T12:14:50.694Z"}
{"level":"info","message":"⌛ Building environment","timeElapsed":285,"timestamp":"2026-09-23T12:14:51.033Z"}
{"level":"info","message":"⌛ Building environment","timeElapsed":191,"timestamp":"2026-09-23T12:14:51.233Z"}
{"level":"info","message":"⌛ Validating codigoRaton.wlk","timeElapsed":231,"timestamp":"2026-09-23T12:14:51.465Z"}
{"level":"info","message":"⌛ Building environment","timeElapsed":178,"timestamp":"2026-09-23T12:14:51.646Z"}
{"level":"info","message":"⌛ Validating codigoRaton.wlk","timeElapsed":203,"timestamp":"2026-09-23T12:14:51.849Z"}
{"level":"info","message":"⌛ Building environment","timeElapsed":135,"timestamp":"2026-09-23T12:14:51.987Z"}
{"level":"info","message":"⌛ Validating codigoRaton.wlk","timeElapsed":180,"timestamp":"2026-09-23T12:14:52.168Z"}
{"level":"info","message":"⌛ Validating codigoRaton.wlk","timeElapsed":193,"timestamp":"2026-09-23T12:14:52.418Z"}
{"level":"info","message":"⌛ Building environment","timeElapsed":147,"timestamp":"2026-09-23T12:14:52.590Z"}
{"level":"info","message":"⌛ Validating codigoRaton.wlk","timeElapsed":182,"timestamp":"2026-09-23T12:14:52.774Z"}
{"level":"info","message":"⌛ Building environment","timeElapsed":128,"timestamp":"2026-09-23T12:14:52.903Z"}
{"level":"info","message":"⌛ Validating codigoRaton.wlk","timeElapsed":168,"timestamp":"2026-09-23T12:14:53.072Z"}
{"level":"info","message":"⌛ Building environment","timeElapsed":136,"timestamp":"2026-09-23T12:14:53.208Z"}
{"level":"info","message":"⌛ Building environment","timeElapsed":195,"timestamp":"2026-09-23T12:14:53.441Z"}
{"level":"info","message":"⌛ Validating codigoRaton.wlk","timeElapsed":231,"timestamp":"2026-09-23T12:14:53.715Z"}
{"level":"info","message":"⌛ Building environment","timeElapsed":189,"timestamp":"2026-09-23T12:14:53.909Z"}
{"level":"info","message":"⌛ Validating codigoRaton.wlk","timeElapsed":233,"timestamp":"2026-09-23T12:14:54.142Z"}
{"level":"info","message":"⌛ Validating codigoRaton.wlk","timeElapsed":153,"timestamp":"2026-09-23T12:14:54.318Z"}
{"level":"info","message":"⌛ Validating codigoRaton.wlk","timeElapsed":457,"timestamp":"2026-09-23T12:14:54.786Z"}
{"level":"info","message":"⌛ Validating codigoRaton.wlk","timeElapsed":153,"timestamp":"2026-09-23T12:14:54.949Z"}
{"level":"info","message":"⌛ Building environment","timeElapsed":142,"timestamp":"2026-09-23T12:14:55.101Z"}
{"level":"info","message":"⌛ Validating codigoRaton.wlk","timeElapsed":169,"timestamp":"2026-09-23T12:14:55.274Z"}
{"level":"info","message":"⌛ Validating codigoRaton.wlk","timeElapsed":167,"timestamp":"2026-09-23T12:14:55.538Z"}
{"level":"info","message":"⌛ Building environment","timeElapsed":165,"timestamp":"2026-09-23T12:14:55.716Z"}
{"level":"info","message":"⌛ Validating codigoRaton.wlk","timeElapsed":205,"timestamp":"2026-09-23T12:14:55.953Z"}
{"level":"info","message":"⌛ Validating codigoRaton.wlk","timeElapsed":200,"timestamp":"2026-09-23T12:14:56.163Z"}
{"level":"info","message":"⌛ Building environment","timeElapsed":395,"timestamp":"2026-09-23T12:27:01.189Z"}
{"level":"info","message":"⌛ Building environment","timeElapsed":165,"timestamp":"2026-09-23T12:27:01.357Z"}
{"level":"info","message":"⌛ Validating codigoRaton.wlk","timeElapsed":244,"timestamp":"2026-09-23T12:27:01.614Z"}
{"level":"info","message":"⌛ Validating codigoRaton.wlk","timeElapsed":216,"timestamp":"2026-09-23T12:27:01.854Z"}
{"level":"info","message":"⌛ Building environment","timeElapsed":192,"timestamp":"2026-09-23T12:27:02.101Z"}
{"level":"info","message":"⌛ Building environment","timeElapsed":162,"timestamp":"2026-09-23T12:27:02.273Z"}
{"level":"info","message":"⌛ Building environment","timeElapsed":293,"timestamp":"2026-09-23T12:27:02.568Z"}
{"level":"info","message":"⌛ Validating codigoRaton.wlk","timeElapsed":242,"timestamp":"2026-09-23T12:27:02.832Z"}
{"level":"info","message":"⌛ Validating codigoRaton.wlk","timeElapsed":222,"timestamp":"2026-09-23T12:27:03.071Z"}
{"level":"info","message":"⌛ Building environment","timeElapsed":152,"timestamp":"2026-09-23T12:27:03.230Z"}
{"level":"info","message":"⌛ Validating codigoRaton.wlk","timeElapsed":235,"timestamp":"2026-09-23T12:27:03.616Z"}
{"level":"info","message":"⌛ Building environment","timeElapsed":145,"timestamp":"2026-09-23T12:27:03.777Z"}
{"level":"info","message":"⌛ Building environment","timeElapsed":129,"timestamp":"2026-09-23T12:27:03.924Z"}
{"level":"info","message":"⌛ Building environment","timeElapsed":139,"timestamp":"2026-09-23T12:27:04.090Z"}
{"level":"info","message":"⌛ Validating codigoRaton.wlk","timeElapsed":191,"timestamp":"2026-09-23T12:27:04.285Z"}
{"level":"info","message":"⌛ Validating codigoRaton.wlk","timeElapsed":174,"timestamp":"2026-09-23T12:27:04.591Z"}
{"level":"info","message":"⌛ Validating codigoRaton.wlk","timeElapsed":404,"timestamp":"2026-09-23T12:27:05.004Z"}
{"level":"info","message":"⌛ Validating codigoRaton.wlk","timeElapsed":166,"timestamp":"2026-09-23T12:27:05.170Z"}
{"level":"info","message":"⌛ Building environment","timeElapsed":174,"timestamp":"2026-09-23T12:27:27.483Z"}
{"level":"info","message":"⌛ Validating codigoRaton.wlk","timeElapsed":247,"timestamp":"2026-09-23T12:27:27.735Z"}
{"level":"info","message":"⌛ Building environment","timeElapsed":164,"timestamp":"2026-09-23T12:27:27.906Z"}
{"level":"info","message":"⌛ Building environment","timeElapsed":306,"timestamp":"2026-09-23T12:27:28.214Z"}
{"level":"info","message":"⌛ Building environment","timeElapsed":173,"timestamp":"2026-09-23T12:27:28.393Z"}
{"level":"info","message":"⌛ Validating codigoRaton.wlk","timeElapsed":203,"timestamp":"2026-09-23T12:27:28.597Z"}
{"level":"info","message":"⌛ Building environment","timeElapsed":134,"timestamp":"2026-09-23T12:27:28.732Z"}
{"level":"info","message":"⌛ Building environment","timeElapsed":112,"timestamp":"2026-09-23T12:27:28.846Z"}
{"level":"info","message":"⌛ Validating codigoRaton.wlk","timeElapsed":192,"timestamp":"2026-09-23T12:27:29.071Z"}
{"level":"info","message":"⌛ Validating codigoRaton.wlk","timeElapsed":207,"timestamp":"2026-09-23T12:27:29.438Z"}
{"level":"info","message":"⌛ Validating codigoRaton.wlk","timeElapsed":162,"timestamp":"2026-09-23T12:27:29.605Z"}
{"level":"info","message":"⌛ Validating codigoRaton.wlk","timeElapsed":212,"timestamp":"2026-09-23T12:27:29.818Z"}
{"level":"info","message":"⌛ Building environment","timeElapsed":167,"timestamp":"2026-09-23T12:27:29.998Z"}
{"level":"info","message":"⌛ Building environment","timeElapsed":135,"timestamp":"2026-09-23T12:27:30.200Z"}
{"level":"info","message":"⌛ Building environment","timeElapsed":143,"timestamp":"2026-09-23T12:27:30.343Z"}
{"level":"info","message":"⌛ Building environment","timeElapsed":135,"timestamp":"2026-09-23T12:27:30.479Z"}
{"level":"info","message":"⌛ Validating codigoRaton.wlk","timeElapsed":203,"timestamp":"2026-09-23T12:27:30.737Z"}
{"level":"info","message":"⌛ Validating codigoRaton.wlk","timeElapsed":153,"timestamp":"2026-09-23T12:27:30.935Z"}
{"level":"info","message":"⌛ Validating codigoRaton.wlk","timeElapsed":156,"timestamp":"2026-09-23T12:27:31.092Z"}
{"level":"info","message":"⌛ Validating codigoRaton.wlk","timeElapsed":203,"timestamp":"2026-09-23T12:27:31.297Z"}
{"level":"info","message":"⌛ Building environment","timeElapsed":178,"timestamp":"2026-09-23T12:28:43.072Z"}
{"level":"info","message":"⌛ Validating codigoRaton.wlk","timeElapsed":243,"timestamp":"2026-09-23T12:28:43.338Z"}
{"level":"info","message":"⌛ Building environment","timeElapsed":166,"timestamp":"2026-09-23T12:28:43.524Z"}
{"level":"info","message":"⌛ Validating codigoRaton.wlk","timeElapsed":231,"timestamp":"2026-09-23T12:28:43.757Z"}
{"level":"info","message":"⌛ Building environment","timeElapsed":148,"timestamp":"2026-09-23T12:28:43.917Z"}
{"level":"info","message":"⌛ Validating codigoRaton.wlk","timeElapsed":171,"timestamp":"2026-09-23T12:28:44.205Z"}
{"level":"info","message":"⌛ Building environment","timeElapsed":187,"timestamp":"2026-09-23T12:28:44.436Z"}
{"level":"info","message":"⌛ Building environment","timeElapsed":186,"timestamp":"2026-09-23T12:28:44.684Z"}
{"level":"info","message":"⌛ Validating codigoRaton.wlk","timeElapsed":248,"timestamp":"2026-09-23T12:28:44.933Z"}
{"level":"info","message":"⌛ Building environment","timeElapsed":191,"timestamp":"2026-09-23T12:28:45.168Z"}
{"level":"info","message":"⌛ Validating codigoRaton.wlk","timeElapsed":305,"timestamp":"2026-09-23T12:28:45.529Z"}
{"level":"info","message":"⌛ Building environment","timeElapsed":197,"timestamp":"2026-09-23T12:28:45.775Z"}
{"level":"info","message":"⌛ Building environment","timeElapsed":174,"timestamp":"2026-09-23T12:28:45.951Z"}
{"level":"info","message":"⌛ Building environment","timeElapsed":162,"timestamp":"2026-09-23T12:28:46.186Z"}
{"level":"info","message":"⌛ Validating codigoRaton.wlk","timeElapsed":343,"timestamp":"2026-09-23T12:28:46.621Z"}
{"level":"info","message":"⌛ Building environment","timeElapsed":231,"timestamp":"2026-09-23T12:28:46.948Z"}
{"level":"info","message":"⌛ Building environment","timeElapsed":152,"timestamp":"2026-09-23T12:28:47.116Z"}
{"level":"info","message":"⌛ Building environment","timeElapsed":142,"timestamp":"2026-09-23T12:28:47.261Z"}
{"level":"info","message":"⌛ Validating codigoRaton.wlk","timeElapsed":184,"timestamp":"2026-09-23T12:28:47.446Z"}
{"level":"info","message":"⌛ Building environment","timeElapsed":186,"timestamp":"2026-09-23T12:28:47.635Z"}
{"level":"info","message":"⌛ Validating codigoRaton.wlk","timeElapsed":238,"timestamp":"2026-09-23T12:28:47.876Z"}
{"level":"info","message":"⌛ Building environment","timeElapsed":272,"timestamp":"2026-09-23T12:28:48.219Z"}
{"level":"info","message":"⌛ Validating codigoRaton.wlk","timeElapsed":221,"timestamp":"2026-09-23T12:28:48.443Z"}
{"level":"info","message":"⌛ Building environment","timeElapsed":142,"timestamp":"2026-09-23T12:28:48.609Z"}
{"level":"info","message":"⌛ Building environment","timeElapsed":144,"timestamp":"2026-09-23T12:28:48.756Z"}
{"level":"info","message":"⌛ Validating codigoRaton.wlk","timeElapsed":181,"timestamp":"2026-09-23T12:28:48.938Z"}
{"level":"info","message":"⌛ Validating codigoRaton.wlk","timeElapsed":158,"timestamp":"2026-09-23T12:28:49.117Z"}
{"level":"info","message":"⌛ Validating codigoRaton.wlk","timeElapsed":228,"timestamp":"2026-09-23T12:28:49.387Z"}
{"level":"info","message":"⌛ Validating codigoRaton.wlk","timeElapsed":159,"timestamp":"2026-09-23T12:28:49.547Z"}
{"level":"info","message":"⌛ Validating codigoRaton.wlk","timeElapsed":158,"timestamp":"2026-09-23T12:28:49.727Z"}
{"level":"info","message":"⌛ Validating codigoRaton.wlk","timeElapsed":165,"timestamp":"2026-09-23T12:28:49.893Z"}
{"level":"info","message":"⌛ Validating codigoRaton.wlk","timeElapsed":158,"timestamp":"2026-09-23T12:28:50.058Z"}
{"level":"info","message":"⌛ Building environment","timeElapsed":227,"timestamp":"2026-09-23T12:35:21.269Z"}
{"level":"info","message":"⌛ Building environment","timeElapsed":239,"timestamp":"2026-09-23T12:35:21.515Z"}
{"level":"info","message":"⌛ Validating codigoRaton.wlk","timeElapsed":277,"timestamp":"2026-09-23T12:35:21.840Z"}
{"level":"info","message":"⌛ Building environment","timeElapsed":233,"timestamp":"2026-09-23T12:35:22.079Z"}
{"level":"info","message":"⌛ Validating codigoRaton.wlk","timeElapsed":193,"timestamp":"2026-09-23T12:35:22.385Z"}
{"level":"info","message":"⌛ Building environment","timeElapsed":164,"timestamp":"2026-09-23T12:35:22.550Z"}
{"level":"info","message":"⌛ Building environment","timeElapsed":159,"timestamp":"2026-09-23T12:35:22.712Z"}
{"level":"info","message":"⌛ Building environment","timeElapsed":162,"timestamp":"2026-09-23T12:35:22.876Z"}
{"level":"info","message":"⌛ Building environment","timeElapsed":124,"timestamp":"2026-09-23T12:35:23.024Z"}
{"level":"info","message":"⌛ Validating codigoRaton.wlk","timeElapsed":336,"timestamp":"2026-09-23T12:35:23.461Z"}
{"level":"info","message":"⌛ Validating codigoRaton.wlk","timeElapsed":261,"timestamp":"2026-09-23T12:35:23.750Z"}
{"level":"info","message":"⌛ Validating codigoRaton.wlk","timeElapsed":215,"timestamp":"2026-09-23T12:35:23.976Z"}
{"level":"info","message":"⌛ Validating codigoRaton.wlk","timeElapsed":201,"timestamp":"2026-09-23T12:35:24.177Z"}
{"level":"info","message":"⌛ Validating codigoRaton.wlk","timeElapsed":450,"timestamp":"2026-09-23T12:35:24.632Z"}
{"level":"info","message":"⌛ Building environment","timeElapsed":174,"timestamp":"2026-09-23T12:35:24.808Z"}
{"level":"info","message":"⌛ Building environment","timeElapsed":132,"timestamp":"2026-09-23T12:35:24.978Z"}
{"level":"info","message":"⌛ Building environment","timeElapsed":130,"timestamp":"2026-09-23T12:35:25.116Z"}
{"level":"info","message":"⌛ Building environment","timeElapsed":116,"timestamp":"2026-09-23T12:35:25.258Z"}
{"level":"info","message":"⌛ Building environment","timeElapsed":154,"timestamp":"2026-09-23T12:35:25.547Z"}
{"level":"info","message":"⌛ Building environment","timeElapsed":128,"timestamp":"2026-09-23T12:35:25.678Z"}
{"level":"info","message":"⌛ Building environment","timeElapsed":180,"timestamp":"2026-09-23T12:35:25.870Z"}
{"level":"info","message":"⌛ Validating codigoRaton.wlk","timeElapsed":248,"timestamp":"2026-09-23T12:35:26.136Z"}
{"level":"info","message":"⌛ Validating codigoRaton.wlk","timeElapsed":213,"timestamp":"2026-09-23T12:35:26.358Z"}
{"level":"info","message":"⌛ Validating codigoRaton.wlk","timeElapsed":235,"timestamp":"2026-09-23T12:35:26.594Z"}
{"level":"info","message":"⌛ Validating codigoRaton.wlk","timeElapsed":233,"timestamp":"2026-09-23T12:35:26.941Z"}
{"level":"info","message":"⌛ Validating codigoRaton.wlk","timeElapsed":173,"timestamp":"2026-09-23T12:35:27.117Z"}
{"level":"info","message":"⌛ Validating codigoRaton.wlk","timeElapsed":180,"timestamp":"2026-09-23T12:35:27.302Z"}
{"level":"info","message":"⌛ Validating codigoRaton.wlk","timeElapsed":165,"timestamp":"2026-09-23T12:35:27.472Z"}
{"level":"info","message":"⌛ Building environment","timeElapsed":192,"timestamp":"2026-09-23T12:35:28.396Z"}
{"level":"info","message":"⌛ Validating codigoRaton.wlk","timeElapsed":214,"timestamp":"2026-09-23T12:35:28.611Z"}
{"level":"info","message":"⌛ Building environment","timeElapsed":137,"timestamp":"2026-09-23T12:35:28.750Z"}
{"level":"info","message":"⌛ Validating codigoRaton.wlk","timeElapsed":216,"timestamp":"2026-09-23T12:35:28.967Z"}
{"level":"info","message":"⌛ Building environment","timeElapsed":157,"timestamp":"2026-09-23T12:35:31.058Z"}
{"level":"info","message":"⌛ Validating codigoRaton.wlk","timeElapsed":217,"timestamp":"2026-09-23T12:35:31.292Z"}
{"level":"info","message":"⌛ Building environment","timeElapsed":146,"timestamp":"2026-09-23T12:35:31.440Z"}
{"level":"info","message":"⌛ Validating codigoRaton.wlk","timeElapsed":339,"timestamp":"2026-09-23T12:35:31.877Z"}
{"level":"info","message":"⌛ Building environment","timeElapsed":162,"timestamp":"2026-09-23T12:35:34.845Z"}
{"level":"info","message":"⌛ Validating codigoRaton.wlk","timeElapsed":184,"timestamp":"2026-09-23T12:35:35.032Z"}
{"level":"info","message":"⌛ Building environment","timeElapsed":186,"timestamp":"2026-09-23T12:35:45.339Z"}
{"level":"info","message":"⌛ Validating codigoRaton.wlk","timeElapsed":219,"timestamp":"2026-09-23T12:35:45.578Z"}
{"level":"info","message":"⌛ Building environment","timeElapsed":174,"timestamp":"2026-09-23T12:35:49.259Z"}
{"level":"info","message":"⌛ Validating codigoRaton.wlk","timeElapsed":186,"timestamp":"2026-09-23T12:35:49.459Z"}
{"level":"info","message":"⌛ Building environment","timeElapsed":149,"timestamp":"2026-09-23T12:36:00.863Z"}
{"level":"info","message":"⌛ Validating codigoRaton.wlk","timeElapsed":427,"timestamp":"2026-09-23T12:36:01.302Z"}
{"level":"info","message":"⌛ Building environment","timeElapsed":167,"timestamp":"2026-09-23T12:36:06.506Z"}
{"level":"info","message":"⌛ Validating codigoRaton.wlk","timeElapsed":193,"timestamp":"2026-09-23T12:36:06.711Z"}
{"level":"info","message":"⌛ Building environment","timeElapsed":166,"timestamp":"2026-09-23T12:36:07.510Z"}
{"level":"info","message":"⌛ Validating codigoRaton.wlk","timeElapsed":194,"timestamp":"2026-09-23T12:36:07.717Z"}
{"level":"info","message":"⌛ Building environment","timeElapsed":129,"timestamp":"2026-09-23T12:36:24.954Z"}
{"level":"info","message":"⌛ Validating codigoRaton.wlk","timeElapsed":223,"timestamp":"2026-09-23T12:36:25.192Z"}
{"level":"info","message":"⌛ Building environment","timeElapsed":190,"timestamp":"2026-09-23T12:36:25.446Z"}
{"level":"info","message":"⌛ Validating codigoRaton.wlk","timeElapsed":211,"timestamp":"2026-09-23T12:36:25.683Z"}
{"level":"info","message":"⌛ Building environment","timeElapsed":165,"timestamp":"2026-09-23T12:37:03.783Z"}
{"level":"info","message":"⌛ Validating codigoRaton.wlk","timeElapsed":240,"timestamp":"2026-09-23T12:37:04.026Z"}
{"level":"info","message":"⌛ Building environment","timeElapsed":177,"timestamp":"2026-09-23T12:37:04.208Z"}
{"level":"info","message":"⌛ Building environment","timeElapsed":113,"timestamp":"2026-09-23T12:37:04.348Z"}
{"level":"info","message":"⌛ Validating codigoRaton.wlk","timeElapsed":200,"timestamp":"2026-09-23T12:37:04.549Z"}
{"level":"info","message":"⌛ Validating codigoRaton.wlk","timeElapsed":207,"timestamp":"2026-09-23T12:37:04.840Z"}
{"level":"info","message":"⌛ Building environment","timeElapsed":220,"timestamp":"2026-09-23T12:37:05.063Z"}
{"level":"info","message":"⌛ Building environment","timeElapsed":188,"timestamp":"2026-09-23T12:37:05.332Z"}
{"level":"info","message":"⌛ Validating codigoRaton.wlk","timeElapsed":186,"timestamp":"2026-09-23T12:37:05.554Z"}
{"level":"info","message":"⌛ Building environment","timeElapsed":127,"timestamp":"2026-09-23T12:37:05.683Z"}
{"level":"info","message":"⌛ Building environment","timeElapsed":187,"timestamp":"2026-09-23T12:37:05.875Z"}
{"level":"info","message":"⌛ Validating codigoRaton.wlk","timeElapsed":543,"timestamp":"2026-09-23T12:37:06.438Z"}
{"level":"info","message":"⌛ Validating codigoRaton.wlk","timeElapsed":158,"timestamp":"2026-09-23T12:37:06.617Z"}
{"level":"info","message":"⌛ Building environment","timeElapsed":147,"timestamp":"2026-09-23T12:37:06.765Z"}
{"level":"info","message":"⌛ Validating codigoRaton.wlk","timeElapsed":185,"timestamp":"2026-09-23T12:37:06.953Z"}
{"level":"info","message":"⌛ Validating codigoRaton.wlk","timeElapsed":180,"timestamp":"2026-09-23T12:37:07.157Z"}
{"level":"info","message":"⌛ Building environment","timeElapsed":155,"timestamp":"2026-09-23T12:37:42.262Z"}
{"level":"info","message":"⌛ Validating codigoRaton.wlk","timeElapsed":233,"timestamp":"2026-09-23T12:37:42.500Z"}
{"level":"info","message":"⌛ Building environment","timeElapsed":190,"timestamp":"2026-09-23T12:37:42.691Z"}
{"level":"info","message":"⌛ Building environment","timeElapsed":294,"timestamp":"2026-09-23T12:37:42.988Z"}
{"level":"info","message":"⌛ Building environment","timeElapsed":205,"timestamp":"2026-09-23T12:37:43.197Z"}
{"level":"info","message":"⌛ Validating codigoRaton.wlk","timeElapsed":494,"timestamp":"2026-09-23T12:37:43.705Z"}
{"level":"info","message":"⌛ Building environment","timeElapsed":242,"timestamp":"2026-09-23T12:37:43.949Z"}
{"level":"info","message":"⌛ Validating codigoRaton.wlk","timeElapsed":174,"timestamp":"2026-09-23T12:37:44.131Z"}
{"level":"info","message":"⌛ Validating codigoRaton.wlk","timeElapsed":186,"timestamp":"2026-09-23T12:37:44.337Z"}
{"level":"info","message":"⌛ Building environment","timeElapsed":145,"timestamp":"2026-09-23T12:37:44.484Z"}
{"level":"info","message":"⌛ Autocomplete - Class","timeElapsed":126,"timestamp":"2026-09-23T12:37:44.614Z"}
{"level":"info","message":"⌛ Building environment","timeElapsed":197,"timestamp":"2026-09-23T12:37:44.825Z"}
{"level":"info","message":"⌛ Building environment","timeElapsed":171,"timestamp":"2026-09-23T12:37:45.009Z"}
{"level":"info","message":"⌛ Validating codigoRaton.wlk","timeElapsed":251,"timestamp":"2026-09-23T12:37:45.287Z"}
{"level":"info","message":"⌛ Validating codigoRaton.wlk","timeElapsed":189,"timestamp":"2026-09-23T12:37:45.493Z"}
{"level":"info","message":"⌛ Validating codigoRaton.wlk","timeElapsed":218,"timestamp":"2026-09-23T12:37:45.722Z"}
{"level":"info","message":"⌛ Validating codigoRaton.wlk","timeElapsed":202,"timestamp":"2026-09-23T12:37:46.008Z"}
{"level":"info","message":"⌛ Building environment","timeElapsed":189,"timestamp":"2026-09-23T12:38:25.413Z"}
{"level":"info","message":"⌛ Validating codigoRaton.wlk","timeElapsed":183,"timestamp":"2026-09-23T12:38:25.600Z"}
{"level":"info","message":"⌛ Building environment","timeElapsed":571,"timestamp":"2026-09-23T12:38:26.403Z"}
{"level":"info","message":"⌛ Building environment","timeElapsed":182,"timestamp":"2026-09-23T12:38:26.590Z"}
{"level":"info","message":"⌛ Building environment","timeElapsed":266,"timestamp":"2026-09-23T12:38:26.906Z"}
{"level":"info","message":"⌛ Building environment","timeElapsed":183,"timestamp":"2026-09-23T12:38:27.090Z"}
{"level":"info","message":"⌛ Building environment","timeElapsed":208,"timestamp":"2026-09-23T12:38:27.311Z"}
{"level":"info","message":"⌛ Building environment","timeElapsed":367,"timestamp":"2026-09-23T12:38:27.719Z"}
{"level":"info","message":"⌛ Building environment","timeElapsed":201,"timestamp":"2026-09-23T12:38:27.922Z"}
{"level":"info","message":"⌛ Building environment","timeElapsed":168,"timestamp":"2026-09-23T12:38:28.091Z"}
{"level":"info","message":"⌛ Building environment","timeElapsed":392,"timestamp":"2026-09-23T12:38:28.484Z"}
{"level":"info","message":"⌛ Building environment","timeElapsed":269,"timestamp":"2026-09-23T12:38:28.754Z"}
{"level":"info","message":"⌛ Building environment","timeElapsed":153,"timestamp":"2026-09-23T12:38:28.908Z"}
{"level":"info","message":"⌛ Building environment","timeElapsed":229,"timestamp":"2026-09-23T12:38:29.191Z"}
{"level":"info","message":"⌛ Building environment","timeElapsed":147,"timestamp":"2026-09-23T12:38:29.344Z"}
{"level":"info","message":"⌛ Building environment","timeElapsed":136,"timestamp":"2026-09-23T12:38:29.481Z"}
{"level":"info","message":"⌛ Building environment","timeElapsed":110,"timestamp":"2026-09-23T12:38:29.624Z"}
{"level":"info","message":"⌛ Validating codigoRaton.wlk","timeElapsed":189,"timestamp":"2026-09-23T12:38:29.816Z"}
{"level":"info","message":"⌛ Building environment","timeElapsed":135,"timestamp":"2026-09-23T12:38:29.955Z"}
{"level":"info","message":"⌛ Validating codigoRaton.wlk","timeElapsed":179,"timestamp":"2026-09-23T12:38:30.136Z"}
{"level":"info","message":"⌛ Building environment","timeElapsed":133,"timestamp":"2026-09-23T12:38:30.285Z"}
{"level":"info","message":"⌛ Validating codigoRaton.wlk","timeElapsed":179,"timestamp":"2026-09-23T12:38:30.465Z"}
{"level":"info","message":"⌛ Validating codigoRaton.wlk","timeElapsed":201,"timestamp":"2026-09-23T12:38:30.789Z"}
{"level":"info","message":"⌛ Building environment","timeElapsed":309,"timestamp":"2026-09-23T12:38:31.101Z"}
{"level":"info","message":"⌛ Building environment","timeElapsed":146,"timestamp":"2026-09-23T12:38:31.295Z"}
{"level":"info","message":"⌛ Validating codigoRaton.wlk","timeElapsed":172,"timestamp":"2026-09-23T12:38:31.469Z"}
{"level":"info","message":"⌛ Building environment","timeElapsed":123,"timestamp":"2026-09-23T12:38:31.611Z"}
{"level":"info","message":"⌛ Building environment","timeElapsed":113,"timestamp":"2026-09-23T12:38:31.730Z"}
{"level":"info","message":"⌛ Validating codigoRaton.wlk","timeElapsed":155,"timestamp":"2026-09-23T12:38:31.904Z"}
{"level":"info","message":"⌛ Building environment","timeElapsed":123,"timestamp":"2026-09-23T12:38:32.031Z"}
{"level":"info","message":"⌛ Validating codigoRaton.wlk","timeElapsed":171,"timestamp":"2026-09-23T12:38:32.204Z"}
{"level":"info","message":"⌛ Validating codigoRaton.wlk","timeElapsed":172,"timestamp":"2026-09-23T12:38:32.379Z"}
{"level":"info","message":"⌛ Validating codigoRaton.wlk","timeElapsed":249,"timestamp":"2026-09-23T12:38:32.735Z"}
{"level":"info","message":"⌛ Validating codigoRaton.wlk","timeElapsed":192,"timestamp":"2026-09-23T12:38:32.937Z"}
{"level":"info","message":"⌛ Validating codigoRaton.wlk","timeElapsed":155,"timestamp":"2026-09-23T12:38:33.092Z"}
{"level":"info","message":"⌛ Validating codigoRaton.wlk","timeElapsed":197,"timestamp":"2026-09-23T12:38:33.290Z"}
{"level":"info","message":"⌛ Validating codigoRaton.wlk","timeElapsed":158,"timestamp":"2026-09-23T12:38:33.449Z"}
{"level":"info","message":"⌛ Validating codigoRaton.wlk","timeElapsed":177,"timestamp":"2026-09-23T12:38:33.626Z"}
{"level":"info","message":"⌛ Validating codigoRaton.wlk","timeElapsed":229,"timestamp":"2026-09-23T12:38:33.855Z"}
{"level":"info","message":"⌛ Validating codigoRaton.wlk","timeElapsed":236,"timestamp":"2026-09-23T12:38:34.093Z"}
{"level":"info","message":"⌛ Validating codigoRaton.wlk","timeElapsed":221,"timestamp":"2026-09-23T12:38:34.323Z"}
{"level":"info","message":"⌛ Validating codigoRaton.wlk","timeElapsed":200,"timestamp":"2026-09-23T12:38:34.546Z"}
{"level":"info","message":"⌛ Validating codigoRaton.wlk","timeElapsed":288,"timestamp":"2026-09-23T12:38:34.837Z"}
{"level":"info","message":"⌛ Validating codigoRaton.wlk","timeElapsed":159,"timestamp":"2026-09-23T12:38:34.999Z"}
{"level":"info","message":"⌛ Validating codigoRaton.wlk","timeElapsed":521,"timestamp":"2026-09-23T12:38:35.529Z"}
{"level":"info","message":"⌛ Validating codigoRaton.wlk","timeElapsed":268,"timestamp":"2026-09-23T12:38:35.832Z"}
{"level":"info","message":"⌛ Building environment","timeElapsed":401,"timestamp":"2026-09-23T12:38:36.249Z"}
{"level":"info","message":"⌛ Building environment","timeElapsed":191,"timestamp":"2026-09-23T12:38:36.538Z"}
{"level":"info","message":"⌛ Building environment","timeElapsed":122,"timestamp":"2026-09-23T12:38:36.682Z"}
{"level":"info","message":"⌛ Building environment","timeElapsed":167,"timestamp":"2026-09-23T12:38:36.853Z"}
{"level":"info","message":"⌛ Building environment","timeElapsed":156,"timestamp":"2026-09-23T12:38:37.011Z"}
{"level":"info","message":"⌛ Building environment","timeElapsed":207,"timestamp":"2026-09-23T12:38:37.281Z"}
{"level":"info","message":"⌛ Building environment","timeElapsed":164,"timestamp":"2026-09-23T12:38:37.451Z"}
{"level":"info","message":"⌛ Building environment","timeElapsed":161,"timestamp":"2026-09-23T12:38:37.613Z"}
{"level":"info","message":"⌛ Building environment","timeElapsed":111,"timestamp":"2026-09-23T12:38:37.726Z"}
{"level":"info","message":"⌛ Building environment","timeElapsed":113,"timestamp":"2026-09-23T12:38:37.877Z"}
{"level":"info","message":"⌛ Building environment","timeElapsed":183,"timestamp":"2026-09-23T12:38:38.079Z"}
{"level":"info","message":"⌛ Building environment","timeElapsed":145,"timestamp":"2026-09-23T12:38:38.231Z"}
{"level":"info","message":"⌛ Building environment","timeElapsed":333,"timestamp":"2026-09-23T12:38:38.611Z"}
{"level":"info","message":"⌛ Building environment","timeElapsed":140,"timestamp":"2026-09-23T12:38:38.756Z"}
{"level":"info","message":"⌛ Validating codigoRaton.wlk","timeElapsed":294,"timestamp":"2026-09-23T12:38:39.061Z"}
{"level":"info","message":"⌛ Building environment","timeElapsed":161,"timestamp":"2026-09-23T12:38:39.229Z"}
{"level":"info","message":"⌛ Building environment","timeElapsed":159,"timestamp":"2026-09-23T12:38:39.389Z"}
{"level":"info","message":"⌛ Validating codigoRaton.wlk","timeElapsed":186,"timestamp":"2026-09-23T12:38:39.575Z"}
{"level":"info","message":"⌛ Validating codigoRaton.wlk","timeElapsed":198,"timestamp":"2026-09-23T12:38:39.810Z"}
{"level":"info","message":"⌛ Validating codigoRaton.wlk","timeElapsed":173,"timestamp":"2026-09-23T12:38:39.984Z"}
{"level":"info","message":"⌛ Validating codigoRaton.wlk","timeElapsed":280,"timestamp":"2026-09-23T12:38:40.265Z"}
{"level":"info","message":"⌛ Validating codigoRaton.wlk","timeElapsed":400,"timestamp":"2026-09-23T12:38:40.753Z"}
{"level":"info","message":"⌛ Validating codigoRaton.wlk","timeElapsed":290,"timestamp":"2026-09-23T12:38:41.053Z"}
{"level":"info","message":"⌛ Validating codigoRaton.wlk","timeElapsed":991,"timestamp":"2026-09-23T12:38:42.046Z"}
{"level":"info","message":"⌛ Validating codigoRaton.wlk","timeElapsed":198,"timestamp":"2026-09-23T12:38:42.250Z"}
{"level":"info","message":"⌛ Validating codigoRaton.wlk","timeElapsed":185,"timestamp":"2026-09-23T12:38:42.436Z"}
{"level":"info","message":"⌛ Validating codigoRaton.wlk","timeElapsed":510,"timestamp":"2026-09-23T12:38:42.947Z"}
{"level":"info","message":"⌛ Validating codigoRaton.wlk","timeElapsed":320,"timestamp":"2026-09-23T12:38:43.272Z"}
{"level":"info","message":"⌛ Validating codigoRaton.wlk","timeElapsed":261,"timestamp":"2026-09-23T12:38:43.533Z"}
{"level":"info","message":"⌛ Validating codigoRaton.wlk","timeElapsed":154,"timestamp":"2026-09-23T12:38:43.707Z"}
{"level":"info","message":"⌛ Building environment","timeElapsed":234,"timestamp":"2026-09-23T12:38:43.943Z"}
{"level":"info","message":"⌛ Validating codigoRaton.wlk","timeElapsed":208,"timestamp":"2026-09-23T12:38:44.151Z"}
{"level":"info","message":"⌛ Validating codigoRaton.wlk","timeElapsed":235,"timestamp":"2026-09-23T12:38:44.493Z"}
{"level":"info","message":"⌛ Validating codigoRaton.wlk","timeElapsed":198,"timestamp":"2026-09-23T12:38:44.693Z"}
{"level":"info","message":"⌛ Building environment","timeElapsed":179,"timestamp":"2026-09-23T12:38:44.882Z"}
{"level":"info","message":"⌛ Building environment","timeElapsed":172,"timestamp":"2026-09-23T12:38:45.192Z"}
{"level":"info","message":"⌛ Validating codigoRaton.wlk","timeElapsed":218,"timestamp":"2026-09-23T12:38:45.443Z"}
{"level":"info","message":"⌛ Building environment","timeElapsed":218,"timestamp":"2026-09-23T12:38:45.671Z"}
{"level":"info","message":"⌛ Validating codigoRaton.wlk","timeElapsed":216,"timestamp":"2026-09-23T12:38:45.936Z"}
{"level":"info","message":"⌛ Building environment","timeElapsed":190,"timestamp":"2026-09-23T12:38:46.129Z"}
{"level":"info","message":"⌛ Building environment","timeElapsed":148,"timestamp":"2026-09-23T12:38:46.280Z"}
{"level":"info","message":"⌛ Validating codigoRaton.wlk","timeElapsed":195,"timestamp":"2026-09-23T12:38:46.505Z"}
{"level":"info","message":"⌛ Building environment","timeElapsed":173,"timestamp":"2026-09-23T12:38:46.679Z"}
{"level":"info","message":"⌛ Validating codigoRaton.wlk","timeElapsed":314,"timestamp":"2026-09-23T12:38:46.995Z"}
{"level":"info","message":"⌛ Validating codigoRaton.wlk","timeElapsed":667,"timestamp":"2026-09-23T12:38:47.715Z"}
{"level":"info","message":"⌛ Building environment","timeElapsed":186,"timestamp":"2026-09-23T12:38:47.919Z"}
{"level":"info","message":"⌛ Validating codigoRaton.wlk","timeElapsed":167,"timestamp":"2026-09-23T12:38:48.161Z"}
{"level":"info","message":"⌛ Building environment","timeElapsed":113,"timestamp":"2026-09-23T12:38:48.280Z"}
{"level":"info","message":"⌛ Building environment","timeElapsed":197,"timestamp":"2026-09-23T12:38:48.478Z"}
{"level":"info","message":"⌛ Building environment","timeElapsed":153,"timestamp":"2026-09-23T12:38:48.668Z"}
{"level":"info","message":"⌛ Building environment","timeElapsed":282,"timestamp":"2026-09-23T12:38:48.976Z"}
{"level":"info","message":"⌛ Building environment","timeElapsed":240,"timestamp":"2026-09-23T12:38:49.382Z"}
{"level":"info","message":"⌛ Building environment","timeElapsed":130,"timestamp":"2026-09-23T12:38:49.550Z"}
{"level":"info","message":"⌛ Validating codigoRaton.wlk","timeElapsed":232,"timestamp":"2026-09-23T12:38:49.786Z"}
{"level":"info","message":"⌛ Validating codigoRaton.wlk","timeElapsed":257,"timestamp":"2026-09-23T12:38:50.083Z"}
{"level":"info","message":"⌛ Building environment","timeElapsed":217,"timestamp":"2026-09-23T12:38:50.301Z"}
{"level":"info","message":"⌛ Validating codigoRaton.wlk","timeElapsed":219,"timestamp":"2026-09-23T12:38:50.525Z"}
{"level":"info","message":"⌛ Building environment","timeElapsed":162,"timestamp":"2026-09-23T12:38:50.836Z"}
{"level":"info","message":"⌛ Validating codigoRaton.wlk","timeElapsed":209,"timestamp":"2026-09-23T12:38:51.048Z"}
{"level":"info","message":"⌛ Building environment","timeElapsed":131,"timestamp":"2026-09-23T12:38:51.182Z"}
{"level":"info","message":"⌛ Building environment","timeElapsed":153,"timestamp":"2026-09-23T12:38:51.340Z"}
{"level":"info","message":"⌛ Validating codigoRaton.wlk","timeElapsed":246,"timestamp":"2026-09-23T12:38:51.589Z"}
{"level":"info","message":"⌛ Building environment","timeElapsed":504,"timestamp":"2026-09-23T12:38:52.100Z"}
{"level":"info","message":"⌛ Building environment","timeElapsed":150,"timestamp":"2026-09-23T12:38:52.252Z"}
{"level":"info","message":"⌛ Validating codigoRaton.wlk","timeElapsed":259,"timestamp":"2026-09-23T12:38:52.551Z"}
{"level":"info","message":"⌛ Validating codigoRaton.wlk","timeElapsed":162,"timestamp":"2026-09-23T12:38:52.728Z"}
{"level":"info","message":"⌛ Building environment","timeElapsed":196,"timestamp":"2026-09-23T12:38:52.927Z"}
{"level":"info","message":"⌛ Building environment","timeElapsed":130,"timestamp":"2026-09-23T12:38:53.060Z"}
{"level":"error","message":"✘ Completions for node Send ([52:8, 52:29] - codigoRaton.wlk) failed: Error: [Send]{ef9859} at codigoRaton.wlk:52 exhausted all cases without a match [Send]{ef9859} at codigoRaton.wlk:52 exhausted all cases without a match","stack":"Error: [Send]{ef9859} at codigoRaton.wlk:52 exhausted all cases without a match\n    at c:\\Users\\sotoj\\.vscode\\extensions\\uqbar.wollok-lsp-ide-0.5.5\\out\\server\\src\\server.js:38:6142\n    at L2 (c:\\Users\\sotoj\\.vscode\\extensions\\uqbar.wollok-lsp-ide-0.5.5\\out\\server\\src\\server.js:2421:42)\n    at Jh (c:\\Users\\sotoj\\.vscode\\extensions\\uqbar.wollok-lsp-ide-0.5.5\\out\\server\\src\\server.js:2421:1092)\n    at w5n (c:\\Users\\sotoj\\.vscode\\extensions\\uqbar.wollok-lsp-ide-0.5.5\\out\\server\\src\\server.js:2421:1248)\n    at c:\\Users\\sotoj\\.vscode\\extensions\\uqbar.wollok-lsp-ide-0.5.5\\out\\server\\src\\server.js:38:6131\n    at L2 (c:\\Users\\sotoj\\.vscode\\extensions\\uqbar.wollok-lsp-ide-0.5.5\\out\\server\\src\\server.js:2421:42)\n    at c:\\Users\\sotoj\\.vscode\\extensions\\uqbar.wollok-lsp-ide-0.5.5\\out\\server\\src\\server.js:2421:2988\n    at c:\\Users\\sotoj\\.vscode\\extensions\\uqbar.wollok-lsp-ide-0.5.5\\out\\server\\src\\server.js:2430:8440\n    at c:\\Users\\sotoj\\.vscode\\extensions\\uqbar.wollok-lsp-ide-0.5.5\\out\\server\\src\\server.js:37:74872\n    at Ke (c:\\Users\\sotoj\\.vscode\\extensions\\uqbar.wollok-lsp-ide-0.5.5\\out\\server\\src\\server.js:7:8527)","timestamp":"2026-09-23T12:38:53.102Z"}
{"level":"info","message":"⌛ Building environment","timeElapsed":143,"timestamp":"2026-09-23T12:38:53.252Z"}
{"level":"info","message":"⌛ Validating codigoRaton.wlk","timeElapsed":188,"timestamp":"2026-09-23T12:38:53.443Z"}
{"level":"info","message":"⌛ Building environment","timeElapsed":202,"timestamp":"2026-09-23T12:38:53.646Z"}
{"level":"info","message":"⌛ Validating codigoRaton.wlk","timeElapsed":296,"timestamp":"2026-09-23T12:38:54.011Z"}
{"level":"info","message":"⌛ Validating codigoRaton.wlk","timeElapsed":828,"timestamp":"2026-09-23T12:38:54.853Z"}
{"level":"info","message":"⌛ Validating codigoRaton.wlk","timeElapsed":196,"timestamp":"2026-09-23T12:38:55.061Z"}
{"level":"info","message":"⌛ Building environment","timeElapsed":272,"timestamp":"2026-09-23T12:38:55.333Z"}
{"level":"info","message":"⌛ Validating codigoRaton.wlk","timeElapsed":191,"timestamp":"2026-09-23T12:38:55.556Z"}
{"level":"info","message":"⌛ Validating codigoRaton.wlk","timeElapsed":176,"timestamp":"2026-09-23T12:38:55.740Z"}
{"level":"info","message":"⌛ Validating codigoRaton.wlk","timeElapsed":169,"timestamp":"2026-09-23T12:38:55.917Z"}
{"level":"info","message":"⌛ Validating codigoRaton.wlk","timeElapsed":164,"timestamp":"2026-09-23T12:38:56.093Z"}
{"level":"info","message":"⌛ Validating codigoRaton.wlk","timeElapsed":178,"timestamp":"2026-09-23T12:38:56.272Z"}
{"level":"info","message":"⌛ Validating codigoRaton.wlk","timeElapsed":172,"timestamp":"2026-09-23T12:38:56.444Z"}
{"level":"info","message":"⌛ Validating codigoRaton.wlk","timeElapsed":597,"timestamp":"2026-09-23T12:38:57.185Z"}
{"level":"info","message":"⌛ Building environment","timeElapsed":199,"timestamp":"2026-09-23T12:39:09.362Z"}
{"level":"error","message":"✘ Completions for node Parameter ([36:21, 36:22] - codigoRaton.wlk) failed: Error: [Parameter]{b85cc9} at codigoRaton.wlk:36 exhausted all cases without a match [Parameter]{b85cc9} at codigoRaton.wlk:36 exhausted all cases without a match","stack":"Error: [Parameter]{b85cc9} at codigoRaton.wlk:36 exhausted all cases without a match\n    at c:\\Users\\sotoj\\.vscode\\extensions\\uqbar.wollok-lsp-ide-0.5.5\\out\\server\\src\\server.js:38:6142\n    at L2 (c:\\Users\\sotoj\\.vscode\\extensions\\uqbar.wollok-lsp-ide-0.5.5\\out\\server\\src\\server.js:2421:42)\n    at c:\\Users\\sotoj\\.vscode\\extensions\\uqbar.wollok-lsp-ide-0.5.5\\out\\server\\src\\server.js:2421:2988\n    at c:\\Users\\sotoj\\.vscode\\extensions\\uqbar.wollok-lsp-ide-0.5.5\\out\\server\\src\\server.js:2430:8440\n    at c:\\Users\\sotoj\\.vscode\\extensions\\uqbar.wollok-lsp-ide-0.5.5\\out\\server\\src\\server.js:37:74872\n    at Ke (c:\\Users\\sotoj\\.vscode\\extensions\\uqbar.wollok-lsp-ide-0.5.5\\out\\server\\src\\server.js:7:8527)\n    at It (c:\\Users\\sotoj\\.vscode\\extensions\\uqbar.wollok-lsp-ide-0.5.5\\out\\server\\src\\server.js:7:6189)\n    at et (c:\\Users\\sotoj\\.vscode\\extensions\\uqbar.wollok-lsp-ide-0.5.5\\out\\server\\src\\server.js:7:6378)\n    at Immediate._onImmediate (c:\\Users\\sotoj\\.vscode\\extensions\\uqbar.wollok-lsp-ide-0.5.5\\out\\server\\src\\server.js:7:6142)\n    at process.processImmediate (node:internal/timers:504:21)","timestamp":"2026-09-23T12:39:09.398Z"}
{"level":"info","message":"⌛ Validating codigoRaton.wlk","timeElapsed":197,"timestamp":"2026-09-23T12:39:09.600Z"}
{"level":"info","message":"⌛ Building environment","timeElapsed":155,"timestamp":"2026-09-23T12:39:09.922Z"}
{"level":"info","message":"⌛ Validating codigoRaton.wlk","timeElapsed":232,"timestamp":"2026-09-23T12:39:10.167Z"}
{"level":"info","message":"⌛ Building environment","timeElapsed":123,"timestamp":"2026-09-23T12:39:10.291Z"}
{"level":"info","message":"⌛ Validating codigoRaton.wlk","timeElapsed":216,"timestamp":"2026-09-23T12:39:10.515Z"}
{"level":"info","message":"⌛ Building environment","timeElapsed":163,"timestamp":"2026-09-23T12:39:11.316Z"}
{"level":"info","message":"⌛ Validating codigoRaton.wlk","timeElapsed":182,"timestamp":"2026-09-23T12:39:11.500Z"}
{"level":"info","message":"⌛ Building environment","timeElapsed":153,"timestamp":"2026-09-23T12:39:12.000Z"}
{"level":"info","message":"⌛ Validating codigoRaton.wlk","timeElapsed":281,"timestamp":"2026-09-23T12:39:12.283Z"}
{"level":"info","message":"⌛ Building environment","timeElapsed":124,"timestamp":"2026-09-23T12:39:12.413Z"}
{"level":"info","message":"⌛ Building environment","timeElapsed":170,"timestamp":"2026-09-23T12:39:12.648Z"}
{"level":"info","message":"⌛ Validating codigoRaton.wlk","timeElapsed":183,"timestamp":"2026-09-23T12:39:12.844Z"}
{"level":"info","message":"⌛ Validating codigoRaton.wlk","timeElapsed":169,"timestamp":"2026-09-23T12:39:13.034Z"}
{"level":"info","message":"⌛ Building environment","timeElapsed":148,"timestamp":"2026-09-23T12:39:19.341Z"}
{"level":"info","message":"⌛ Validating codigoRaton.wlk","timeElapsed":441,"timestamp":"2026-09-23T12:39:19.807Z"}
{"level":"info","message":"⌛ Building environment","timeElapsed":220,"timestamp":"2026-09-23T12:39:20.208Z"}
{"level":"info","message":"⌛ Building environment","timeElapsed":164,"timestamp":"2026-09-23T12:39:20.437Z"}
{"level":"info","message":"⌛ Validating codigoRaton.wlk","timeElapsed":178,"timestamp":"2026-09-23T12:39:20.656Z"}
{"level":"info","message":"⌛ Building environment","timeElapsed":133,"timestamp":"2026-09-23T12:39:20.791Z"}
{"level":"error","message":"✘ Completions for node Parameter ([36:21, 36:26] - codigoRaton.wlk) failed: Error: [Parameter]{b3f482} at codigoRaton.wlk:36 exhausted all cases without a match [Parameter]{b3f482} at codigoRaton.wlk:36 exhausted all cases without a match","stack":"Error: [Parameter]{b3f482} at codigoRaton.wlk:36 exhausted all cases without a match\n    at c:\\Users\\sotoj\\.vscode\\extensions\\uqbar.wollok-lsp-ide-0.5.5\\out\\server\\src\\server.js:38:6142\n    at L2 (c:\\Users\\sotoj\\.vscode\\extensions\\uqbar.wollok-lsp-ide-0.5.5\\out\\server\\src\\server.js:2421:42)\n    at c:\\Users\\sotoj\\.vscode\\extensions\\uqbar.wollok-lsp-ide-0.5.5\\out\\server\\src\\server.js:2421:2988\n    at c:\\Users\\sotoj\\.vscode\\extensions\\uqbar.wollok-lsp-ide-0.5.5\\out\\server\\src\\server.js:2430:8440\n    at c:\\Users\\sotoj\\.vscode\\extensions\\uqbar.wollok-lsp-ide-0.5.5\\out\\server\\src\\server.js:37:74872\n    at Ke (c:\\Users\\sotoj\\.vscode\\extensions\\uqbar.wollok-lsp-ide-0.5.5\\out\\server\\src\\server.js:7:8527)\n    at It (c:\\Users\\sotoj\\.vscode\\extensions\\uqbar.wollok-lsp-ide-0.5.5\\out\\server\\src\\server.js:7:6189)\n    at et (c:\\Users\\sotoj\\.vscode\\extensions\\uqbar.wollok-lsp-ide-0.5.5\\out\\server\\src\\server.js:7:6378)\n    at Immediate._onImmediate (c:\\Users\\sotoj\\.vscode\\extensions\\uqbar.wollok-lsp-ide-0.5.5\\out\\server\\src\\server.js:7:6142)\n    at process.processImmediate (node:internal/timers:504:21)","timestamp":"2026-09-23T12:39:20.839Z"}
{"level":"info","message":"⌛ Building environment","timeElapsed":164,"timestamp":"2026-09-23T12:39:21.022Z"}
{"level":"info","message":"⌛ Validating codigoRaton.wlk","timeElapsed":206,"timestamp":"2026-09-23T12:39:21.230Z"}
{"level":"info","message":"⌛ Validating codigoRaton.wlk","timeElapsed":179,"timestamp":"2026-09-23T12:39:21.526Z"}
{"level":"info","message":"⌛ Validating codigoRaton.wlk","timeElapsed":187,"timestamp":"2026-09-23T12:39:21.725Z"}
{"level":"info","message":"⌛ Building environment","timeElapsed":478,"timestamp":"2026-09-23T12:42:17.536Z"}
{"level":"info","message":"⌛ Validating codigoRaton.wlk","timeElapsed":222,"timestamp":"2026-09-23T12:42:17.861Z"}
{"level":"info","message":"⌛ Building environment","timeElapsed":181,"timestamp":"2026-09-23T12:42:18.044Z"}
{"level":"info","message":"⌛ Validating codigoRaton.wlk","timeElapsed":178,"timestamp":"2026-09-23T12:42:18.236Z"}
{"level":"info","message":"⌛ Building environment","timeElapsed":179,"timestamp":"2026-09-23T12:42:21.946Z"}
{"level":"info","message":"⌛ Validating codigoRaton.wlk","timeElapsed":262,"timestamp":"2026-09-23T12:42:22.285Z"}
{"level":"info","message":"⌛ Building environment","timeElapsed":198,"timestamp":"2026-09-23T12:42:22.486Z"}
{"level":"info","message":"⌛ Building environment","timeElapsed":154,"timestamp":"2026-09-23T12:42:22.641Z"}
{"level":"info","message":"⌛ Building environment","timeElapsed":240,"timestamp":"2026-09-23T12:42:22.884Z"}
{"level":"info","message":"⌛ Validating codigoRaton.wlk","timeElapsed":186,"timestamp":"2026-09-23T12:42:23.072Z"}
{"level":"info","message":"⌛ Validating codigoRaton.wlk","timeElapsed":171,"timestamp":"2026-09-23T12:42:23.269Z"}
{"level":"info","message":"⌛ Validating codigoRaton.wlk","timeElapsed":223,"timestamp":"2026-09-23T12:42:23.495Z"}
{"level":"info","message":"⌛ Building environment","timeElapsed":146,"timestamp":"2026-09-23T12:42:23.642Z"}
{"level":"info","message":"⌛ Validating codigoRaton.wlk","timeElapsed":242,"timestamp":"2026-09-23T12:42:23.942Z"}
{"level":"info","message":"⌛ Building environment","timeElapsed":532,"timestamp":"2026-09-23T12:42:25.404Z"}
{"level":"info","message":"⌛ Building environment","timeElapsed":207,"timestamp":"2026-09-23T12:42:25.637Z"}
{"level":"info","message":"⌛ Building environment","timeElapsed":123,"timestamp":"2026-09-23T12:42:25.837Z"}
{"level":"info","message":"⌛ Validating codigoRaton.wlk","timeElapsed":212,"timestamp":"2026-09-23T12:42:26.084Z"}
{"level":"info","message":"⌛ Validating codigoRaton.wlk","timeElapsed":164,"timestamp":"2026-09-23T12:42:26.339Z"}
{"level":"info","message":"⌛ Building environment","timeElapsed":163,"timestamp":"2026-09-23T12:42:26.511Z"}
{"level":"info","message":"⌛ Validating codigoRaton.wlk","timeElapsed":161,"timestamp":"2026-09-23T12:42:26.691Z"}
{"level":"info","message":"⌛ Building environment","timeElapsed":179,"timestamp":"2026-09-23T12:42:26.871Z"}
{"level":"info","message":"⌛ Validating codigoRaton.wlk","timeElapsed":186,"timestamp":"2026-09-23T12:42:27.113Z"}
{"level":"info","message":"⌛ Building environment","timeElapsed":143,"timestamp":"2026-09-23T12:42:27.337Z"}
{"level":"info","message":"⌛ Validating codigoRaton.wlk","timeElapsed":233,"timestamp":"2026-09-23T12:42:27.571Z"}
{"level":"info","message":"⌛ Validating codigoRaton.wlk","timeElapsed":244,"timestamp":"2026-09-23T12:42:27.838Z"}
{"level":"info","message":"⌛ Building environment","timeElapsed":127,"timestamp":"2026-09-23T12:42:27.981Z"}
{"level":"info","message":"⌛ Building environment","timeElapsed":125,"timestamp":"2026-09-23T12:42:28.108Z"}
{"level":"info","message":"⌛ Validating codigoRaton.wlk","timeElapsed":166,"timestamp":"2026-09-23T12:42:28.291Z"}
{"level":"info","message":"⌛ Validating codigoRaton.wlk","timeElapsed":190,"timestamp":"2026-09-23T12:42:28.551Z"}
{"level":"info","message":"⌛ Building environment","timeElapsed":169,"timestamp":"2026-09-23T12:42:31.458Z"}
{"level":"info","message":"⌛ Validating codigoRaton.wlk","timeElapsed":193,"timestamp":"2026-09-23T12:42:31.669Z"}
{"level":"info","message":"⌛ Building environment","timeElapsed":158,"timestamp":"2026-09-23T12:42:32.134Z"}
{"level":"info","message":"⌛ Building environment","timeElapsed":136,"timestamp":"2026-09-23T12:42:32.349Z"}
{"level":"info","message":"⌛ Validating codigoRaton.wlk","timeElapsed":533,"timestamp":"2026-09-23T12:42:32.943Z"}
{"level":"info","message":"⌛ Validating codigoRaton.wlk","timeElapsed":275,"timestamp":"2026-09-23T12:42:33.278Z"}
{"level":"info","message":"⌛ Building environment","timeElapsed":387,"timestamp":"2026-09-23T12:42:33.667Z"}
{"level":"info","message":"⌛ Building environment","timeElapsed":196,"timestamp":"2026-09-23T12:42:33.868Z"}
{"level":"info","message":"⌛ Building environment","timeElapsed":144,"timestamp":"2026-09-23T12:42:34.014Z"}
{"level":"info","message":"⌛ Building environment","timeElapsed":155,"timestamp":"2026-09-23T12:42:34.222Z"}
{"level":"info","message":"⌛ Building environment","timeElapsed":178,"timestamp":"2026-09-23T12:42:34.405Z"}
{"level":"info","message":"⌛ Building environment","timeElapsed":279,"timestamp":"2026-09-23T12:42:34.714Z"}
{"level":"info","message":"⌛ Building environment","timeElapsed":251,"timestamp":"2026-09-23T12:42:34.968Z"}
{"level":"info","message":"⌛ Building environment","timeElapsed":183,"timestamp":"2026-09-23T12:42:35.152Z"}
{"level":"info","message":"⌛ Validating codigoRaton.wlk","timeElapsed":207,"timestamp":"2026-09-23T12:42:35.360Z"}
{"level":"info","message":"⌛ Building environment","timeElapsed":138,"timestamp":"2026-09-23T12:42:35.502Z"}
{"level":"info","message":"⌛ Validating codigoRaton.wlk","timeElapsed":170,"timestamp":"2026-09-23T12:42:35.673Z"}
{"level":"info","message":"⌛ Validating codigoRaton.wlk","timeElapsed":195,"timestamp":"2026-09-23T12:42:36.004Z"}
{"level":"info","message":"⌛ Validating codigoRaton.wlk","timeElapsed":175,"timestamp":"2026-09-23T12:42:36.190Z"}
{"level":"info","message":"⌛ Validating codigoRaton.wlk","timeElapsed":161,"timestamp":"2026-09-23T12:42:36.353Z"}
{"level":"info","message":"⌛ Building environment","timeElapsed":188,"timestamp":"2026-09-23T12:42:36.550Z"}
{"level":"info","message":"⌛ Validating codigoRaton.wlk","timeElapsed":177,"timestamp":"2026-09-23T12:42:36.731Z"}
{"level":"info","message":"⌛ Building environment","timeElapsed":118,"timestamp":"2026-09-23T12:42:36.871Z"}
{"level":"info","message":"⌛ Validating codigoRaton.wlk","timeElapsed":177,"timestamp":"2026-09-23T12:42:37.051Z"}
{"level":"info","message":"⌛ Building environment","timeElapsed":119,"timestamp":"2026-09-23T12:42:37.174Z"}
{"level":"info","message":"⌛ Validating codigoRaton.wlk","timeElapsed":169,"timestamp":"2026-09-23T12:42:37.346Z"}
{"level":"info","message":"⌛ Validating codigoRaton.wlk","timeElapsed":170,"timestamp":"2026-09-23T12:42:37.633Z"}
{"level":"info","message":"⌛ Validating codigoRaton.wlk","timeElapsed":179,"timestamp":"2026-09-23T12:42:37.831Z"}
{"level":"info","message":"⌛ Validating codigoRaton.wlk","timeElapsed":155,"timestamp":"2026-09-23T12:42:37.999Z"}
{"level":"info","message":"⌛ Validating codigoRaton.wlk","timeElapsed":153,"timestamp":"2026-09-23T12:42:38.164Z"}
{"level":"info","message":"⌛ Building environment","timeElapsed":282,"timestamp":"2026-09-23T12:45:16.938Z"}
{"level":"info","message":"⌛ Validating codigoRaton.wlk","timeElapsed":201,"timestamp":"2026-09-23T12:45:17.189Z"}
{"level":"info","message":"⌛ Building environment","timeElapsed":442,"timestamp":"2026-09-23T12:45:17.697Z"}
{"level":"info","message":"⌛ Building environment","timeElapsed":463,"timestamp":"2026-09-23T12:45:18.162Z"}
{"level":"info","message":"⌛ Building environment","timeElapsed":499,"timestamp":"2026-09-23T12:45:18.901Z"}
{"level":"info","message":"⌛ Building environment","timeElapsed":273,"timestamp":"2026-09-23T12:45:19.179Z"}
{"level":"info","message":"⌛ Building environment","timeElapsed":151,"timestamp":"2026-09-23T12:45:19.344Z"}
{"level":"info","message":"⌛ Building environment","timeElapsed":165,"timestamp":"2026-09-23T12:45:19.522Z"}
{"level":"info","message":"⌛ Building environment","timeElapsed":267,"timestamp":"2026-09-23T12:45:19.837Z"}
{"level":"info","message":"⌛ Building environment","timeElapsed":278,"timestamp":"2026-09-23T12:45:20.126Z"}
{"level":"info","message":"⌛ Building environment","timeElapsed":240,"timestamp":"2026-09-23T12:45:20.368Z"}
{"level":"info","message":"⌛ Building environment","timeElapsed":147,"timestamp":"2026-09-23T12:45:20.515Z"}
{"level":"info","message":"⌛ Building environment","timeElapsed":137,"timestamp":"2026-09-23T12:45:20.686Z"}
{"level":"info","message":"⌛ Building environment","timeElapsed":183,"timestamp":"2026-09-23T12:45:20.912Z"}
{"level":"info","message":"⌛ Building environment","timeElapsed":177,"timestamp":"2026-09-23T12:45:21.093Z"}
{"level":"info","message":"⌛ Building environment","timeElapsed":322,"timestamp":"2026-09-23T12:45:21.439Z"}
{"level":"info","message":"⌛ Validating codigoRaton.wlk","timeElapsed":198,"timestamp":"2026-09-23T12:45:21.640Z"}
{"level":"info","message":"⌛ Building environment","timeElapsed":151,"timestamp":"2026-09-23T12:45:21.794Z"}
{"level":"info","message":"⌛ Building environment","timeElapsed":133,"timestamp":"2026-09-23T12:45:21.927Z"}
{"level":"info","message":"⌛ Building environment","timeElapsed":120,"timestamp":"2026-09-23T12:45:22.071Z"}
{"level":"info","message":"⌛ Building environment","timeElapsed":315,"timestamp":"2026-09-23T12:45:22.428Z"}
{"level":"info","message":"⌛ Building environment","timeElapsed":428,"timestamp":"2026-09-23T12:45:22.884Z"}
{"level":"info","message":"⌛ Building environment","timeElapsed":134,"timestamp":"2026-09-23T12:45:23.046Z"}
{"level":"info","message":"⌛ Validating codigoRaton.wlk","timeElapsed":216,"timestamp":"2026-09-23T12:45:23.265Z"}
{"level":"info","message":"⌛ Building environment","timeElapsed":407,"timestamp":"2026-09-23T12:45:23.723Z"}
{"level":"info","message":"⌛ Building environment","timeElapsed":165,"timestamp":"2026-09-23T12:45:23.890Z"}
{"level":"info","message":"⌛ Building environment","timeElapsed":218,"timestamp":"2026-09-23T12:45:24.110Z"}
{"level":"info","message":"⌛ Building environment","timeElapsed":137,"timestamp":"2026-09-23T12:45:24.280Z"}
{"level":"info","message":"⌛ Validating codigoRaton.wlk","timeElapsed":230,"timestamp":"2026-09-23T12:45:24.538Z"}
{"level":"info","message":"⌛ Building environment","timeElapsed":145,"timestamp":"2026-09-23T12:45:24.698Z"}
{"level":"info","message":"⌛ Validating codigoRaton.wlk","timeElapsed":174,"timestamp":"2026-09-23T12:45:24.899Z"}
{"level":"info","message":"⌛ Validating codigoRaton.wlk","timeElapsed":183,"timestamp":"2026-09-23T12:45:25.103Z"}
{"level":"info","message":"⌛ Validating codigoRaton.wlk","timeElapsed":183,"timestamp":"2026-09-23T12:45:25.290Z"}
{"level":"info","message":"⌛ Validating codigoRaton.wlk","timeElapsed":170,"timestamp":"2026-09-23T12:45:25.463Z"}
{"level":"info","message":"⌛ Validating codigoRaton.wlk","timeElapsed":171,"timestamp":"2026-09-23T12:45:25.637Z"}
{"level":"info","message":"⌛ Validating codigoRaton.wlk","timeElapsed":154,"timestamp":"2026-09-23T12:45:25.799Z"}
{"level":"info","message":"⌛ Validating codigoRaton.wlk","timeElapsed":156,"timestamp":"2026-09-23T12:45:25.962Z"}
{"level":"info","message":"⌛ Validating codigoRaton.wlk","timeElapsed":157,"timestamp":"2026-09-23T12:45:26.124Z"}
{"level":"info","message":"⌛ Validating codigoRaton.wlk","timeElapsed":252,"timestamp":"2026-09-23T12:45:26.380Z"}
{"level":"info","message":"⌛ Validating codigoRaton.wlk","timeElapsed":163,"timestamp":"2026-09-23T12:45:26.552Z"}
{"level":"info","message":"⌛ Validating codigoRaton.wlk","timeElapsed":230,"timestamp":"2026-09-23T12:45:26.786Z"}
{"level":"info","message":"⌛ Validating codigoRaton.wlk","timeElapsed":396,"timestamp":"2026-09-23T12:45:27.186Z"}
{"level":"info","message":"⌛ Validating codigoRaton.wlk","timeElapsed":668,"timestamp":"2026-09-23T12:45:27.870Z"}
{"level":"info","message":"⌛ Validating codigoRaton.wlk","timeElapsed":170,"timestamp":"2026-09-23T12:45:28.045Z"}
{"level":"info","message":"⌛ Validating codigoRaton.wlk","timeElapsed":715,"timestamp":"2026-09-23T12:45:28.771Z"}
{"level":"info","message":"⌛ Validating codigoRaton.wlk","timeElapsed":298,"timestamp":"2026-09-23T12:45:29.106Z"}
{"level":"info","message":"⌛ Validating codigoRaton.wlk","timeElapsed":243,"timestamp":"2026-09-23T12:45:29.353Z"}
{"level":"info","message":"⌛ Validating codigoRaton.wlk","timeElapsed":220,"timestamp":"2026-09-23T12:45:29.594Z"}
{"level":"info","message":"⌛ Validating codigoRaton.wlk","timeElapsed":217,"timestamp":"2026-09-23T12:45:29.823Z"}
{"level":"info","message":"⌛ Validating codigoRaton.wlk","timeElapsed":220,"timestamp":"2026-09-23T12:45:30.052Z"}
{"level":"info","message":"⌛ Validating codigoRaton.wlk","timeElapsed":186,"timestamp":"2026-09-23T12:45:30.251Z"}
{"level":"info","message":"⌛ Validating codigoRaton.wlk","timeElapsed":176,"timestamp":"2026-09-23T12:45:30.434Z"}
{"level":"info","message":"⌛ Building environment","timeElapsed":202,"timestamp":"2026-09-23T12:45:49.933Z"}
{"level":"info","message":"⌛ Building environment","timeElapsed":172,"timestamp":"2026-09-23T12:45:50.130Z"}
{"level":"info","message":"⌛ Validating codigoRaton.wlk","timeElapsed":185,"timestamp":"2026-09-23T12:45:50.315Z"}
{"level":"info","message":"⌛ Building environment","timeElapsed":148,"timestamp":"2026-09-23T12:45:50.464Z"}
{"level":"info","message":"⌛ Validating codigoRaton.wlk","timeElapsed":202,"timestamp":"2026-09-23T12:45:50.668Z"}
{"level":"info","message":"⌛ Building environment","timeElapsed":461,"timestamp":"2026-09-23T12:45:51.131Z"}
{"level":"info","message":"⌛ Validating codigoRaton.wlk","timeElapsed":172,"timestamp":"2026-09-23T12:45:51.305Z"}
{"level":"info","message":"⌛ Building environment","timeElapsed":160,"timestamp":"2026-09-23T12:45:51.477Z"}
{"level":"info","message":"⌛ Building environment","timeElapsed":645,"timestamp":"2026-09-23T12:45:52.133Z"}
{"level":"info","message":"⌛ Validating codigoRaton.wlk","timeElapsed":260,"timestamp":"2026-09-23T12:45:52.393Z"}
{"level":"info","message":"⌛ Validating codigoRaton.wlk","timeElapsed":165,"timestamp":"2026-09-23T12:45:52.586Z"}
{"level":"info","message":"⌛ Building environment","timeElapsed":228,"timestamp":"2026-09-23T12:45:52.822Z"}
{"level":"info","message":"⌛ Building environment","timeElapsed":129,"timestamp":"2026-09-23T12:45:52.966Z"}
{"level":"info","message":"⌛ Building environment","timeElapsed":511,"timestamp":"2026-09-23T12:45:53.483Z"}
{"level":"info","message":"⌛ Validating codigoRaton.wlk","timeElapsed":258,"timestamp":"2026-09-23T12:45:53.801Z"}
{"level":"info","message":"⌛ Building environment","timeElapsed":274,"timestamp":"2026-09-23T12:45:54.076Z"}
{"level":"info","message":"⌛ Building environment","timeElapsed":148,"timestamp":"2026-09-23T12:45:54.224Z"}
{"level":"info","message":"⌛ Building environment","timeElapsed":140,"timestamp":"2026-09-23T12:45:54.366Z"}
{"level":"info","message":"⌛ Validating codigoRaton.wlk","timeElapsed":157,"timestamp":"2026-09-23T12:45:54.533Z"}
{"level":"info","message":"⌛ Validating codigoRaton.wlk","timeElapsed":151,"timestamp":"2026-09-23T12:45:54.696Z"}
{"level":"info","message":"⌛ Building environment","timeElapsed":120,"timestamp":"2026-09-23T12:45:54.819Z"}
{"level":"info","message":"⌛ Building environment","timeElapsed":230,"timestamp":"2026-09-23T12:45:55.109Z"}
{"level":"info","message":"⌛ Validating codigoRaton.wlk","timeElapsed":187,"timestamp":"2026-09-23T12:45:55.323Z"}
{"level":"info","message":"⌛ Building environment","timeElapsed":130,"timestamp":"2026-09-23T12:45:55.481Z"}
{"level":"info","message":"⌛ Building environment","timeElapsed":134,"timestamp":"2026-09-23T12:45:55.644Z"}
{"level":"info","message":"⌛ Validating codigoRaton.wlk","timeElapsed":224,"timestamp":"2026-09-23T12:45:55.906Z"}
{"level":"info","message":"⌛ Validating codigoRaton.wlk","timeElapsed":218,"timestamp":"2026-09-23T12:45:56.142Z"}
{"level":"info","message":"⌛ Validating codigoRaton.wlk","timeElapsed":177,"timestamp":"2026-09-23T12:45:56.321Z"}
{"level":"info","message":"⌛ Validating codigoRaton.wlk","timeElapsed":230,"timestamp":"2026-09-23T12:45:56.555Z"}
{"level":"info","message":"⌛ Validating codigoRaton.wlk","timeElapsed":509,"timestamp":"2026-09-23T12:45:57.209Z"}
{"level":"info","message":"⌛ Validating codigoRaton.wlk","timeElapsed":179,"timestamp":"2026-09-23T12:45:57.392Z"}
{"level":"info","message":"⌛ Validating codigoRaton.wlk","timeElapsed":164,"timestamp":"2026-09-23T12:45:57.572Z"}
{"level":"info","message":"⌛ Building environment","timeElapsed":198,"timestamp":"2026-09-23T12:46:06.020Z"}
{"level":"info","message":"⌛ Validating codigoRaton.wlk","timeElapsed":213,"timestamp":"2026-09-23T12:46:06.237Z"}
{"level":"info","message":"⌛ Building environment","timeElapsed":169,"timestamp":"2026-09-23T12:46:06.522Z"}
{"level":"info","message":"⌛ Validating codigoRaton.wlk","timeElapsed":245,"timestamp":"2026-09-23T12:46:06.771Z"}
{"level":"info","message":"⌛ Building environment","timeElapsed":137,"timestamp":"2026-09-23T12:46:06.923Z"}
{"level":"info","message":"⌛ Validating codigoRaton.wlk","timeElapsed":221,"timestamp":"2026-09-23T12:46:07.150Z"}
{"level":"info","message":"⌛ Building environment","timeElapsed":138,"timestamp":"2026-09-23T12:46:07.302Z"}
{"level":"info","message":"⌛ Validating codigoRaton.wlk","timeElapsed":189,"timestamp":"2026-09-23T12:46:07.492Z"}
{"level":"info","message":"⌛ Building environment","timeElapsed":155,"timestamp":"2026-09-23T12:46:57.923Z"}
{"level":"info","message":"⌛ Validating codigoRaton.wlk","timeElapsed":176,"timestamp":"2026-09-23T12:46:58.115Z"}
{"level":"info","message":"⌛ Building environment","timeElapsed":481,"timestamp":"2026-09-23T12:46:58.992Z"}
{"level":"info","message":"⌛ Building environment","timeElapsed":254,"timestamp":"2026-09-23T12:46:59.358Z"}
{"level":"info","message":"⌛ Building environment","timeElapsed":184,"timestamp":"2026-09-23T12:46:59.610Z"}
{"level":"info","message":"⌛ Validating codigoRaton.wlk","timeElapsed":219,"timestamp":"2026-09-23T12:46:59.831Z"}
{"level":"info","message":"⌛ Building environment","timeElapsed":221,"timestamp":"2026-09-23T12:47:00.061Z"}
{"level":"info","message":"⌛ Building environment","timeElapsed":137,"timestamp":"2026-09-23T12:47:00.202Z"}
{"level":"info","message":"⌛ Validating codigoRaton.wlk","timeElapsed":176,"timestamp":"2026-09-23T12:47:00.383Z"}
{"level":"info","message":"⌛ Building environment","timeElapsed":198,"timestamp":"2026-09-23T12:47:00.649Z"}
{"level":"info","message":"⌛ Building environment","timeElapsed":147,"timestamp":"2026-09-23T12:47:00.802Z"}
{"level":"info","message":"⌛ Validating codigoRaton.wlk","timeElapsed":235,"timestamp":"2026-09-23T12:47:01.043Z"}
{"level":"info","message":"⌛ Validating codigoRaton.wlk","timeElapsed":208,"timestamp":"2026-09-23T12:47:01.271Z"}
{"level":"info","message":"⌛ Validating codigoRaton.wlk","timeElapsed":176,"timestamp":"2026-09-23T12:47:01.454Z"}
{"level":"info","message":"⌛ Validating codigoRaton.wlk","timeElapsed":161,"timestamp":"2026-09-23T12:47:01.626Z"}
{"level":"info","message":"⌛ Validating codigoRaton.wlk","timeElapsed":207,"timestamp":"2026-09-23T12:47:01.835Z"}
{"level":"info","message":"⌛ Building environment","timeElapsed":165,"timestamp":"2026-09-23T12:47:02.001Z"}
{"level":"info","message":"⌛ Building environment","timeElapsed":151,"timestamp":"2026-09-23T12:47:02.153Z"}
{"level":"info","message":"⌛ Building environment","timeElapsed":148,"timestamp":"2026-09-23T12:47:02.309Z"}
{"level":"info","message":"⌛ Validating codigoRaton.wlk","timeElapsed":153,"timestamp":"2026-09-23T12:47:02.490Z"}
{"level":"info","message":"⌛ Validating codigoRaton.wlk","timeElapsed":160,"timestamp":"2026-09-23T12:47:02.661Z"}
{"level":"info","message":"⌛ Validating codigoRaton.wlk","timeElapsed":205,"timestamp":"2026-09-23T12:47:02.866Z"}
{"level":"info","message":"⌛ Building environment","timeElapsed":217,"timestamp":"2026-09-23T12:47:03.092Z"}
{"level":"error","message":"✘ Completions for node Send (undefined - codigoRaton.wlk) failed: Error: [Send]{ddffff} at codigoRaton.wlk:-- exhausted all cases without a match [Send]{ddffff} at codigoRaton.wlk:-- exhausted all cases without a match","stack":"Error: [Send]{ddffff} at codigoRaton.wlk:-- exhausted all cases without a match\n    at c:\\Users\\sotoj\\.vscode\\extensions\\uqbar.wollok-lsp-ide-0.5.5\\out\\server\\src\\server.js:38:6142\n    at L2 (c:\\Users\\sotoj\\.vscode\\extensions\\uqbar.wollok-lsp-ide-0.5.5\\out\\server\\src\\server.js:2421:42)\n    at Jh (c:\\Users\\sotoj\\.vscode\\extensions\\uqbar.wollok-lsp-ide-0.5.5\\out\\server\\src\\server.js:2421:1092)\n    at w5n (c:\\Users\\sotoj\\.vscode\\extensions\\uqbar.wollok-lsp-ide-0.5.5\\out\\server\\src\\server.js:2421:1248)\n    at c:\\Users\\sotoj\\.vscode\\extensions\\uqbar.wollok-lsp-ide-0.5.5\\out\\server\\src\\server.js:38:6131\n    at L2 (c:\\Users\\sotoj\\.vscode\\extensions\\uqbar.wollok-lsp-ide-0.5.5\\out\\server\\src\\server.js:2421:42)\n    at c:\\Users\\sotoj\\.vscode\\extensions\\uqbar.wollok-lsp-ide-0.5.5\\out\\server\\src\\server.js:2421:2988\n    at c:\\Users\\sotoj\\.vscode\\extensions\\uqbar.wollok-lsp-ide-0.5.5\\out\\server\\src\\server.js:2430:8440\n    at c:\\Users\\sotoj\\.vscode\\extensions\\uqbar.wollok-lsp-ide-0.5.5\\out\\server\\src\\server.js:37:74872\n    at Ke (c:\\Users\\sotoj\\.vscode\\extensions\\uqbar.wollok-lsp-ide-0.5.5\\out\\server\\src\\server.js:7:8527)","timestamp":"2026-09-23T12:47:03.154Z"}
{"level":"error","message":"✘ Completions for node Assignment ([39:9, 39:20] - codigoRaton.wlk) failed: Error: [Assignment]{96dd4b} at codigoRaton.wlk:39 exhausted all cases without a match [Assignment]{96dd4b} at codigoRaton.wlk:39 exhausted all cases without a match","stack":"Error: [Assignment]{96dd4b} at codigoRaton.wlk:39 exhausted all cases without a match\n    at c:\\Users\\sotoj\\.vscode\\extensions\\uqbar.wollok-lsp-ide-0.5.5\\out\\server\\src\\server.js:38:6142\n    at L2 (c:\\Users\\sotoj\\.vscode\\extensions\\uqbar.wollok-lsp-ide-0.5.5\\out\\server\\src\\server.js:2421:42)\n    at Jh (c:\\Users\\sotoj\\.vscode\\extensions\\uqbar.wollok-lsp-ide-0.5.5\\out\\server\\src\\server.js:2421:1092)\n    at L2 (c:\\Users\\sotoj\\.vscode\\extensions\\uqbar.wollok-lsp-ide-0.5.5\\out\\server\\src\\server.js:2421:544)\n    at Jh (c:\\Users\\sotoj\\.vscode\\extensions\\uqbar.wollok-lsp-ide-0.5.5\\out\\server\\src\\server.js:2421:1092)\n    at w5n (c:\\Users\\sotoj\\.vscode\\extensions\\uqbar.wollok-lsp-ide-0.5.5\\out\\server\\src\\server.js:2421:1248)\n    at c:\\Users\\sotoj\\.vscode\\extensions\\uqbar.wollok-lsp-ide-0.5.5\\out\\server\\src\\server.js:38:6131\n    at L2 (c:\\Users\\sotoj\\.vscode\\extensions\\uqbar.wollok-lsp-ide-0.5.5\\out\\server\\src\\server.js:2421:42)\n    at c:\\Users\\sotoj\\.vscode\\extensions\\uqbar.wollok-lsp-ide-0.5.5\\out\\server\\src\\server.js:2421:2988\n    at c:\\Users\\sotoj\\.vscode\\extensions\\uqbar.wollok-lsp-ide-0.5.5\\out\\server\\src\\server.js:2430:8440","timestamp":"2026-09-23T12:47:03.155Z"}
{"level":"info","message":"⌛ Building environment","timeElapsed":165,"timestamp":"2026-09-23T12:47:03.356Z"}
{"level":"info","message":"⌛ Validating codigoRaton.wlk","timeElapsed":508,"timestamp":"2026-09-23T12:47:03.908Z"}
{"level":"info","message":"⌛ Building environment","timeElapsed":158,"timestamp":"2026-09-23T12:47:04.076Z"}
{"level":"info","message":"⌛ Building environment","timeElapsed":128,"timestamp":"2026-09-23T12:47:04.206Z"}
{"level":"info","message":"⌛ Validating codigoRaton.wlk","timeElapsed":180,"timestamp":"2026-09-23T12:47:04.388Z"}
{"level":"info","message":"⌛ Building environment","timeElapsed":448,"timestamp":"2026-09-23T12:47:04.879Z"}
{"level":"info","message":"⌛ Building environment","timeElapsed":236,"timestamp":"2026-09-23T12:47:05.117Z"}
{"level":"info","message":"⌛ Validating codigoRaton.wlk","timeElapsed":310,"timestamp":"2026-09-23T12:47:05.443Z"}
{"level":"info","message":"⌛ Validating codigoRaton.wlk","timeElapsed":232,"timestamp":"2026-09-23T12:47:05.694Z"}
{"level":"info","message":"⌛ Validating codigoRaton.wlk","timeElapsed":192,"timestamp":"2026-09-23T12:47:05.887Z"}
{"level":"info","message":"⌛ Validating codigoRaton.wlk","timeElapsed":228,"timestamp":"2026-09-23T12:47:06.117Z"}
{"level":"info","message":"⌛ Building environment","timeElapsed":201,"timestamp":"2026-09-23T12:47:06.349Z"}
{"level":"info","message":"⌛ Validating codigoRaton.wlk","timeElapsed":237,"timestamp":"2026-09-23T12:47:06.625Z"}
{"level":"info","message":"⌛ Building environment","timeElapsed":252,"timestamp":"2026-09-23T12:49:18.046Z"}
{"level":"info","message":"⌛ Validating juegoRaton.wpgm","timeElapsed":200,"timestamp":"2026-09-23T12:49:18.248Z"}
{"level":"info","message":"⌛ Building environment","timeElapsed":803,"timestamp":"2026-09-23T12:49:39.237Z"}
{"level":"info","message":"⌛ Validating juegoRaton.wpgm","timeElapsed":583,"timestamp":"2026-09-23T12:49:40.684Z"}
{"level":"info","message":"⌛ Validating codigoRaton.wlk","timeElapsed":484,"timestamp":"2026-09-23T12:49:41.172Z"}
{"level":"info","message":"⌛ Building environment","timeElapsed":564,"timestamp":"2026-09-23T12:49:41.739Z"}
{"level":"info","message":"⌛ Validating juegoRaton.wpgm","timeElapsed":560,"timestamp":"2026-09-23T12:49:42.306Z"}
{"level":"info","message":"⌛ Validating codigoRaton.wlk","timeElapsed":725,"timestamp":"2026-09-23T12:49:43.112Z"}
{"level":"info","message":"🚀 Program executed \u001b[3m\u001b[34mjuegoRaton.rataThief\u001b[39m\u001b[23m on \u001b[3m\u001b[34mc:\\Users\\sotoj\\OneDrive\\Desktop\\RataThief\u001b[39m\u001b[23m","ok":true,"timeElapsed":1737,"timestamp":"2026-09-23T12:49:51.257Z"}
{"exitCode":"SIGHUP","level":"info","message":"👾 Game executed juegoRaton.rataThief on c:\\Users\\sotoj\\OneDrive\\Desktop\\RataThief","timeElapsed":54657,"timestamp":"2026-09-23T12:50:44.175Z"}
{"level":"info","message":"🚀 Program executed \u001b[3m\u001b[34mjuegoRaton.rataThief\u001b[39m\u001b[23m on \u001b[3m\u001b[34mc:\\Users\\sotoj\\OneDrive\\Desktop\\RataThief\u001b[39m\u001b[23m","ok":true,"timeElapsed":1494,"timestamp":"2026-09-23T12:50:50.500Z"}
{"exitCode":"SIGHUP","level":"info","message":"👾 Game executed juegoRaton.rataThief on c:\\Users\\sotoj\\OneDrive\\Desktop\\RataThief","timeElapsed":66035,"timestamp":"2026-09-23T12:51:55.032Z"}
{"level":"info","message":"⌛ Building environment","timeElapsed":279,"timestamp":"2026-09-23T12:56:28.614Z"}
{"level":"info","message":"⌛ Building environment","timeElapsed":315,"timestamp":"2026-09-23T12:56:29.062Z"}
{"level":"info","message":"⌛ Validating codigoRaton.wlk","timeElapsed":287,"timestamp":"2026-09-23T12:56:29.351Z"}
{"level":"info","message":"⌛ Building environment","timeElapsed":575,"timestamp":"2026-09-23T12:56:29.940Z"}
{"level":"info","message":"⌛ Building environment","timeElapsed":263,"timestamp":"2026-09-23T12:56:30.313Z"}
{"level":"info","message":"⌛ Building environment","timeElapsed":162,"timestamp":"2026-09-23T12:56:30.481Z"}
{"level":"info","message":"⌛ Validating codigoRaton.wlk","timeElapsed":190,"timestamp":"2026-09-23T12:56:30.673Z"}
{"level":"info","message":"⌛ Building environment","timeElapsed":169,"timestamp":"2026-09-23T12:56:30.863Z"}
{"level":"info","message":"⌛ Building environment","timeElapsed":131,"timestamp":"2026-09-23T12:56:31.016Z"}
{"level":"info","message":"⌛ Building environment","timeElapsed":286,"timestamp":"2026-09-23T12:56:31.304Z"}
{"level":"info","message":"⌛ Building environment","timeElapsed":224,"timestamp":"2026-09-23T12:56:31.533Z"}
{"level":"info","message":"⌛ Validating codigoRaton.wlk","timeElapsed":235,"timestamp":"2026-09-23T12:56:31.768Z"}
{"level":"info","message":"⌛ Validating codigoRaton.wlk","timeElapsed":222,"timestamp":"2026-09-23T12:56:32.027Z"}
{"level":"info","message":"⌛ Validating codigoRaton.wlk","timeElapsed":182,"timestamp":"2026-09-23T12:56:32.212Z"}
{"level":"info","message":"⌛ Validating codigoRaton.wlk","timeElapsed":167,"timestamp":"2026-09-23T12:56:32.386Z"}
{"level":"info","message":"⌛ Validating codigoRaton.wlk","timeElapsed":158,"timestamp":"2026-09-23T12:56:32.552Z"}
{"level":"info","message":"⌛ Validating codigoRaton.wlk","timeElapsed":163,"timestamp":"2026-09-23T12:56:32.715Z"}
{"level":"info","message":"⌛ Validating codigoRaton.wlk","timeElapsed":182,"timestamp":"2026-09-23T12:56:32.903Z"}
{"level":"info","message":"🚀 Program executed \u001b[3m\u001b[34mjuegoRaton.rataThief\u001b[39m\u001b[23m on \u001b[3m\u001b[34mc:\\Users\\sotoj\\OneDrive\\Desktop\\RataThief\u001b[39m\u001b[23m","ok":true,"timeElapsed":1255,"timestamp":"2026-09-23T12:56:51.386Z"}
{"exitCode":"SIGHUP","level":"info","message":"👾 Game executed juegoRaton.rataThief on c:\\Users\\sotoj\\OneDrive\\Desktop\\RataThief","timeElapsed":69190,"timestamp":"2026-09-23T12:57:59.316Z"}
{"level":"info","message":"🚀 Program executed \u001b[3m\u001b[34mjuegoRaton.rataThief\u001b[39m\u001b[23m on \u001b[3m\u001b[34mc:\\Users\\sotoj\\OneDrive\\Desktop\\RataThief\u001b[39m\u001b[23m","ok":true,"timeElapsed":1280,"timestamp":"2026-09-23T13:01:18.078Z"}
{"exitCode":"SIGHUP","level":"info","message":"👾 Game executed juegoRaton.rataThief on c:\\Users\\sotoj\\OneDrive\\Desktop\\RataThief","timeElapsed":117956,"timestamp":"2026-09-23T13:03:14.750Z"}
{"level":"info","message":"🚀 Program executed \u001b[3m\u001b[34mjuegoRaton.rataThief\u001b[39m\u001b[23m on \u001b[3m\u001b[34mc:\\Users\\sotoj\\OneDrive\\Desktop\\RataThief\u001b[39m\u001b[23m","ok":true,"timeElapsed":1243,"timestamp":"2026-09-23T13:03:36.132Z"}
{"level":"info","message":"⌛ Building environment","timeElapsed":272,"timestamp":"2026-09-23T13:07:58.668Z"}
{"level":"info","message":"⌛ Validating codigoRaton.wlk","timeElapsed":199,"timestamp":"2026-09-23T13:07:58.883Z"}
{"level":"info","message":"⌛ Building environment","timeElapsed":241,"timestamp":"2026-09-23T13:07:59.220Z"}
{"level":"info","message":"⌛ Building environment","timeElapsed":190,"timestamp":"2026-09-23T13:07:59.412Z"}
{"level":"info","message":"⌛ Validating codigoRaton.wlk","timeElapsed":514,"timestamp":"2026-09-23T13:08:00.253Z"}
{"level":"info","message":"⌛ Validating codigoRaton.wlk","timeElapsed":180,"timestamp":"2026-09-23T13:08:00.457Z"}
{"level":"info","message":"⌛ Building environment","timeElapsed":190,"timestamp":"2026-09-23T13:08:00.651Z"}
{"level":"info","message":"⌛ Building environment","timeElapsed":149,"timestamp":"2026-09-23T13:08:00.813Z"}
{"level":"info","message":"⌛ Building environment","timeElapsed":189,"timestamp":"2026-09-23T13:08:01.005Z"}
{"level":"info","message":"⌛ Validating codigoRaton.wlk","timeElapsed":288,"timestamp":"2026-09-23T13:08:01.408Z"}
{"level":"info","message":"⌛ Validating codigoRaton.wlk","timeElapsed":177,"timestamp":"2026-09-23T13:08:01.600Z"}
{"level":"info","message":"⌛ Building environment","timeElapsed":196,"timestamp":"2026-09-23T13:08:01.803Z"}
{"level":"info","message":"⌛ Validating codigoRaton.wlk","timeElapsed":211,"timestamp":"2026-09-23T13:08:02.016Z"}
{"level":"info","message":"⌛ Validating codigoRaton.wlk","timeElapsed":247,"timestamp":"2026-09-23T13:08:02.288Z"}
{"level":"info","message":"⌛ Building environment","timeElapsed":153,"timestamp":"2026-09-23T13:08:09.509Z"}
{"level":"info","message":"⌛ Validating codigoRaton.wlk","timeElapsed":217,"timestamp":"2026-09-23T13:08:09.738Z"}
{"level":"info","message":"⌛ Building environment","timeElapsed":160,"timestamp":"2026-09-23T13:08:09.899Z"}
{"level":"info","message":"⌛ Building environment","timeElapsed":153,"timestamp":"2026-09-23T13:08:10.056Z"}
{"level":"info","message":"⌛ Validating codigoRaton.wlk","timeElapsed":255,"timestamp":"2026-09-23T13:08:10.313Z"}
{"level":"info","message":"⌛ Validating codigoRaton.wlk","timeElapsed":205,"timestamp":"2026-09-23T13:08:10.532Z"}
{"level":"info","message":"⌛ Building environment","timeElapsed":173,"timestamp":"2026-09-23T13:08:10.708Z"}
{"level":"info","message":"⌛ Building environment","timeElapsed":169,"timestamp":"2026-09-23T13:08:10.902Z"}
{"level":"info","message":"⌛ Building environment","timeElapsed":132,"timestamp":"2026-09-23T13:08:11.044Z"}
{"level":"info","message":"⌛ Validating codigoRaton.wlk","timeElapsed":170,"timestamp":"2026-09-23T13:08:11.239Z"}
{"level":"info","message":"⌛ Validating codigoRaton.wlk","timeElapsed":163,"timestamp":"2026-09-23T13:08:11.416Z"}
{"level":"info","message":"⌛ Validating codigoRaton.wlk","timeElapsed":202,"timestamp":"2026-09-23T13:08:11.622Z"}
{"level":"info","message":"⌛ Building environment","timeElapsed":149,"timestamp":"2026-09-23T13:08:11.779Z"}
{"level":"info","message":"⌛ Validating codigoRaton.wlk","timeElapsed":200,"timestamp":"2026-09-23T13:08:11.998Z"}
{"exitCode":"SIGHUP","level":"info","message":"👾 Game executed juegoRaton.rataThief on c:\\Users\\sotoj\\OneDrive\\Desktop\\RataThief","timeElapsed":293894,"timestamp":"2026-09-23T13:08:28.779Z"}
{"level":"info","message":"🚀 Program executed \u001b[3m\u001b[34mjuegoRaton.rataThief\u001b[39m\u001b[23m on \u001b[3m\u001b[34mc:\\Users\\sotoj\\OneDrive\\Desktop\\RataThief\u001b[39m\u001b[23m","ok":true,"timeElapsed":1218,"timestamp":"2026-09-23T13:08:46.211Z"}
{"exitCode":"SIGHUP","level":"info","message":"👾 Game executed juegoRaton.rataThief on c:\\Users\\sotoj\\OneDrive\\Desktop\\RataThief","timeElapsed":378365,"timestamp":"2026-09-23T13:15:03.368Z"}
{"level":"info","message":"⌛ Building environment","timeElapsed":624,"timestamp":"2026-09-23T13:15:21.344Z"}
{"level":"info","message":"⌛ Building environment","timeElapsed":482,"timestamp":"2026-09-23T13:15:21.830Z"}
{"level":"info","message":"Removing diagnostics from /c:/Users/sotoj/OneDrive/Desktop/RataThief/assets/raton.png","timestamp":"2026-09-23T13:15:21.948Z"}
{"level":"info","message":"🚀 Program executed \u001b[3m\u001b[34mjuegoRaton.rataThief\u001b[39m\u001b[23m on \u001b[3m\u001b[34mc:\\Users\\sotoj\\OneDrive\\Desktop\\RataThief\u001b[39m\u001b[23m","ok":true,"timeElapsed":1228,"timestamp":"2026-09-23T13:16:35.831Z"}
{"exitCode":"SIGHUP","level":"info","message":"👾 Game executed juegoRaton.rataThief on c:\\Users\\sotoj\\OneDrive\\Desktop\\RataThief","timeElapsed":39135,"timestamp":"2026-09-23T13:17:13.736Z"}
{"level":"info","message":"🚀 Program executed \u001b[3m\u001b[34mjuegoRaton.rataThief\u001b[39m\u001b[23m on \u001b[3m\u001b[34mc:\\Users\\sotoj\\OneDrive\\Desktop\\RataThief\u001b[39m\u001b[23m","ok":true,"timeElapsed":1300,"timestamp":"2026-09-23T13:24:58.530Z"}
{"exitCode":"SIGHUP","level":"info","message":"👾 Game executed juegoRaton.rataThief on c:\\Users\\sotoj\\OneDrive\\Desktop\\RataThief","timeElapsed":43259,"timestamp":"2026-09-23T13:25:40.487Z"}
{"level":"info","message":"⌛ Building environment","timeElapsed":1546,"timestamp":"2026-09-23T13:46:48.777Z"}
{"level":"info","message":"⌛ Building environment","timeElapsed":601,"timestamp":"2026-09-23T13:46:49.392Z"}
{"level":"info","message":"Removing diagnostics from /c:/Users/sotoj/OneDrive/Desktop/RataThief/assets/raton.png","timestamp":"2026-09-23T13:46:49.514Z"}
{"level":"info","message":"⌛ Building environment","timeElapsed":753,"timestamp":"2026-09-23T13:46:52.344Z"}
{"level":"info","message":"⌛ Building environment","timeElapsed":435,"timestamp":"2026-09-23T13:46:52.793Z"}
{"level":"info","message":"Removing diagnostics from /c:/Users/sotoj/OneDrive/Desktop/RataThief/assets/comida.png","timestamp":"2026-09-23T13:46:52.901Z"}
{"level":"info","message":"🚀 Program executed \u001b[3m\u001b[34mjuegoRaton.rataThief\u001b[39m\u001b[23m on \u001b[3m\u001b[34mc:\\Users\\sotoj\\OneDrive\\Desktop\\RataThief\u001b[39m\u001b[23m","ok":true,"timeElapsed":1258,"timestamp":"2026-09-23T13:48:01.951Z"}
{"exitCode":"SIGHUP","level":"info","message":"👾 Game executed juegoRaton.rataThief on c:\\Users\\sotoj\\OneDrive\\Desktop\\RataThief","timeElapsed":39552,"timestamp":"2026-09-23T13:48:40.243Z"}
{"level":"info","message":"🚀 Program executed \u001b[3m\u001b[34mjuegoRaton.rataThief\u001b[39m\u001b[23m on \u001b[3m\u001b[34mc:\\Users\\sotoj\\OneDrive\\Desktop\\RataThief\u001b[39m\u001b[23m","ok":true,"timeElapsed":1210,"timestamp":"2026-09-23T13:49:20.802Z"}
{"exitCode":"SIGHUP","level":"info","message":"👾 Game executed juegoRaton.rataThief on c:\\Users\\sotoj\\OneDrive\\Desktop\\RataThief","timeElapsed":510956,"timestamp":"2026-09-23T13:57:50.560Z"}
{"level":"info","message":"⌛ Building environment","timeElapsed":297,"timestamp":"2026-09-23T14:00:13.543Z"}
{"level":"info","message":"⌛ Building environment","timeElapsed":233,"timestamp":"2026-09-23T14:00:13.782Z"}
{"level":"info","message":"⌛ Validating codigoRaton.wlk","timeElapsed":236,"timestamp":"2026-09-23T14:00:14.072Z"}
{"level":"info","message":"⌛ Building environment","timeElapsed":175,"timestamp":"2026-09-23T14:00:14.249Z"}
{"level":"info","message":"⌛ Building environment","timeElapsed":242,"timestamp":"2026-09-23T14:00:14.524Z"}
{"level":"info","message":"⌛ Validating codigoRaton.wlk","timeElapsed":191,"timestamp":"2026-09-23T14:00:14.715Z"}
{"level":"info","message":"⌛ Validating codigoRaton.wlk","timeElapsed":186,"timestamp":"2026-09-23T14:00:14.974Z"}
{"level":"info","message":"⌛ Validating codigoRaton.wlk","timeElapsed":165,"timestamp":"2026-09-23T14:00:15.145Z"}
{"level":"info","message":"⌛ Building environment","timeElapsed":144,"timestamp":"2026-09-23T14:00:15.543Z"}
{"level":"info","message":"⌛ Validating codigoRaton.wlk","timeElapsed":200,"timestamp":"2026-09-23T14:00:15.765Z"}
{"level":"info","message":"⌛ Building environment","timeElapsed":241,"timestamp":"2026-09-23T14:00:16.008Z"}
{"level":"info","message":"⌛ Validating codigoRaton.wlk","timeElapsed":274,"timestamp":"2026-09-23T14:00:16.295Z"}
{"level":"info","message":"⌛ Building environment","timeElapsed":282,"timestamp":"2026-09-23T14:03:00.436Z"}
{"level":"info","message":"⌛ Building environment","timeElapsed":554,"timestamp":"2026-09-23T14:03:00.996Z"}
{"level":"info","message":"⌛ Validating codigoRaton.wlk","timeElapsed":229,"timestamp":"2026-09-23T14:03:01.260Z"}
{"level":"info","message":"⌛ Validating codigoRaton.wlk","timeElapsed":209,"timestamp":"2026-09-23T14:03:01.487Z"}
{"level":"info","message":"⌛ Building environment","timeElapsed":218,"timestamp":"2026-09-23T14:03:02.771Z"}
{"level":"info","message":"⌛ Building environment","timeElapsed":153,"timestamp":"2026-09-23T14:03:02.925Z"}
{"level":"info","message":"⌛ Validating codigoRaton.wlk","timeElapsed":166,"timestamp":"2026-09-23T14:03:03.115Z"}
{"level":"info","message":"⌛ Validating codigoRaton.wlk","timeElapsed":182,"timestamp":"2026-09-23T14:03:03.304Z"}
{"level":"info","message":"⌛ Building environment","timeElapsed":152,"timestamp":"2026-09-23T14:04:20.286Z"}
{"level":"info","message":"⌛ Validating codigoRaton.wlk","timeElapsed":182,"timestamp":"2026-09-23T14:04:20.477Z"}
{"level":"info","message":"⌛ Building environment","timeElapsed":155,"timestamp":"2026-09-23T14:04:20.944Z"}
{"level":"info","message":"⌛ Validating codigoRaton.wlk","timeElapsed":274,"timestamp":"2026-09-23T14:04:21.221Z"}
{"level":"info","message":"⌛ Building environment","timeElapsed":172,"timestamp":"2026-09-23T14:04:23.742Z"}
{"level":"info","message":"⌛ Validating codigoRaton.wlk","timeElapsed":231,"timestamp":"2026-09-23T14:04:23.974Z"}
{"level":"info","message":"⌛ Building environment","timeElapsed":127,"timestamp":"2026-09-23T14:04:24.132Z"}
{"level":"info","message":"⌛ Validating codigoRaton.wlk","timeElapsed":236,"timestamp":"2026-09-23T14:04:24.378Z"}
{"level":"info","message":"⌛ Building environment","timeElapsed":154,"timestamp":"2026-09-23T14:04:24.534Z"}
{"level":"info","message":"⌛ Validating codigoRaton.wlk","timeElapsed":203,"timestamp":"2026-09-23T14:04:24.747Z"}
{"level":"info","message":"⌛ Building environment","timeElapsed":172,"timestamp":"2026-09-23T14:04:26.452Z"}
{"level":"info","message":"⌛ Validating codigoRaton.wlk","timeElapsed":197,"timestamp":"2026-09-23T14:04:26.650Z"}
{"level":"info","message":"⌛ Building environment","timeElapsed":142,"timestamp":"2026-09-23T14:04:40.503Z"}
{"level":"info","message":"⌛ Validating codigoRaton.wlk","timeElapsed":178,"timestamp":"2026-09-23T14:04:40.695Z"}
{"level":"info","message":"⌛ Building environment","timeElapsed":145,"timestamp":"2026-09-23T14:04:41.597Z"}
{"level":"info","message":"⌛ Validating codigoRaton.wlk","timeElapsed":165,"timestamp":"2026-09-23T14:04:41.779Z"}
{"level":"info","message":"⌛ Building environment","timeElapsed":156,"timestamp":"2026-09-23T14:04:42.356Z"}
{"level":"info","message":"⌛ Validating codigoRaton.wlk","timeElapsed":188,"timestamp":"2026-09-23T14:04:42.562Z"}
{"level":"info","message":"⌛ Building environment","timeElapsed":199,"timestamp":"2026-09-23T14:04:42.837Z"}
{"level":"info","message":"⌛ Validating codigoRaton.wlk","timeElapsed":187,"timestamp":"2026-09-23T14:04:43.038Z"}
{"level":"info","message":"⌛ Building environment","timeElapsed":172,"timestamp":"2026-09-23T14:04:43.337Z"}
{"level":"info","message":"⌛ Validating codigoRaton.wlk","timeElapsed":192,"timestamp":"2026-09-23T14:04:43.545Z"}
{"level":"info","message":"⌛ Building environment","timeElapsed":185,"timestamp":"2026-09-23T14:04:43.768Z"}
{"level":"info","message":"⌛ Validating codigoRaton.wlk","timeElapsed":209,"timestamp":"2026-09-23T14:04:43.999Z"}
{"level":"info","message":"⌛ Building environment","timeElapsed":149,"timestamp":"2026-09-23T14:04:44.315Z"}
{"level":"info","message":"⌛ Validating codigoRaton.wlk","timeElapsed":183,"timestamp":"2026-09-23T14:04:44.510Z"}
{"level":"info","message":"⌛ Building environment","timeElapsed":163,"timestamp":"2026-09-23T14:04:44.759Z"}
{"level":"info","message":"⌛ Validating codigoRaton.wlk","timeElapsed":181,"timestamp":"2026-09-23T14:04:44.960Z"}
{"level":"info","message":"⌛ Building environment","timeElapsed":147,"timestamp":"2026-09-23T14:04:50.351Z"}
{"level":"info","message":"⌛ Validating codigoRaton.wlk","timeElapsed":178,"timestamp":"2026-09-23T14:04:50.531Z"}
{"level":"info","message":"⌛ Building environment","timeElapsed":169,"timestamp":"2026-09-23T14:04:57.999Z"}
{"level":"info","message":"⌛ Validating codigoRaton.wlk","timeElapsed":199,"timestamp":"2026-09-23T14:04:58.199Z"}
{"level":"info","message":"🚀 Program executed \u001b[3m\u001b[34mjuegoRaton.rataThief\u001b[39m\u001b[23m on \u001b[3m\u001b[34mc:\\Users\\sotoj\\OneDrive\\Desktop\\RataThief\u001b[39m\u001b[23m","ok":true,"timeElapsed":1757,"timestamp":"2026-09-23T14:05:18.079Z"}
{"exitCode":"SIGHUP","level":"info","message":"👾 Game executed juegoRaton.rataThief on c:\\Users\\sotoj\\OneDrive\\Desktop\\RataThief","timeElapsed":34156,"timestamp":"2026-09-23T14:05:50.477Z"}
{"level":"info","message":"🚀 Program executed \u001b[3m\u001b[34mjuegoRaton.rataThief\u001b[39m\u001b[23m on \u001b[3m\u001b[34mc:\\Users\\sotoj\\OneDrive\\Desktop\\RataThief\u001b[39m\u001b[23m","ok":true,"timeElapsed":1263,"timestamp":"2026-09-23T14:06:10.872Z"}
{"exitCode":"SIGHUP","level":"info","message":"👾 Game executed juegoRaton.rataThief on c:\\Users\\sotoj\\OneDrive\\Desktop\\RataThief","timeElapsed":53521,"timestamp":"2026-09-23T14:07:03.128Z"}
{"level":"info","message":"⌛ Building environment","timeElapsed":238,"timestamp":"2026-09-23T14:09:03.741Z"}
{"level":"info","message":"⌛ Validating codigoRaton.wlk","timeElapsed":479,"timestamp":"2026-09-23T14:09:04.223Z"}
{"level":"info","message":"⌛ Building environment","timeElapsed":181,"timestamp":"2026-09-23T14:09:04.524Z"}
{"level":"info","message":"⌛ Autocomplete - Reference","timeElapsed":102,"timestamp":"2026-09-23T14:09:04.641Z"}
{"level":"info","message":"⌛ Validating codigoRaton.wlk","timeElapsed":289,"timestamp":"2026-09-23T14:09:04.930Z"}
{"level":"info","message":"⌛ Building environment","timeElapsed":187,"timestamp":"2026-09-23T14:09:05.118Z"}
{"level":"info","message":"⌛ Building environment","timeElapsed":216,"timestamp":"2026-09-23T14:09:05.388Z"}
{"level":"info","message":"⌛ Building environment","timeElapsed":212,"timestamp":"2026-09-23T14:09:05.607Z"}
{"level":"info","message":"⌛ Validating codigoRaton.wlk","timeElapsed":334,"timestamp":"2026-09-23T14:09:05.957Z"}
{"level":"info","message":"⌛ Validating codigoRaton.wlk","timeElapsed":277,"timestamp":"2026-09-23T14:09:06.245Z"}
{"level":"info","message":"⌛ Building environment","timeElapsed":239,"timestamp":"2026-09-23T14:09:06.490Z"}
{"level":"info","message":"⌛ Validating codigoRaton.wlk","timeElapsed":228,"timestamp":"2026-09-23T14:09:06.776Z"}
{"level":"info","message":"⌛ Building environment","timeElapsed":178,"timestamp":"2026-09-23T14:09:07.021Z"}
{"level":"info","message":"⌛ Building environment","timeElapsed":152,"timestamp":"2026-09-23T14:09:07.180Z"}
{"level":"info","message":"⌛ Building environment","timeElapsed":185,"timestamp":"2026-09-23T14:09:07.371Z"}
{"level":"info","message":"⌛ Building environment","timeElapsed":177,"timestamp":"2026-09-23T14:09:07.589Z"}
{"level":"info","message":"⌛ Validating codigoRaton.wlk","timeElapsed":218,"timestamp":"2026-09-23T14:09:07.807Z"}
{"level":"info","message":"⌛ Validating codigoRaton.wlk","timeElapsed":331,"timestamp":"2026-09-23T14:09:08.366Z"}
{"level":"info","message":"⌛ Validating codigoRaton.wlk","timeElapsed":319,"timestamp":"2026-09-23T14:09:08.691Z"}
{"level":"info","message":"⌛ Validating codigoRaton.wlk","timeElapsed":807,"timestamp":"2026-09-23T14:09:09.499Z"}
{"level":"info","message":"⌛ Validating codigoRaton.wlk","timeElapsed":213,"timestamp":"2026-09-23T14:09:09.716Z"}
{"level":"info","message":"⌛ Building environment","timeElapsed":214,"timestamp":"2026-09-23T14:09:13.582Z"}
{"level":"error","message":"✘ Completions for node Send ([46:8, 46:20] - codigoRaton.wlk) failed: Error: [Send]{9744f8} at codigoRaton.wlk:46 exhausted all cases without a match [Send]{9744f8} at codigoRaton.wlk:46 exhausted all cases without a match","stack":"Error: [Send]{9744f8} at codigoRaton.wlk:46 exhausted all cases without a match\n    at c:\\Users\\sotoj\\.vscode\\extensions\\uqbar.wollok-lsp-ide-0.5.5\\out\\server\\src\\server.js:38:6142\n    at L2 (c:\\Users\\sotoj\\.vscode\\extensions\\uqbar.wollok-lsp-ide-0.5.5\\out\\server\\src\\server.js:2421:42)\n    at Jh (c:\\Users\\sotoj\\.vscode\\extensions\\uqbar.wollok-lsp-ide-0.5.5\\out\\server\\src\\server.js:2421:1092)\n    at w5n (c:\\Users\\sotoj\\.vscode\\extensions\\uqbar.wollok-lsp-ide-0.5.5\\out\\server\\src\\server.js:2421:1248)\n    at c:\\Users\\sotoj\\.vscode\\extensions\\uqbar.wollok-lsp-ide-0.5.5\\out\\server\\src\\server.js:38:6131\n    at L2 (c:\\Users\\sotoj\\.vscode\\extensions\\uqbar.wollok-lsp-ide-0.5.5\\out\\server\\src\\server.js:2421:42)\n    at c:\\Users\\sotoj\\.vscode\\extensions\\uqbar.wollok-lsp-ide-0.5.5\\out\\server\\src\\server.js:2421:2988\n    at c:\\Users\\sotoj\\.vscode\\extensions\\uqbar.wollok-lsp-ide-0.5.5\\out\\server\\src\\server.js:2430:8440\n    at c:\\Users\\sotoj\\.vscode\\extensions\\uqbar.wollok-lsp-ide-0.5.5\\out\\server\\src\\server.js:37:74872\n    at Ke (c:\\Users\\sotoj\\.vscode\\extensions\\uqbar.wollok-lsp-ide-0.5.5\\out\\server\\src\\server.js:7:8527)","timestamp":"2026-09-23T14:09:13.703Z"}
{"level":"info","message":"⌛ Building environment","timeElapsed":182,"timestamp":"2026-09-23T14:09:13.904Z"}
{"level":"info","message":"⌛ Validating codigoRaton.wlk","timeElapsed":181,"timestamp":"2026-09-23T14:09:14.085Z"}
{"level":"info","message":"⌛ Building environment","timeElapsed":176,"timestamp":"2026-09-23T14:09:14.331Z"}
{"level":"info","message":"⌛ Validating codigoRaton.wlk","timeElapsed":217,"timestamp":"2026-09-23T14:09:14.550Z"}
{"level":"info","message":"⌛ Building environment","timeElapsed":159,"timestamp":"2026-09-23T14:09:14.732Z"}
{"level":"info","message":"⌛ Validating codigoRaton.wlk","timeElapsed":177,"timestamp":"2026-09-23T14:09:14.927Z"}
{"level":"info","message":"⌛ Validating codigoRaton.wlk","timeElapsed":204,"timestamp":"2026-09-23T14:09:15.143Z"}
{"level":"info","message":"⌛ Building environment","timeElapsed":163,"timestamp":"2026-09-23T14:09:15.387Z"}
{"level":"info","message":"⌛ Validating codigoRaton.wlk","timeElapsed":219,"timestamp":"2026-09-23T14:09:15.640Z"}
{"level":"info","message":"⌛ Building environment","timeElapsed":137,"timestamp":"2026-09-23T14:09:15.787Z"}
{"level":"info","message":"⌛ Validating codigoRaton.wlk","timeElapsed":210,"timestamp":"2026-09-23T14:09:16.016Z"}
{"level":"info","message":"⌛ Building environment","timeElapsed":146,"timestamp":"2026-09-23T14:09:39.802Z"}
{"level":"info","message":"⌛ Validating codigoRaton.wlk","timeElapsed":187,"timestamp":"2026-09-23T14:09:40.018Z"}
{"level":"info","message":"⌛ Building environment","timeElapsed":162,"timestamp":"2026-09-23T14:09:43.434Z"}
{"level":"info","message":"⌛ Validating codigoRaton.wlk","timeElapsed":204,"timestamp":"2026-09-23T14:09:43.657Z"}
{"level":"info","message":"⌛ Building environment","timeElapsed":379,"timestamp":"2026-09-23T14:09:45.173Z"}
{"level":"info","message":"⌛ Building environment","timeElapsed":211,"timestamp":"2026-09-23T14:09:45.487Z"}
{"level":"info","message":"⌛ Validating codigoRaton.wlk","timeElapsed":195,"timestamp":"2026-09-23T14:09:45.705Z"}
{"level":"info","message":"⌛ Building environment","timeElapsed":189,"timestamp":"2026-09-23T14:09:45.907Z"}
{"level":"info","message":"⌛ Validating codigoRaton.wlk","timeElapsed":189,"timestamp":"2026-09-23T14:09:46.098Z"}
{"level":"info","message":"⌛ Building environment","timeElapsed":126,"timestamp":"2026-09-23T14:09:46.247Z"}
{"level":"info","message":"⌛ Validating codigoRaton.wlk","timeElapsed":178,"timestamp":"2026-09-23T14:09:46.428Z"}
{"level":"info","message":"⌛ Validating codigoRaton.wlk","timeElapsed":160,"timestamp":"2026-09-23T14:09:46.612Z"}
{"level":"info","message":"⌛ Building environment","timeElapsed":140,"timestamp":"2026-09-23T14:09:49.982Z"}
{"level":"info","message":"⌛ Validating codigoRaton.wlk","timeElapsed":169,"timestamp":"2026-09-23T14:09:50.169Z"}
{"level":"info","message":"⌛ Building environment","timeElapsed":139,"timestamp":"2026-09-23T14:10:05.852Z"}
{"level":"info","message":"⌛ Validating codigoRaton.wlk","timeElapsed":172,"timestamp":"2026-09-23T14:10:06.037Z"}
{"level":"info","message":"⌛ Building environment","timeElapsed":212,"timestamp":"2026-09-23T14:10:06.339Z"}
{"level":"info","message":"⌛ Validating codigoRaton.wlk","timeElapsed":196,"timestamp":"2026-09-23T14:10:06.548Z"}
{"level":"info","message":"⌛ Building environment","timeElapsed":178,"timestamp":"2026-09-23T14:10:06.888Z"}
{"level":"info","message":"⌛ Validating codigoRaton.wlk","timeElapsed":178,"timestamp":"2026-09-23T14:10:07.111Z"}
{"level":"info","message":"⌛ Building environment","timeElapsed":166,"timestamp":"2026-09-23T14:10:10.878Z"}
{"level":"error","message":"✘ Completions for node Send ([46:24, 46:36] - codigoRaton.wlk) failed: Error: [Send]{4bf913} at codigoRaton.wlk:46 exhausted all cases without a match [Send]{4bf913} at codigoRaton.wlk:46 exhausted all cases without a match","stack":"Error: [Send]{4bf913} at codigoRaton.wlk:46 exhausted all cases without a match\n    at c:\\Users\\sotoj\\.vscode\\extensions\\uqbar.wollok-lsp-ide-0.5.5\\out\\server\\src\\server.js:38:6142\n    at L2 (c:\\Users\\sotoj\\.vscode\\extensions\\uqbar.wollok-lsp-ide-0.5.5\\out\\server\\src\\server.js:2421:42)\n    at Jh (c:\\Users\\sotoj\\.vscode\\extensions\\uqbar.wollok-lsp-ide-0.5.5\\out\\server\\src\\server.js:2421:1092)\n    at w5n (c:\\Users\\sotoj\\.vscode\\extensions\\uqbar.wollok-lsp-ide-0.5.5\\out\\server\\src\\server.js:2421:1248)\n    at c:\\Users\\sotoj\\.vscode\\extensions\\uqbar.wollok-lsp-ide-0.5.5\\out\\server\\src\\server.js:38:6131\n    at L2 (c:\\Users\\sotoj\\.vscode\\extensions\\uqbar.wollok-lsp-ide-0.5.5\\out\\server\\src\\server.js:2421:42)\n    at c:\\Users\\sotoj\\.vscode\\extensions\\uqbar.wollok-lsp-ide-0.5.5\\out\\server\\src\\server.js:2421:2988\n    at c:\\Users\\sotoj\\.vscode\\extensions\\uqbar.wollok-lsp-ide-0.5.5\\out\\server\\src\\server.js:2430:8440\n    at c:\\Users\\sotoj\\.vscode\\extensions\\uqbar.wollok-lsp-ide-0.5.5\\out\\server\\src\\server.js:37:74872\n    at Ke (c:\\Users\\sotoj\\.vscode\\extensions\\uqbar.wollok-lsp-ide-0.5.5\\out\\server\\src\\server.js:7:8527)","timestamp":"2026-09-23T14:10:10.921Z"}
{"level":"error","message":"✘ Completions for node Send ([46:8, 46:37] - codigoRaton.wlk) failed: Error: [Send]{35a8f3} at codigoRaton.wlk:46 exhausted all cases without a match [Send]{35a8f3} at codigoRaton.wlk:46 exhausted all cases without a match","stack":"Error: [Send]{35a8f3} at codigoRaton.wlk:46 exhausted all cases without a match\n    at c:\\Users\\sotoj\\.vscode\\extensions\\uqbar.wollok-lsp-ide-0.5.5\\out\\server\\src\\server.js:38:6142\n    at L2 (c:\\Users\\sotoj\\.vscode\\extensions\\uqbar.wollok-lsp-ide-0.5.5\\out\\server\\src\\server.js:2421:42)\n    at Jh (c:\\Users\\sotoj\\.vscode\\extensions\\uqbar.wollok-lsp-ide-0.5.5\\out\\server\\src\\server.js:2421:1092)\n    at L2 (c:\\Users\\sotoj\\.vscode\\extensions\\uqbar.wollok-lsp-ide-0.5.5\\out\\server\\src\\server.js:2421:544)\n    at Jh (c:\\Users\\sotoj\\.vscode\\extensions\\uqbar.wollok-lsp-ide-0.5.5\\out\\server\\src\\server.js:2421:1092)\n    at w5n (c:\\Users\\sotoj\\.vscode\\extensions\\uqbar.wollok-lsp-ide-0.5.5\\out\\server\\src\\server.js:2421:1248)\n    at c:\\Users\\sotoj\\.vscode\\extensions\\uqbar.wollok-lsp-ide-0.5.5\\out\\server\\src\\server.js:38:6131\n    at L2 (c:\\Users\\sotoj\\.vscode\\extensions\\uqbar.wollok-lsp-ide-0.5.5\\out\\server\\src\\server.js:2421:42)\n    at c:\\Users\\sotoj\\.vscode\\extensions\\uqbar.wollok-lsp-ide-0.5.5\\out\\server\\src\\server.js:2421:2988\n    at c:\\Users\\sotoj\\.vscode\\extensions\\uqbar.wollok-lsp-ide-0.5.5\\out\\server\\src\\server.js:2430:8440","timestamp":"2026-09-23T14:10:10.921Z"}
{"level":"info","message":"⌛ Validating codigoRaton.wlk","timeElapsed":261,"timestamp":"2026-09-23T14:10:11.199Z"}
{"level":"info","message":"⌛ Building environment","timeElapsed":227,"timestamp":"2026-09-23T14:10:11.439Z"}
{"level":"info","message":"⌛ Building environment","timeElapsed":145,"timestamp":"2026-09-23T14:10:11.592Z"}
{"level":"info","message":"⌛ Validating codigoRaton.wlk","timeElapsed":182,"timestamp":"2026-09-23T14:10:11.796Z"}
{"level":"info","message":"⌛ Validating codigoRaton.wlk","timeElapsed":202,"timestamp":"2026-09-23T14:10:12.038Z"}
{"level":"info","message":"⌛ Building environment","timeElapsed":197,"timestamp":"2026-09-23T14:10:12.241Z"}
{"level":"info","message":"⌛ Building environment","timeElapsed":219,"timestamp":"2026-09-23T14:10:12.476Z"}
{"level":"info","message":"⌛ Validating codigoRaton.wlk","timeElapsed":201,"timestamp":"2026-09-23T14:10:12.709Z"}
{"level":"info","message":"⌛ Building environment","timeElapsed":135,"timestamp":"2026-09-23T14:10:12.888Z"}
{"level":"info","message":"⌛ Validating codigoRaton.wlk","timeElapsed":168,"timestamp":"2026-09-23T14:10:13.080Z"}
{"level":"info","message":"⌛ Building environment","timeElapsed":223,"timestamp":"2026-09-23T14:10:13.305Z"}
{"level":"info","message":"⌛ Validating codigoRaton.wlk","timeElapsed":155,"timestamp":"2026-09-23T14:10:13.488Z"}
{"level":"info","message":"⌛ Building environment","timeElapsed":178,"timestamp":"2026-09-23T14:10:13.756Z"}
{"level":"info","message":"⌛ Validating codigoRaton.wlk","timeElapsed":215,"timestamp":"2026-09-23T14:10:14.024Z"}
{"level":"info","message":"⌛ Validating codigoRaton.wlk","timeElapsed":191,"timestamp":"2026-09-23T14:10:14.244Z"}
{"level":"info","message":"⌛ Building environment","timeElapsed":194,"timestamp":"2026-09-23T14:10:14.738Z"}
{"level":"info","message":"⌛ Validating codigoRaton.wlk","timeElapsed":264,"timestamp":"2026-09-23T14:10:15.041Z"}
{"level":"info","message":"⌛ Building environment","timeElapsed":162,"timestamp":"2026-09-23T14:10:15.203Z"}
{"level":"info","message":"⌛ Validating codigoRaton.wlk","timeElapsed":190,"timestamp":"2026-09-23T14:10:15.433Z"}
{"level":"info","message":"⌛ Building environment","timeElapsed":160,"timestamp":"2026-09-23T14:10:16.357Z"}
{"level":"info","message":"⌛ Validating codigoRaton.wlk","timeElapsed":192,"timestamp":"2026-09-23T14:10:16.562Z"}
{"level":"info","message":"⌛ Building environment","timeElapsed":179,"timestamp":"2026-09-23T14:10:21.501Z"}
{"level":"info","message":"⌛ Validating codigoRaton.wlk","timeElapsed":193,"timestamp":"2026-09-23T14:10:21.707Z"}
{"level":"info","message":"⌛ Building environment","timeElapsed":156,"timestamp":"2026-09-23T14:10:22.497Z"}
{"level":"info","message":"⌛ Validating codigoRaton.wlk","timeElapsed":181,"timestamp":"2026-09-23T14:10:22.705Z"}
{"level":"info","message":"⌛ Building environment","timeElapsed":141,"timestamp":"2026-09-23T14:10:22.925Z"}
{"level":"info","message":"⌛ Validating codigoRaton.wlk","timeElapsed":195,"timestamp":"2026-09-23T14:10:23.147Z"}
{"level":"info","message":"⌛ Building environment","timeElapsed":186,"timestamp":"2026-09-23T14:10:24.034Z"}
{"level":"info","message":"⌛ Validating codigoRaton.wlk","timeElapsed":193,"timestamp":"2026-09-23T14:10:24.351Z"}
{"level":"info","message":"⌛ Building environment","timeElapsed":163,"timestamp":"2026-09-23T14:10:48.314Z"}
{"level":"info","message":"⌛ Validating codigoRaton.wlk","timeElapsed":320,"timestamp":"2026-09-23T14:10:48.651Z"}
{"level":"info","message":"⌛ Building environment","timeElapsed":194,"timestamp":"2026-09-23T14:10:48.846Z"}
{"level":"info","message":"⌛ Building environment","timeElapsed":487,"timestamp":"2026-09-23T14:10:49.359Z"}
{"level":"info","message":"⌛ Building environment","timeElapsed":141,"timestamp":"2026-09-23T14:10:49.573Z"}
{"level":"info","message":"⌛ Building environment","timeElapsed":117,"timestamp":"2026-09-23T14:10:49.715Z"}
{"level":"info","message":"⌛ Validating codigoRaton.wlk","timeElapsed":171,"timestamp":"2026-09-23T14:10:49.908Z"}
{"level":"info","message":"⌛ Building environment","timeElapsed":150,"timestamp":"2026-09-23T14:10:50.071Z"}
{"level":"info","message":"⌛ Validating codigoRaton.wlk","timeElapsed":185,"timestamp":"2026-09-23T14:10:50.289Z"}
{"level":"info","message":"⌛ Validating codigoRaton.wlk","timeElapsed":213,"timestamp":"2026-09-23T14:10:50.502Z"}
{"level":"info","message":"⌛ Validating codigoRaton.wlk","timeElapsed":211,"timestamp":"2026-09-23T14:10:50.713Z"}
{"level":"info","message":"⌛ Validating codigoRaton.wlk","timeElapsed":178,"timestamp":"2026-09-23T14:10:50.899Z"}
{"level":"info","message":"🚀 Program executed \u001b[3m\u001b[34mjuegoRaton.rataThief\u001b[39m\u001b[23m on \u001b[3m\u001b[34mc:\\Users\\sotoj\\OneDrive\\Desktop\\RataThief\u001b[39m\u001b[23m","ok":true,"timeElapsed":1259,"timestamp":"2026-09-23T14:11:51.129Z"}
{"exitCode":"SIGHUP","level":"info","message":"👾 Game executed juegoRaton.rataThief on c:\\Users\\sotoj\\OneDrive\\Desktop\\RataThief","timeElapsed":35038,"timestamp":"2026-09-23T14:12:24.906Z"}
{"level":"info","message":"⌛ Building environment","timeElapsed":241,"timestamp":"2026-09-23T14:12:32.740Z"}
{"level":"info","message":"⌛ Validating codigoRaton.wlk","timeElapsed":218,"timestamp":"2026-09-23T14:12:32.960Z"}
{"level":"info","message":"🚀 Program executed \u001b[3m\u001b[34mjuegoRaton.rataThief\u001b[39m\u001b[23m on \u001b[3m\u001b[34mc:\\Users\\sotoj\\OneDrive\\Desktop\\RataThief\u001b[39m\u001b[23m","ok":true,"timeElapsed":1388,"timestamp":"2026-09-23T14:12:47.755Z"}
{"exitCode":"SIGHUP","level":"info","message":"👾 Game executed juegoRaton.rataThief on c:\\Users\\sotoj\\OneDrive\\Desktop\\RataThief","timeElapsed":61842,"timestamp":"2026-09-23T14:13:48.206Z"}
{"level":"info","message":"⌛ Building environment","timeElapsed":257,"timestamp":"2026-09-23T14:19:09.974Z"}
{"level":"info","message":"⌛ Validating codigoRaton.wlk","timeElapsed":192,"timestamp":"2026-09-23T14:19:10.278Z"}
{"level":"info","message":"⌛ Building environment","timeElapsed":543,"timestamp":"2026-09-23T14:19:11.218Z"}
{"level":"info","message":"⌛ Autocomplete - Singleton","timeElapsed":113,"timestamp":"2026-09-23T14:19:11.333Z"}
{"level":"info","message":"⌛ Building environment","timeElapsed":215,"timestamp":"2026-09-23T14:19:11.550Z"}
{"level":"info","message":"⌛ Building environment","timeElapsed":224,"timestamp":"2026-09-23T14:19:11.834Z"}
{"level":"info","message":"⌛ Validating codigoRaton.wlk","timeElapsed":254,"timestamp":"2026-09-23T14:19:12.091Z"}
{"level":"info","message":"⌛ Building environment","timeElapsed":447,"timestamp":"2026-09-23T14:19:12.538Z"}
{"level":"info","message":"⌛ Validating codigoRaton.wlk","timeElapsed":206,"timestamp":"2026-09-23T14:19:12.782Z"}
{"level":"info","message":"⌛ Validating codigoRaton.wlk","timeElapsed":319,"timestamp":"2026-09-23T14:19:13.122Z"}
{"level":"error","message":"✘ Failed to rebuild document Failed to parse codigoRaton.wlk: \n-- PARSING FAILED --------------------------------------------------\n\n  23 |             self.crearComida(10)\n  24 |             self.crearComida(10)\n> 25 |         })\n     |         ^\n  26 |     }\n  27 | \n\nExpected one of the following: \n\n'@', 'class', 'const', 'describe', 'mixin', 'object', 'only', 'package', 'program', 'test', 'var', '{', EOF, comment, not \"}\", whitespace\n","stack":"Error: Failed to parse codigoRaton.wlk: \n-- PARSING FAILED --------------------------------------------------\n\n  23 |             self.crearComida(10)\n  24 |             self.crearComida(10)\n> 25 |         })\n     |         ^\n  26 |     }\n  27 | \n\nExpected one of the following: \n\n'@', 'class', 'const', 'describe', 'mixin', 'object', 'only', 'package', 'program', 'test', 'var', '{', EOF, comment, not \"}\", whitespace\n\n    at c:\\Users\\sotoj\\.vscode\\extensions\\uqbar.wollok-lsp-ide-0.5.5\\out\\server\\src\\server.js:2385:13026\n    at Array.map (<anonymous>)\n    at z1n (c:\\Users\\sotoj\\.vscode\\extensions\\uqbar.wollok-lsp-ide-0.5.5\\out\\server\\src\\server.js:2385:12950)\n    at H2.buildEnvironmentFrom (c:\\Users\\sotoj\\.vscode\\extensions\\uqbar.wollok-lsp-ide-0.5.5\\out\\server\\src\\server.js:2430:5254)\n    at H2.updateEnvironmentWith (c:\\Users\\sotoj\\.vscode\\extensions\\uqbar.wollok-lsp-ide-0.5.5\\out\\server\\src\\server.js:2430:4989)\n    at QF (c:\\Users\\sotoj\\.vscode\\extensions\\uqbar.wollok-lsp-ide-0.5.5\\out\\server\\src\\server.js:2430:7383)\n    at V3.invoke (c:\\Users\\sotoj\\.vscode\\extensions\\uqbar.wollok-lsp-ide-0.5.5\\out\\server\\src\\server.js:3:157330)\n    at o.fire (c:\\Users\\sotoj\\.vscode\\extensions\\uqbar.wollok-lsp-ide-0.5.5\\out\\server\\src\\server.js:3:158100)\n    at c:\\Users\\sotoj\\.vscode\\extensions\\uqbar.wollok-lsp-ide-0.5.5\\out\\server\\src\\server.js:37:57871\n    at nd (c:\\Users\\sotoj\\.vscode\\extensions\\uqbar.wollok-lsp-ide-0.5.5\\out\\server\\src\\server.js:8:1561)","timestamp":"2026-09-23T14:19:13.330Z"}
{"level":"error","message":"✘ Failed to rebuild document Failed to parse codigoRaton.wlk: \n-- PARSING FAILED --------------------------------------------------\n\n  23 |             self.crearComida(10)\n  24 |             self.crearComida(10)\n> 25 |         })\n     |         ^\n  26 |     }\n  27 | \n\nExpected one of the following: \n\n'@', 'class', 'const', 'describe', 'mixin', 'object', 'only', 'package', 'program', 'test', 'var', '{', EOF, comment, not \"}\", whitespace\n","stack":"Error: Failed to parse codigoRaton.wlk: \n-- PARSING FAILED --------------------------------------------------\n\n  23 |             self.crearComida(10)\n  24 |             self.crearComida(10)\n> 25 |         })\n     |         ^\n  26 |     }\n  27 | \n\nExpected one of the following: \n\n'@', 'class', 'const', 'describe', 'mixin', 'object', 'only', 'package', 'program', 'test', 'var', '{', EOF, comment, not \"}\", whitespace\n\n    at c:\\Users\\sotoj\\.vscode\\extensions\\uqbar.wollok-lsp-ide-0.5.5\\out\\server\\src\\server.js:2385:13026\n    at Array.map (<anonymous>)\n    at z1n (c:\\Users\\sotoj\\.vscode\\extensions\\uqbar.wollok-lsp-ide-0.5.5\\out\\server\\src\\server.js:2385:12950)\n    at H2.buildEnvironmentFrom (c:\\Users\\sotoj\\.vscode\\extensions\\uqbar.wollok-lsp-ide-0.5.5\\out\\server\\src\\server.js:2430:5254)\n    at H2.updateEnvironmentWith (c:\\Users\\sotoj\\.vscode\\extensions\\uqbar.wollok-lsp-ide-0.5.5\\out\\server\\src\\server.js:2430:4989)\n    at QF (c:\\Users\\sotoj\\.vscode\\extensions\\uqbar.wollok-lsp-ide-0.5.5\\out\\server\\src\\server.js:2430:7383)\n    at V3.invoke (c:\\Users\\sotoj\\.vscode\\extensions\\uqbar.wollok-lsp-ide-0.5.5\\out\\server\\src\\server.js:3:157330)\n    at o.fire (c:\\Users\\sotoj\\.vscode\\extensions\\uqbar.wollok-lsp-ide-0.5.5\\out\\server\\src\\server.js:3:158100)\n    at c:\\Users\\sotoj\\.vscode\\extensions\\uqbar.wollok-lsp-ide-0.5.5\\out\\server\\src\\server.js:37:57871\n    at nd (c:\\Users\\sotoj\\.vscode\\extensions\\uqbar.wollok-lsp-ide-0.5.5\\out\\server\\src\\server.js:8:1561)","timestamp":"2026-09-23T14:19:13.351Z"}
{"level":"info","message":"⌛ Validating codigoRaton.wlk","timeElapsed":335,"timestamp":"2026-09-23T14:19:13.688Z"}
{"level":"info","message":"⌛ Building environment","timeElapsed":253,"timestamp":"2026-09-23T14:19:13.949Z"}
{"level":"info","message":"⌛ Building environment","timeElapsed":260,"timestamp":"2026-09-23T14:19:14.228Z"}
{"level":"info","message":"⌛ Building environment","timeElapsed":208,"timestamp":"2026-09-23T14:19:14.438Z"}
{"level":"info","message":"⌛ Building environment","timeElapsed":210,"timestamp":"2026-09-23T14:19:14.699Z"}
{"level":"info","message":"⌛ Building environment","timeElapsed":154,"timestamp":"2026-09-23T14:19:14.877Z"}
{"level":"info","message":"⌛ Building environment","timeElapsed":165,"timestamp":"2026-09-23T14:19:15.049Z"}
{"level":"info","message":"⌛ Building environment","timeElapsed":159,"timestamp":"2026-09-23T14:19:15.250Z"}
{"level":"info","message":"⌛ Validating codigoRaton.wlk","timeElapsed":421,"timestamp":"2026-09-23T14:19:15.677Z"}
{"level":"info","message":"⌛ Validating codigoRaton.wlk","timeElapsed":282,"timestamp":"2026-09-23T14:19:15.978Z"}
{"level":"info","message":"⌛ Building environment","timeElapsed":251,"timestamp":"2026-09-23T14:19:16.232Z"}
{"level":"info","message":"⌛ Validating codigoRaton.wlk","timeElapsed":253,"timestamp":"2026-09-23T14:19:16.486Z"}
{"level":"info","message":"⌛ Building environment","timeElapsed":853,"timestamp":"2026-09-23T14:19:17.342Z"}
{"level":"info","message":"⌛ Validating codigoRaton.wlk","timeElapsed":185,"timestamp":"2026-09-23T14:19:17.529Z"}
{"level":"info","message":"⌛ Validating codigoRaton.wlk","timeElapsed":163,"timestamp":"2026-09-23T14:19:17.711Z"}
{"level":"info","message":"⌛ Validating codigoRaton.wlk","timeElapsed":191,"timestamp":"2026-09-23T14:19:17.902Z"}
{"level":"info","message":"⌛ Building environment","timeElapsed":140,"timestamp":"2026-09-23T14:19:18.045Z"}
{"level":"info","message":"⌛ Validating codigoRaton.wlk","timeElapsed":160,"timestamp":"2026-09-23T14:19:18.244Z"}
{"level":"info","message":"⌛ Building environment","timeElapsed":205,"timestamp":"2026-09-23T14:19:18.462Z"}
{"level":"info","message":"⌛ Building environment","timeElapsed":140,"timestamp":"2026-09-23T14:19:18.611Z"}
{"level":"info","message":"⌛ Building environment","timeElapsed":139,"timestamp":"2026-09-23T14:19:18.778Z"}
{"level":"info","message":"⌛ Validating codigoRaton.wlk","timeElapsed":158,"timestamp":"2026-09-23T14:19:18.962Z"}
{"level":"info","message":"⌛ Building environment","timeElapsed":155,"timestamp":"2026-09-23T14:19:19.121Z"}
{"level":"info","message":"⌛ Building environment","timeElapsed":402,"timestamp":"2026-09-23T14:19:19.536Z"}
{"level":"info","message":"⌛ Building environment","timeElapsed":171,"timestamp":"2026-09-23T14:19:19.711Z"}
{"level":"info","message":"⌛ Building environment","timeElapsed":165,"timestamp":"2026-09-23T14:19:19.879Z"}
{"level":"info","message":"⌛ Validating codigoRaton.wlk","timeElapsed":222,"timestamp":"2026-09-23T14:19:20.125Z"}
{"level":"info","message":"⌛ Validating codigoRaton.wlk","timeElapsed":192,"timestamp":"2026-09-23T14:19:20.317Z"}
{"level":"info","message":"⌛ Validating codigoRaton.wlk","timeElapsed":316,"timestamp":"2026-09-23T14:19:20.649Z"}
{"level":"info","message":"⌛ Validating codigoRaton.wlk","timeElapsed":477,"timestamp":"2026-09-23T14:19:21.164Z"}
{"level":"info","message":"⌛ Validating codigoRaton.wlk","timeElapsed":748,"timestamp":"2026-09-23T14:19:21.914Z"}
{"level":"info","message":"⌛ Building environment","timeElapsed":267,"timestamp":"2026-09-23T14:19:22.184Z"}
{"level":"info","message":"⌛ Validating codigoRaton.wlk","timeElapsed":218,"timestamp":"2026-09-23T14:19:22.431Z"}
{"level":"info","message":"⌛ Validating codigoRaton.wlk","timeElapsed":215,"timestamp":"2026-09-23T14:19:22.668Z"}
{"level":"info","message":"⌛ Validating codigoRaton.wlk","timeElapsed":236,"timestamp":"2026-09-23T14:19:22.935Z"}
{"level":"info","message":"⌛ Validating codigoRaton.wlk","timeElapsed":228,"timestamp":"2026-09-23T14:19:23.177Z"}
{"level":"info","message":"⌛ Validating codigoRaton.wlk","timeElapsed":211,"timestamp":"2026-09-23T14:19:23.395Z"}
{"level":"error","message":"✘ Failed to rebuild document Failed to parse codigoRaton.wlk: \n-- PARSING FAILED --------------------------------------------------\n\n  23 |             self.crearComida(10)\n  24 |             self.crearComida(10)\n> 25 |         })\n     |         ^\n  26 |     }\n  27 | \n\nExpected one of the following: \n\n'@', 'class', 'const', 'describe', 'mixin', 'object', 'only', 'package', 'program', 'test', 'var', '{', EOF, comment, not \"}\", whitespace\n","stack":"Error: Failed to parse codigoRaton.wlk: \n-- PARSING FAILED --------------------------------------------------\n\n  23 |             self.crearComida(10)\n  24 |             self.crearComida(10)\n> 25 |         })\n     |         ^\n  26 |     }\n  27 | \n\nExpected one of the following: \n\n'@', 'class', 'const', 'describe', 'mixin', 'object', 'only', 'package', 'program', 'test', 'var', '{', EOF, comment, not \"}\", whitespace\n\n    at c:\\Users\\sotoj\\.vscode\\extensions\\uqbar.wollok-lsp-ide-0.5.5\\out\\server\\src\\server.js:2385:13026\n    at Array.map (<anonymous>)\n    at z1n (c:\\Users\\sotoj\\.vscode\\extensions\\uqbar.wollok-lsp-ide-0.5.5\\out\\server\\src\\server.js:2385:12950)\n    at H2.buildEnvironmentFrom (c:\\Users\\sotoj\\.vscode\\extensions\\uqbar.wollok-lsp-ide-0.5.5\\out\\server\\src\\server.js:2430:5254)\n    at H2.updateEnvironmentWith (c:\\Users\\sotoj\\.vscode\\extensions\\uqbar.wollok-lsp-ide-0.5.5\\out\\server\\src\\server.js:2430:4989)\n    at QF (c:\\Users\\sotoj\\.vscode\\extensions\\uqbar.wollok-lsp-ide-0.5.5\\out\\server\\src\\server.js:2430:7383)\n    at V3.invoke (c:\\Users\\sotoj\\.vscode\\extensions\\uqbar.wollok-lsp-ide-0.5.5\\out\\server\\src\\server.js:3:157330)\n    at o.fire (c:\\Users\\sotoj\\.vscode\\extensions\\uqbar.wollok-lsp-ide-0.5.5\\out\\server\\src\\server.js:3:158100)\n    at c:\\Users\\sotoj\\.vscode\\extensions\\uqbar.wollok-lsp-ide-0.5.5\\out\\server\\src\\server.js:37:57871\n    at nd (c:\\Users\\sotoj\\.vscode\\extensions\\uqbar.wollok-lsp-ide-0.5.5\\out\\server\\src\\server.js:8:1561)","timestamp":"2026-09-23T14:19:25.362Z"}
{"level":"error","message":"✘ Failed to rebuild document Failed to parse codigoRaton.wlk: \n-- PARSING FAILED --------------------------------------------------\n\n  23 |             self.crearComida(10)\n  24 |             self.crearComida(10)\n> 25 |         })\n     |         ^\n  26 |     }\n  27 | \n\nExpected one of the following: \n\n'@', 'class', 'const', 'describe', 'mixin', 'object', 'only', 'package', 'program', 'test', 'var', '{', EOF, comment, not \"}\", whitespace\n","stack":"Error: Failed to parse codigoRaton.wlk: \n-- PARSING FAILED --------------------------------------------------\n\n  23 |             self.crearComida(10)\n  24 |             self.crearComida(10)\n> 25 |         })\n     |         ^\n  26 |     }\n  27 | \n\nExpected one of the following: \n\n'@', 'class', 'const', 'describe', 'mixin', 'object', 'only', 'package', 'program', 'test', 'var', '{', EOF, comment, not \"}\", whitespace\n\n    at c:\\Users\\sotoj\\.vscode\\extensions\\uqbar.wollok-lsp-ide-0.5.5\\out\\server\\src\\server.js:2385:13026\n    at Array.map (<anonymous>)\n    at z1n (c:\\Users\\sotoj\\.vscode\\extensions\\uqbar.wollok-lsp-ide-0.5.5\\out\\server\\src\\server.js:2385:12950)\n    at H2.buildEnvironmentFrom (c:\\Users\\sotoj\\.vscode\\extensions\\uqbar.wollok-lsp-ide-0.5.5\\out\\server\\src\\server.js:2430:5254)\n    at H2.updateEnvironmentWith (c:\\Users\\sotoj\\.vscode\\extensions\\uqbar.wollok-lsp-ide-0.5.5\\out\\server\\src\\server.js:2430:4989)\n    at QF (c:\\Users\\sotoj\\.vscode\\extensions\\uqbar.wollok-lsp-ide-0.5.5\\out\\server\\src\\server.js:2430:7383)\n    at V3.invoke (c:\\Users\\sotoj\\.vscode\\extensions\\uqbar.wollok-lsp-ide-0.5.5\\out\\server\\src\\server.js:3:157330)\n    at o.fire (c:\\Users\\sotoj\\.vscode\\extensions\\uqbar.wollok-lsp-ide-0.5.5\\out\\server\\src\\server.js:3:158100)\n    at c:\\Users\\sotoj\\.vscode\\extensions\\uqbar.wollok-lsp-ide-0.5.5\\out\\server\\src\\server.js:37:57871\n    at nd (c:\\Users\\sotoj\\.vscode\\extensions\\uqbar.wollok-lsp-ide-0.5.5\\out\\server\\src\\server.js:8:1561)","timestamp":"2026-09-23T14:19:25.960Z"}
{"level":"info","message":"⌛ Building environment","timeElapsed":154,"timestamp":"2026-09-23T14:19:27.306Z"}
{"level":"info","message":"⌛ Validating codigoRaton.wlk","timeElapsed":203,"timestamp":"2026-09-23T14:19:27.511Z"}
{"level":"info","message":"⌛ Building environment","timeElapsed":186,"timestamp":"2026-09-23T14:19:51.273Z"}
{"level":"info","message":"⌛ Validating codigoRaton.wlk","timeElapsed":229,"timestamp":"2026-09-23T14:19:51.515Z"}
{"level":"info","message":"⌛ Building environment","timeElapsed":325,"timestamp":"2026-09-23T14:19:53.952Z"}
{"level":"info","message":"⌛ Validating codigoRaton.wlk","timeElapsed":175,"timestamp":"2026-09-23T14:19:54.166Z"}
{"level":"error","message":"✘ Failed to rebuild document Failed to parse codigoRaton.wlk: \n-- PARSING FAILED --------------------------------------------------\n\n  24 |             self.crearComida(10)\n  25 |             self.crearComida(10)\n> 26 |         })\n     |         ^\n  27 |     }\n  28 | \n\nExpected one of the following: \n\n'@', 'class', 'const', 'describe', 'mixin', 'object', 'only', 'package', 'program', 'test', 'var', '{', EOF, comment, not \"}\", whitespace\n","stack":"Error: Failed to parse codigoRaton.wlk: \n-- PARSING FAILED --------------------------------------------------\n\n  24 |             self.crearComida(10)\n  25 |             self.crearComida(10)\n> 26 |         })\n     |         ^\n  27 |     }\n  28 | \n\nExpected one of the following: \n\n'@', 'class', 'const', 'describe', 'mixin', 'object', 'only', 'package', 'program', 'test', 'var', '{', EOF, comment, not \"}\", whitespace\n\n    at c:\\Users\\sotoj\\.vscode\\extensions\\uqbar.wollok-lsp-ide-0.5.5\\out\\server\\src\\server.js:2385:13026\n    at Array.map (<anonymous>)\n    at z1n (c:\\Users\\sotoj\\.vscode\\extensions\\uqbar.wollok-lsp-ide-0.5.5\\out\\server\\src\\server.js:2385:12950)\n    at H2.buildEnvironmentFrom (c:\\Users\\sotoj\\.vscode\\extensions\\uqbar.wollok-lsp-ide-0.5.5\\out\\server\\src\\server.js:2430:5254)\n    at H2.updateEnvironmentWith (c:\\Users\\sotoj\\.vscode\\extensions\\uqbar.wollok-lsp-ide-0.5.5\\out\\server\\src\\server.js:2430:4989)\n    at QF (c:\\Users\\sotoj\\.vscode\\extensions\\uqbar.wollok-lsp-ide-0.5.5\\out\\server\\src\\server.js:2430:7383)\n    at V3.invoke (c:\\Users\\sotoj\\.vscode\\extensions\\uqbar.wollok-lsp-ide-0.5.5\\out\\server\\src\\server.js:3:157330)\n    at o.fire (c:\\Users\\sotoj\\.vscode\\extensions\\uqbar.wollok-lsp-ide-0.5.5\\out\\server\\src\\server.js:3:158100)\n    at c:\\Users\\sotoj\\.vscode\\extensions\\uqbar.wollok-lsp-ide-0.5.5\\out\\server\\src\\server.js:37:57871\n    at nd (c:\\Users\\sotoj\\.vscode\\extensions\\uqbar.wollok-lsp-ide-0.5.5\\out\\server\\src\\server.js:8:1561)","timestamp":"2026-09-23T14:19:54.367Z"}
{"level":"info","message":"⌛ Building environment","timeElapsed":169,"timestamp":"2026-09-23T14:19:54.669Z"}
{"level":"info","message":"⌛ Validating codigoRaton.wlk","timeElapsed":182,"timestamp":"2026-09-23T14:19:54.870Z"}
{"level":"info","message":"⌛ Building environment","timeElapsed":175,"timestamp":"2026-09-23T14:19:55.962Z"}
{"level":"info","message":"⌛ Validating codigoRaton.wlk","timeElapsed":191,"timestamp":"2026-09-23T14:19:56.155Z"}
{"level":"info","message":"⌛ Building environment","timeElapsed":150,"timestamp":"2026-09-23T14:19:56.361Z"}
{"level":"info","message":"⌛ Validating codigoRaton.wlk","timeElapsed":172,"timestamp":"2026-09-23T14:19:56.535Z"}
{"level":"info","message":"⌛ Building environment","timeElapsed":148,"timestamp":"2026-09-23T14:19:56.796Z"}
{"level":"info","message":"⌛ Validating codigoRaton.wlk","timeElapsed":185,"timestamp":"2026-09-23T14:19:56.982Z"}
{"level":"info","message":"⌛ Building environment","timeElapsed":134,"timestamp":"2026-09-23T14:19:58.109Z"}
{"level":"info","message":"⌛ Validating codigoRaton.wlk","timeElapsed":169,"timestamp":"2026-09-23T14:19:58.292Z"}
{"level":"info","message":"⌛ Building environment","timeElapsed":200,"timestamp":"2026-09-23T14:19:58.678Z"}
{"level":"info","message":"⌛ Validating codigoRaton.wlk","timeElapsed":179,"timestamp":"2026-09-23T14:19:58.874Z"}
{"level":"info","message":"⌛ Building environment","timeElapsed":188,"timestamp":"2026-09-23T14:20:00.514Z"}
{"level":"info","message":"⌛ Validating codigoRaton.wlk","timeElapsed":206,"timestamp":"2026-09-23T14:20:00.741Z"}
{"level":"info","message":"⌛ Building environment","timeElapsed":163,"timestamp":"2026-09-23T14:20:01.147Z"}
{"level":"info","message":"⌛ Validating codigoRaton.wlk","timeElapsed":227,"timestamp":"2026-09-23T14:20:01.391Z"}
{"level":"info","message":"⌛ Building environment","timeElapsed":168,"timestamp":"2026-09-23T14:20:01.560Z"}
{"level":"info","message":"⌛ Building environment","timeElapsed":565,"timestamp":"2026-09-23T14:20:02.181Z"}
{"level":"info","message":"⌛ Validating codigoRaton.wlk","timeElapsed":233,"timestamp":"2026-09-23T14:20:02.457Z"}
{"level":"info","message":"⌛ Building environment","timeElapsed":154,"timestamp":"2026-09-23T14:20:02.614Z"}
{"level":"info","message":"⌛ Building environment","timeElapsed":129,"timestamp":"2026-09-23T14:20:02.765Z"}
{"level":"info","message":"⌛ Building environment","timeElapsed":197,"timestamp":"2026-09-23T14:20:03.007Z"}
{"level":"info","message":"⌛ Building environment","timeElapsed":220,"timestamp":"2026-09-23T14:20:03.254Z"}
{"level":"info","message":"⌛ Validating codigoRaton.wlk","timeElapsed":181,"timestamp":"2026-09-23T14:20:03.453Z"}
{"level":"info","message":"⌛ Building environment","timeElapsed":139,"timestamp":"2026-09-23T14:20:03.594Z"}
{"level":"info","message":"⌛ Building environment","timeElapsed":128,"timestamp":"2026-09-23T14:20:03.740Z"}
{"level":"info","message":"⌛ Validating codigoRaton.wlk","timeElapsed":160,"timestamp":"2026-09-23T14:20:03.920Z"}
{"level":"info","message":"⌛ Validating codigoRaton.wlk","timeElapsed":231,"timestamp":"2026-09-23T14:20:04.200Z"}
{"level":"info","message":"⌛ Building environment","timeElapsed":157,"timestamp":"2026-09-23T14:20:04.380Z"}
{"level":"info","message":"⌛ Validating codigoRaton.wlk","timeElapsed":154,"timestamp":"2026-09-23T14:20:04.558Z"}
{"level":"info","message":"⌛ Building environment","timeElapsed":134,"timestamp":"2026-09-23T14:20:04.693Z"}
{"level":"info","message":"⌛ Validating codigoRaton.wlk","timeElapsed":195,"timestamp":"2026-09-23T14:20:04.903Z"}
{"level":"info","message":"⌛ Validating codigoRaton.wlk","timeElapsed":229,"timestamp":"2026-09-23T14:20:05.158Z"}
{"level":"info","message":"⌛ Validating codigoRaton.wlk","timeElapsed":168,"timestamp":"2026-09-23T14:20:05.333Z"}
{"level":"info","message":"⌛ Validating codigoRaton.wlk","timeElapsed":227,"timestamp":"2026-09-23T14:20:05.574Z"}
{"level":"info","message":"⌛ Validating codigoRaton.wlk","timeElapsed":173,"timestamp":"2026-09-23T14:20:05.755Z"}
{"level":"info","message":"⌛ Building environment","timeElapsed":163,"timestamp":"2026-09-23T14:20:05.924Z"}
{"level":"info","message":"⌛ Building environment","timeElapsed":126,"timestamp":"2026-09-23T14:20:06.063Z"}
{"level":"info","message":"⌛ Building environment","timeElapsed":142,"timestamp":"2026-09-23T14:20:06.229Z"}
{"level":"info","message":"⌛ Building environment","timeElapsed":241,"timestamp":"2026-09-23T14:20:06.494Z"}
{"level":"info","message":"⌛ Building environment","timeElapsed":172,"timestamp":"2026-09-23T14:20:06.686Z"}
{"level":"info","message":"⌛ Building environment","timeElapsed":128,"timestamp":"2026-09-23T14:20:06.833Z"}
{"level":"info","message":"⌛ Validating codigoRaton.wlk","timeElapsed":157,"timestamp":"2026-09-23T14:20:07.010Z"}
{"level":"info","message":"⌛ Validating codigoRaton.wlk","timeElapsed":151,"timestamp":"2026-09-23T14:20:07.180Z"}
{"level":"info","message":"⌛ Validating codigoRaton.wlk","timeElapsed":171,"timestamp":"2026-09-23T14:20:07.354Z"}
{"level":"info","message":"⌛ Building environment","timeElapsed":126,"timestamp":"2026-09-23T14:20:07.485Z"}
{"level":"info","message":"⌛ Validating codigoRaton.wlk","timeElapsed":189,"timestamp":"2026-09-23T14:20:07.677Z"}
{"level":"info","message":"⌛ Validating codigoRaton.wlk","timeElapsed":184,"timestamp":"2026-09-23T14:20:07.959Z"}
{"level":"info","message":"⌛ Validating codigoRaton.wlk","timeElapsed":163,"timestamp":"2026-09-23T14:20:08.126Z"}
{"level":"info","message":"⌛ Validating codigoRaton.wlk","timeElapsed":178,"timestamp":"2026-09-23T14:20:08.306Z"}
{"level":"info","message":"⌛ Building environment","timeElapsed":168,"timestamp":"2026-09-23T14:20:08.897Z"}
{"level":"info","message":"⌛ Validating codigoRaton.wlk","timeElapsed":182,"timestamp":"2026-09-23T14:20:09.095Z"}
{"level":"info","message":"⌛ Building environment","timeElapsed":451,"timestamp":"2026-09-23T14:20:09.776Z"}
{"level":"info","message":"⌛ Building environment","timeElapsed":166,"timestamp":"2026-09-23T14:20:09.963Z"}
{"level":"info","message":"⌛ Building environment","timeElapsed":173,"timestamp":"2026-09-23T14:20:10.160Z"}
{"level":"info","message":"⌛ Building environment","timeElapsed":127,"timestamp":"2026-09-23T14:20:10.313Z"}
{"level":"info","message":"⌛ Building environment","timeElapsed":158,"timestamp":"2026-09-23T14:20:10.508Z"}
{"level":"info","message":"⌛ Building environment","timeElapsed":159,"timestamp":"2026-09-23T14:20:10.687Z"}
{"level":"info","message":"⌛ Building environment","timeElapsed":234,"timestamp":"2026-09-23T14:20:10.940Z"}
{"level":"info","message":"⌛ Building environment","timeElapsed":183,"timestamp":"2026-09-23T14:20:11.149Z"}
{"level":"info","message":"⌛ Building environment","timeElapsed":400,"timestamp":"2026-09-23T14:20:11.581Z"}
{"level":"info","message":"⌛ Building environment","timeElapsed":244,"timestamp":"2026-09-23T14:20:11.852Z"}
{"level":"info","message":"⌛ Building environment","timeElapsed":165,"timestamp":"2026-09-23T14:20:12.046Z"}
{"level":"info","message":"⌛ Validating codigoRaton.wlk","timeElapsed":220,"timestamp":"2026-09-23T14:20:12.289Z"}
{"level":"info","message":"⌛ Building environment","timeElapsed":411,"timestamp":"2026-09-23T14:20:12.760Z"}
{"level":"info","message":"⌛ Validating codigoRaton.wlk","timeElapsed":185,"timestamp":"2026-09-23T14:20:12.948Z"}
{"level":"info","message":"⌛ Validating codigoRaton.wlk","timeElapsed":171,"timestamp":"2026-09-23T14:20:13.119Z"}
{"level":"info","message":"⌛ Validating codigoRaton.wlk","timeElapsed":169,"timestamp":"2026-09-23T14:20:13.296Z"}
{"level":"info","message":"⌛ Validating codigoRaton.wlk","timeElapsed":156,"timestamp":"2026-09-23T14:20:13.455Z"}
{"level":"info","message":"⌛ Validating codigoRaton.wlk","timeElapsed":155,"timestamp":"2026-09-23T14:20:13.612Z"}
{"level":"info","message":"⌛ Building environment","timeElapsed":146,"timestamp":"2026-09-23T14:20:13.759Z"}
{"level":"info","message":"⌛ Validating codigoRaton.wlk","timeElapsed":163,"timestamp":"2026-09-23T14:20:13.924Z"}
{"level":"info","message":"⌛ Building environment","timeElapsed":186,"timestamp":"2026-09-23T14:20:14.111Z"}
{"level":"info","message":"⌛ Validating codigoRaton.wlk","timeElapsed":327,"timestamp":"2026-09-23T14:20:14.439Z"}
{"level":"info","message":"⌛ Building environment","timeElapsed":224,"timestamp":"2026-09-23T14:20:14.665Z"}
{"level":"info","message":"⌛ Building environment","timeElapsed":193,"timestamp":"2026-09-23T14:20:14.896Z"}
{"level":"info","message":"⌛ Building environment","timeElapsed":802,"timestamp":"2026-09-23T14:20:15.727Z"}
{"level":"info","message":"⌛ Validating codigoRaton.wlk","timeElapsed":196,"timestamp":"2026-09-23T14:20:15.950Z"}
{"level":"info","message":"⌛ Building environment","timeElapsed":184,"timestamp":"2026-09-23T14:20:16.141Z"}
{"level":"info","message":"⌛ Building environment","timeElapsed":146,"timestamp":"2026-09-23T14:20:16.291Z"}
{"level":"info","message":"⌛ Validating codigoRaton.wlk","timeElapsed":269,"timestamp":"2026-09-23T14:20:16.560Z"}
{"level":"info","message":"⌛ Validating codigoRaton.wlk","timeElapsed":149,"timestamp":"2026-09-23T14:20:16.730Z"}
{"level":"info","message":"⌛ Building environment","timeElapsed":140,"timestamp":"2026-09-23T14:20:16.876Z"}
{"level":"info","message":"⌛ Validating codigoRaton.wlk","timeElapsed":325,"timestamp":"2026-09-23T14:20:17.235Z"}
{"level":"info","message":"⌛ Validating codigoRaton.wlk","timeElapsed":205,"timestamp":"2026-09-23T14:20:17.446Z"}
{"level":"info","message":"⌛ Building environment","timeElapsed":144,"timestamp":"2026-09-23T14:20:17.596Z"}
{"level":"info","message":"⌛ Validating codigoRaton.wlk","timeElapsed":238,"timestamp":"2026-09-23T14:20:17.836Z"}
{"level":"info","message":"⌛ Building environment","timeElapsed":621,"timestamp":"2026-09-23T14:20:18.458Z"}
{"level":"info","message":"⌛ Building environment","timeElapsed":194,"timestamp":"2026-09-23T14:20:18.655Z"}
{"level":"info","message":"⌛ Building environment","timeElapsed":175,"timestamp":"2026-09-23T14:20:18.854Z"}
{"level":"info","message":"⌛ Building environment","timeElapsed":190,"timestamp":"2026-09-23T14:20:19.069Z"}
{"level":"info","message":"⌛ Building environment","timeElapsed":202,"timestamp":"2026-09-23T14:20:19.307Z"}
{"level":"info","message":"⌛ Building environment","timeElapsed":473,"timestamp":"2026-09-23T14:20:19.855Z"}
{"level":"info","message":"⌛ Validating codigoRaton.wlk","timeElapsed":194,"timestamp":"2026-09-23T14:20:20.050Z"}
{"level":"info","message":"⌛ Validating codigoRaton.wlk","timeElapsed":227,"timestamp":"2026-09-23T14:20:20.280Z"}
{"level":"info","message":"⌛ Building environment","timeElapsed":356,"timestamp":"2026-09-23T14:20:20.650Z"}
{"level":"info","message":"⌛ Building environment","timeElapsed":303,"timestamp":"2026-09-23T14:20:20.954Z"}
{"level":"info","message":"⌛ Building environment","timeElapsed":269,"timestamp":"2026-09-23T14:20:21.230Z"}
{"level":"info","message":"⌛ Building environment","timeElapsed":279,"timestamp":"2026-09-23T14:20:21.587Z"}
{"level":"info","message":"⌛ Validating codigoRaton.wlk","timeElapsed":248,"timestamp":"2026-09-23T14:20:21.910Z"}
{"level":"info","message":"⌛ Building environment","timeElapsed":267,"timestamp":"2026-09-23T14:20:22.191Z"}
{"level":"info","message":"⌛ Validating codigoRaton.wlk","timeElapsed":466,"timestamp":"2026-09-23T14:20:22.682Z"}
{"level":"info","message":"⌛ Validating codigoRaton.wlk","timeElapsed":340,"timestamp":"2026-09-23T14:20:23.026Z"}
{"level":"info","message":"⌛ Building environment","timeElapsed":240,"timestamp":"2026-09-23T14:20:23.279Z"}
{"level":"info","message":"⌛ Building environment","timeElapsed":141,"timestamp":"2026-09-23T14:20:23.458Z"}
{"level":"info","message":"⌛ Validating codigoRaton.wlk","timeElapsed":199,"timestamp":"2026-09-23T14:20:23.692Z"}
{"level":"info","message":"⌛ Building environment","timeElapsed":145,"timestamp":"2026-09-23T14:20:23.839Z"}
{"level":"info","message":"⌛ Building environment","timeElapsed":135,"timestamp":"2026-09-23T14:20:23.995Z"}
{"level":"info","message":"⌛ Building environment","timeElapsed":171,"timestamp":"2026-09-23T14:20:24.196Z"}
{"level":"info","message":"⌛ Validating codigoRaton.wlk","timeElapsed":172,"timestamp":"2026-09-23T14:20:24.393Z"}
{"level":"info","message":"⌛ Building environment","timeElapsed":157,"timestamp":"2026-09-23T14:20:24.556Z"}
{"level":"info","message":"⌛ Building environment","timeElapsed":1080,"timestamp":"2026-09-23T14:20:25.693Z"}
{"level":"info","message":"⌛ Building environment","timeElapsed":142,"timestamp":"2026-09-23T14:20:25.858Z"}
{"level":"info","message":"⌛ Validating codigoRaton.wlk","timeElapsed":154,"timestamp":"2026-09-23T14:20:26.040Z"}
{"level":"info","message":"⌛ Building environment","timeElapsed":193,"timestamp":"2026-09-23T14:20:26.258Z"}
{"level":"info","message":"⌛ Validating codigoRaton.wlk","timeElapsed":276,"timestamp":"2026-09-23T14:20:26.560Z"}
{"level":"info","message":"⌛ Building environment","timeElapsed":133,"timestamp":"2026-09-23T14:20:26.695Z"}
{"level":"info","message":"⌛ Validating codigoRaton.wlk","timeElapsed":175,"timestamp":"2026-09-23T14:20:26.891Z"}
{"level":"info","message":"⌛ Building environment","timeElapsed":136,"timestamp":"2026-09-23T14:20:27.035Z"}
{"level":"info","message":"⌛ Validating codigoRaton.wlk","timeElapsed":181,"timestamp":"2026-09-23T14:20:27.217Z"}
{"level":"info","message":"⌛ Building environment","timeElapsed":879,"timestamp":"2026-09-23T14:20:28.134Z"}
{"level":"info","message":"⌛ Building environment","timeElapsed":220,"timestamp":"2026-09-23T14:20:28.355Z"}
{"level":"info","message":"⌛ Validating codigoRaton.wlk","timeElapsed":226,"timestamp":"2026-09-23T14:20:28.584Z"}
{"level":"info","message":"⌛ Validating codigoRaton.wlk","timeElapsed":208,"timestamp":"2026-09-23T14:20:28.812Z"}
{"level":"info","message":"⌛ Building environment","timeElapsed":147,"timestamp":"2026-09-23T14:20:28.962Z"}
{"level":"info","message":"⌛ Building environment","timeElapsed":141,"timestamp":"2026-09-23T14:20:29.106Z"}
{"level":"info","message":"⌛ Building environment","timeElapsed":123,"timestamp":"2026-09-23T14:20:29.233Z"}
{"level":"info","message":"⌛ Validating codigoRaton.wlk","timeElapsed":166,"timestamp":"2026-09-23T14:20:29.422Z"}
{"level":"info","message":"⌛ Building environment","timeElapsed":137,"timestamp":"2026-09-23T14:20:29.573Z"}
{"level":"info","message":"⌛ Building environment","timeElapsed":477,"timestamp":"2026-09-23T14:20:30.064Z"}
{"level":"info","message":"⌛ Validating codigoRaton.wlk","timeElapsed":180,"timestamp":"2026-09-23T14:20:30.264Z"}
{"level":"info","message":"⌛ Building environment","timeElapsed":185,"timestamp":"2026-09-23T14:20:30.452Z"}
{"level":"info","message":"⌛ Validating codigoRaton.wlk","timeElapsed":234,"timestamp":"2026-09-23T14:20:30.701Z"}
{"level":"info","message":"⌛ Building environment","timeElapsed":188,"timestamp":"2026-09-23T14:20:30.891Z"}
{"level":"info","message":"⌛ Building environment","timeElapsed":136,"timestamp":"2026-09-23T14:20:31.050Z"}
{"level":"info","message":"⌛ Validating codigoRaton.wlk","timeElapsed":182,"timestamp":"2026-09-23T14:20:31.268Z"}
{"level":"info","message":"⌛ Building environment","timeElapsed":147,"timestamp":"2026-09-23T14:20:31.421Z"}
{"level":"info","message":"⌛ Validating codigoRaton.wlk","timeElapsed":159,"timestamp":"2026-09-23T14:20:31.598Z"}
{"level":"info","message":"⌛ Building environment","timeElapsed":152,"timestamp":"2026-09-23T14:20:31.757Z"}
{"level":"info","message":"⌛ Building environment","timeElapsed":166,"timestamp":"2026-09-23T14:20:31.926Z"}
{"level":"info","message":"⌛ Building environment","timeElapsed":154,"timestamp":"2026-09-23T14:20:32.084Z"}
{"level":"info","message":"⌛ Building environment","timeElapsed":194,"timestamp":"2026-09-23T14:20:32.280Z"}
{"level":"info","message":"⌛ Building environment","timeElapsed":200,"timestamp":"2026-09-23T14:20:32.484Z"}
{"level":"info","message":"⌛ Building environment","timeElapsed":199,"timestamp":"2026-09-23T14:20:32.684Z"}
{"level":"info","message":"⌛ Building environment","timeElapsed":146,"timestamp":"2026-09-23T14:20:32.830Z"}
{"level":"info","message":"⌛ Validating codigoRaton.wlk","timeElapsed":163,"timestamp":"2026-09-23T14:20:32.995Z"}
{"level":"info","message":"⌛ Validating codigoRaton.wlk","timeElapsed":156,"timestamp":"2026-09-23T14:20:33.152Z"}
{"level":"info","message":"⌛ Building environment","timeElapsed":137,"timestamp":"2026-09-23T14:20:33.309Z"}
{"level":"info","message":"⌛ Validating codigoRaton.wlk","timeElapsed":218,"timestamp":"2026-09-23T14:20:33.554Z"}
{"level":"info","message":"⌛ Validating codigoRaton.wlk","timeElapsed":192,"timestamp":"2026-09-23T14:20:33.774Z"}
{"level":"info","message":"⌛ Building environment","timeElapsed":176,"timestamp":"2026-09-23T14:20:33.951Z"}
{"level":"info","message":"⌛ Validating codigoRaton.wlk","timeElapsed":232,"timestamp":"2026-09-23T14:20:34.197Z"}
{"level":"info","message":"⌛ Validating codigoRaton.wlk","timeElapsed":154,"timestamp":"2026-09-23T14:20:34.373Z"}
{"level":"info","message":"⌛ Building environment","timeElapsed":516,"timestamp":"2026-09-23T14:20:34.892Z"}
{"level":"info","message":"⌛ Building environment","timeElapsed":150,"timestamp":"2026-09-23T14:20:35.066Z"}
{"level":"info","message":"⌛ Building environment","timeElapsed":1356,"timestamp":"2026-09-23T14:20:36.491Z"}
{"level":"info","message":"⌛ Building environment","timeElapsed":168,"timestamp":"2026-09-23T14:20:36.668Z"}
{"level":"info","message":"⌛ Building environment","timeElapsed":179,"timestamp":"2026-09-23T14:20:36.850Z"}
{"level":"info","message":"⌛ Building environment","timeElapsed":226,"timestamp":"2026-09-23T14:20:37.078Z"}
{"level":"info","message":"⌛ Building environment","timeElapsed":201,"timestamp":"2026-09-23T14:20:37.288Z"}
{"level":"info","message":"⌛ Validating codigoRaton.wlk","timeElapsed":259,"timestamp":"2026-09-23T14:20:37.550Z"}
{"level":"info","message":"⌛ Validating codigoRaton.wlk","timeElapsed":177,"timestamp":"2026-09-23T14:20:37.750Z"}
{"level":"info","message":"⌛ Building environment","timeElapsed":181,"timestamp":"2026-09-23T14:20:37.938Z"}
{"level":"info","message":"⌛ Validating codigoRaton.wlk","timeElapsed":196,"timestamp":"2026-09-23T14:20:38.207Z"}
{"level":"info","message":"⌛ Building environment","timeElapsed":563,"timestamp":"2026-09-23T14:20:38.773Z"}
{"level":"info","message":"⌛ Building environment","timeElapsed":172,"timestamp":"2026-09-23T14:20:38.996Z"}
{"level":"info","message":"⌛ Validating codigoRaton.wlk","timeElapsed":164,"timestamp":"2026-09-23T14:20:39.233Z"}
{"level":"info","message":"⌛ Validating codigoRaton.wlk","timeElapsed":171,"timestamp":"2026-09-23T14:20:39.421Z"}
{"level":"info","message":"⌛ Validating codigoRaton.wlk","timeElapsed":166,"timestamp":"2026-09-23T14:20:39.607Z"}
{"level":"info","message":"⌛ Validating codigoRaton.wlk","timeElapsed":154,"timestamp":"2026-09-23T14:20:39.764Z"}
{"level":"info","message":"⌛ Validating codigoRaton.wlk","timeElapsed":162,"timestamp":"2026-09-23T14:20:39.930Z"}
{"level":"info","message":"⌛ Validating codigoRaton.wlk","timeElapsed":155,"timestamp":"2026-09-23T14:20:40.098Z"}
{"level":"info","message":"⌛ Validating codigoRaton.wlk","timeElapsed":157,"timestamp":"2026-09-23T14:20:40.259Z"}
{"level":"info","message":"⌛ Validating codigoRaton.wlk","timeElapsed":157,"timestamp":"2026-09-23T14:20:40.417Z"}
{"level":"info","message":"⌛ Validating codigoRaton.wlk","timeElapsed":149,"timestamp":"2026-09-23T14:20:40.580Z"}
{"level":"info","message":"⌛ Validating codigoRaton.wlk","timeElapsed":159,"timestamp":"2026-09-23T14:20:40.740Z"}
{"level":"info","message":"⌛ Validating codigoRaton.wlk","timeElapsed":168,"timestamp":"2026-09-23T14:20:40.954Z"}
{"level":"info","message":"⌛ Validating codigoRaton.wlk","timeElapsed":178,"timestamp":"2026-09-23T14:20:41.143Z"}
{"level":"info","message":"⌛ Validating codigoRaton.wlk","timeElapsed":187,"timestamp":"2026-09-23T14:20:41.378Z"}
{"level":"info","message":"⌛ Validating codigoRaton.wlk","timeElapsed":165,"timestamp":"2026-09-23T14:20:41.557Z"}
{"level":"info","message":"⌛ Validating codigoRaton.wlk","timeElapsed":205,"timestamp":"2026-09-23T14:20:41.765Z"}
{"level":"info","message":"⌛ Validating codigoRaton.wlk","timeElapsed":150,"timestamp":"2026-09-23T14:20:41.929Z"}
{"level":"info","message":"⌛ Building environment","timeElapsed":130,"timestamp":"2026-09-23T14:20:42.059Z"}
{"level":"info","message":"⌛ Validating codigoRaton.wlk","timeElapsed":241,"timestamp":"2026-09-23T14:20:42.316Z"}
{"level":"info","message":"⌛ Validating codigoRaton.wlk","timeElapsed":280,"timestamp":"2026-09-23T14:20:42.624Z"}
{"level":"info","message":"⌛ Validating codigoRaton.wlk","timeElapsed":175,"timestamp":"2026-09-23T14:20:42.807Z"}
{"level":"info","message":"⌛ Validating codigoRaton.wlk","timeElapsed":154,"timestamp":"2026-09-23T14:20:42.965Z"}
{"level":"info","message":"⌛ Validating codigoRaton.wlk","timeElapsed":167,"timestamp":"2026-09-23T14:20:43.138Z"}
{"level":"info","message":"⌛ Validating codigoRaton.wlk","timeElapsed":161,"timestamp":"2026-09-23T14:20:43.316Z"}
{"level":"info","message":"⌛ Validating codigoRaton.wlk","timeElapsed":161,"timestamp":"2026-09-23T14:20:43.495Z"}
{"level":"info","message":"⌛ Validating codigoRaton.wlk","timeElapsed":170,"timestamp":"2026-09-23T14:20:43.672Z"}
{"level":"info","message":"⌛ Validating codigoRaton.wlk","timeElapsed":192,"timestamp":"2026-09-23T14:20:43.881Z"}
{"level":"info","message":"⌛ Validating codigoRaton.wlk","timeElapsed":328,"timestamp":"2026-09-23T14:20:44.219Z"}
{"level":"info","message":"⌛ Validating codigoRaton.wlk","timeElapsed":180,"timestamp":"2026-09-23T14:20:44.403Z"}
{"level":"info","message":"⌛ Validating codigoRaton.wlk","timeElapsed":177,"timestamp":"2026-09-23T14:20:44.584Z"}
{"level":"info","message":"⌛ Validating codigoRaton.wlk","timeElapsed":216,"timestamp":"2026-09-23T14:20:44.808Z"}
{"level":"info","message":"⌛ Validating codigoRaton.wlk","timeElapsed":159,"timestamp":"2026-09-23T14:20:44.974Z"}
{"level":"info","message":"⌛ Validating codigoRaton.wlk","timeElapsed":156,"timestamp":"2026-09-23T14:20:45.177Z"}
{"level":"info","message":"⌛ Validating codigoRaton.wlk","timeElapsed":580,"timestamp":"2026-09-23T14:20:45.758Z"}
{"level":"info","message":"⌛ Validating codigoRaton.wlk","timeElapsed":242,"timestamp":"2026-09-23T14:20:46.015Z"}
